# OBJ generated by ONSHAPE BY PTC INC, 1.221 Units = meters
mtllib bins.mtl
g Part 1
v 0.6858 -0.34544 0.739775 
v 0.6858 -0.34544 0.460375 
v 0.6858 -0.01016 0.460375 
v 0.6858 -0.01016 0.739775 
v 0.35052 -0.01016 0.460375 
v 0.35052 -0.01016 0.739775 
v 0.35052 -0.34544 0.460375 
v 0.35052 -0.34544 0.739775 
v 0.35306 -0.0127 0.739775 
v 0.35306 -0.3429 0.739775 
v 0.68326 -0.3429 0.739775 
v 0.68326 -0.0127 0.739775 
v 0.68326 -0.0127 0.462915 
v 0.68326 -0.3429 0.462915 
v 0.35306 -0.0127 0.462915 
v 0.35306 -0.3429 0.462915 
vn 1 -5.856e-23 1.69869e-23 
vn -5.856e-23 1 1.38778e-17 
vn -1 5.856e-23 -1.69869e-23 
vn 5.856e-23 -1 -1.38778e-17 
vn -1.69869e-23 -1.38778e-17 -1 
vn 1.69869e-23 1.38778e-17 1 
vn -1 5.856e-23 -1.69869e-23 
vn 5.856e-23 -1 -1.38778e-17 
vn 1 -5.856e-23 1.69869e-23 
vn -5.856e-23 1 1.38778e-17 
vn 1.69869e-23 1.38778e-17 1 
usemtl 0.615686_0.811765_0.929412_0.000000_0.000000
o mesh0
f 1//1 2//1 3//1 
f 3//1 4//1 1//1 
o mesh1
f 4//2 3//2 5//2 
f 5//2 6//2 4//2 
o mesh2
f 6//3 5//3 7//3 
f 7//3 8//3 6//3 
o mesh3
f 8//4 7//4 2//4 
f 2//4 1//4 8//4 
o mesh4
f 5//5 3//5 2//5 
f 2//5 7//5 5//5 
o mesh5
f 4//6 6//6 9//6 
f 6//6 8//6 10//6 
f 10//6 9//6 6//6 
f 8//6 1//6 11//6 
f 11//6 10//6 8//6 
f 1//6 4//6 12//6 
f 12//6 11//6 1//6 
f 9//6 12//6 4//6 
o mesh6
f 12//7 13//7 14//7 
f 14//7 11//7 12//7 
o mesh7
f 9//8 15//8 13//8 
f 13//8 12//8 9//8 
o mesh8
f 10//9 16//9 15//9 
f 15//9 9//9 10//9 
o mesh9
f 11//10 14//10 16//10 
f 16//10 10//10 11//10 
o mesh10
f 16//11 14//11 13//11 
f 13//11 15//11 16//11 
g Part 1
v 0.25908 -0.54864 0.815975 
v 0.25908 -0.54864 0.536575 
v 0.25908 -0.21336 0.536575 
v 0.25908 -0.21336 0.815975 
v -0.0762 -0.21336 0.536575 
v -0.0762 -0.21336 0.815975 
v -0.0762 -0.54864 0.536575 
v -0.0762 -0.54864 0.815975 
v -0.07366 -0.2159 0.815975 
v -0.07366 -0.5461 0.815975 
v 0.25654 -0.5461 0.815975 
v 0.25654 -0.2159 0.815975 
v 0.25654 -0.2159 0.539115 
v 0.25654 -0.5461 0.539115 
v -0.07366 -0.2159 0.539115 
v -0.07366 -0.5461 0.539115 
vn 1 0 0 
vn 0 1 0 
vn -1 0 0 
vn 0 -1 0 
vn 0 0 -1 
vn 0 0 1 
vn -1 0 0 
vn 0 -1 0 
vn 1 0 0 
vn 0 1 0 
vn 0 0 1 
o mesh0
f 17//12 18//12 19//12 
f 19//12 20//12 17//12 
o mesh1
f 20//13 19//13 21//13 
f 21//13 22//13 20//13 
o mesh2
f 22//14 21//14 23//14 
f 23//14 24//14 22//14 
o mesh3
f 24//15 23//15 18//15 
f 18//15 17//15 24//15 
o mesh4
f 21//16 19//16 18//16 
f 18//16 23//16 21//16 
o mesh5
f 20//17 22//17 25//17 
f 22//17 24//17 26//17 
f 26//17 25//17 22//17 
f 24//17 17//17 27//17 
f 27//17 26//17 24//17 
f 17//17 20//17 28//17 
f 28//17 27//17 17//17 
f 25//17 28//17 20//17 
o mesh6
f 28//18 29//18 30//18 
f 30//18 27//18 28//18 
o mesh7
f 25//19 31//19 29//19 
f 29//19 28//19 25//19 
o mesh8
f 26//20 32//20 31//20 
f 31//20 25//20 26//20 
o mesh9
f 27//21 30//21 32//21 
f 32//21 26//21 27//21 
o mesh10
f 32//22 30//22 29//22 
f 29//22 31//22 32//22 
g Part 1
v 0.25908 0.18796 0.623711 
v 0.25908 0.18796 0.344311 
v 0.25908 0.52324 0.344311 
v 0.25908 0.52324 0.623711 
v -0.0762 0.52324 0.344311 
v -0.0762 0.52324 0.623711 
v -0.0762 0.18796 0.344311 
v -0.0762 0.18796 0.623711 
v -0.07366 0.5207 0.623711 
v -0.07366 0.1905 0.623711 
v 0.25654 0.1905 0.623711 
v 0.25654 0.5207 0.623711 
v 0.25654 0.5207 0.346851 
v 0.25654 0.1905 0.346851 
v -0.07366 0.5207 0.346851 
v -0.07366 0.1905 0.346851 
vn 1 5.90732e-27 1.41982e-27 
vn -3.03705e-22 1 -2.77556e-17 
vn -1 -5.90732e-27 -1.41982e-27 
vn 3.03705e-22 -1 2.77556e-17 
vn -1.73567e-22 1.8735e-16 -1 
vn 1.73567e-22 -1.8735e-16 1 
vn -1 -5.90732e-27 -1.41982e-27 
vn 3.03705e-22 -1 2.77556e-17 
vn 1 5.90732e-27 1.41982e-27 
vn -3.03705e-22 1 -2.77556e-17 
vn 1.73567e-22 -1.8735e-16 1 
o mesh0
f 33//23 34//23 35//23 
f 35//23 36//23 33//23 
o mesh1
f 36//24 35//24 37//24 
f 37//24 38//24 36//24 
o mesh2
f 38//25 37//25 39//25 
f 39//25 40//25 38//25 
o mesh3
f 40//26 39//26 34//26 
f 34//26 33//26 40//26 
o mesh4
f 37//27 35//27 34//27 
f 34//27 39//27 37//27 
o mesh5
f 36//28 38//28 41//28 
f 38//28 40//28 42//28 
f 42//28 41//28 38//28 
f 40//28 33//28 43//28 
f 43//28 42//28 40//28 
f 33//28 36//28 44//28 
f 44//28 43//28 33//28 
f 41//28 44//28 36//28 
o mesh6
f 44//29 45//29 46//29 
f 46//29 43//29 44//29 
o mesh7
f 41//30 47//30 45//30 
f 45//30 44//30 41//30 
o mesh8
f 42//31 48//31 47//31 
f 47//31 41//31 42//31 
o mesh9
f 43//32 46//32 48//32 
f 48//32 42//32 43//32 
o mesh10
f 48//33 46//33 45//33 
f 45//33 47//33 48//33 
g Part 1
v 0.6858 0.44196 0.588433 
v 0.6858 0.44196 0.309033 
v 0.6858 0.77724 0.309033 
v 0.6858 0.77724 0.588433 
v 0.35052 0.77724 0.309033 
v 0.35052 0.77724 0.588433 
v 0.35052 0.44196 0.309033 
v 0.35052 0.44196 0.588433 
v 0.35306 0.7747 0.588433 
v 0.35306 0.4445 0.588433 
v 0.68326 0.4445 0.588433 
v 0.68326 0.7747 0.588433 
v 0.68326 0.7747 0.311573 
v 0.68326 0.4445 0.311573 
v 0.35306 0.7747 0.311573 
v 0.35306 0.4445 0.311573 
vn 1 -3.88578e-16 8.27069e-23 
vn 3.88578e-16 1 -4.4914e-33 
vn -1 3.88578e-16 -8.27069e-23 
vn -3.88578e-16 -1 4.4914e-33 
vn -8.27069e-23 4.62223e-33 -1 
vn 8.27069e-23 -4.62223e-33 1 
vn -1 3.88578e-16 -8.27069e-23 
vn -3.88578e-16 -1 4.4914e-33 
vn 1 -3.88578e-16 8.27069e-23 
vn 3.88578e-16 1 -4.4914e-33 
vn 8.27069e-23 -4.62223e-33 1 
o mesh0
f 49//34 50//34 51//34 
f 51//34 52//34 49//34 
o mesh1
f 52//35 51//35 53//35 
f 53//35 54//35 52//35 
o mesh2
f 54//36 53//36 55//36 
f 55//36 56//36 54//36 
o mesh3
f 56//37 55//37 50//37 
f 50//37 49//37 56//37 
o mesh4
f 53//38 51//38 50//38 
f 50//38 55//38 53//38 
o mesh5
f 52//39 54//39 57//39 
f 54//39 56//39 58//39 
f 58//39 57//39 54//39 
f 56//39 49//39 59//39 
f 59//39 58//39 56//39 
f 49//39 52//39 60//39 
f 60//39 59//39 49//39 
f 57//39 60//39 52//39 
o mesh6
f 60//40 61//40 62//40 
f 62//40 59//40 60//40 
o mesh7
f 57//41 63//41 61//41 
f 61//41 60//41 57//41 
o mesh8
f 58//42 64//42 63//42 
f 63//42 57//42 58//42 
o mesh9
f 59//43 62//43 64//43 
f 64//43 58//43 59//43 
o mesh10
f 64//44 62//44 61//44 
f 61//44 63//44 64//44 
g Part 1
v 0.6096 -0.622281 -0.000687564 
v 0.6096 -0.622133 -0.00205463 
v 0.6096 -0.621837 -0.00339761 
v 0.6096 -0.621398 -0.00470075 
v 0.6096 -0.620821 -0.00594879 
v 0.6096 -0.620112 -0.00712708 
v 0.6096 -0.619279 -0.00822181 
v 0.6096 -0.618334 -0.00922014 
v 0.6096 -0.617286 -0.0101104 
v 0.6096 -0.616148 -0.0108821 
v 0.6096 -0.614933 -0.0115262 
v 0.6096 -0.613655 -0.0120352 
v 0.6096 -0.61233 -0.0124031 
v 0.6096 -0.610973 -0.0126256 
v 0.6096 -0.6096 -0.0127 
v 0.6096 -0.608227 -0.0126256 
v 0.6096 -0.60687 -0.0124031 
v 0.6096 -0.605545 -0.0120352 
v 0.6096 -0.604267 -0.0115262 
v 0.6096 -0.603052 -0.0108821 
v 0.6096 -0.601914 -0.0101104 
v 0.6096 -0.600866 -0.00922014 
v 0.6096 -0.599921 -0.00822181 
v 0.6096 -0.599088 -0.00712708 
v 0.6096 -0.598379 -0.00594879 
v 0.6096 -0.597802 -0.00470075 
v 0.6096 -0.597363 -0.00339761 
v 0.6096 -0.597067 -0.00205463 
v 0.6096 -0.596919 -0.000687564 
v 0.6096 -0.596919 0.000687564 
v 0.6096 -0.597067 0.00205463 
v 0.6096 -0.597363 0.00339761 
v 0.6096 -0.597802 0.00470075 
v 0.6096 -0.598379 0.00594879 
v 0.6096 -0.599088 0.00712708 
v 0.6096 -0.599921 0.00822181 
v 0.6096 -0.600866 0.00922014 
v 0.6096 -0.601914 0.0101104 
v 0.6096 -0.603052 0.0108821 
v 0.6096 -0.604267 0.0115262 
v 0.6096 -0.605545 0.0120352 
v 0.6096 -0.60687 0.0124031 
v 0.6096 -0.608227 0.0126256 
v 0.6096 -0.6096 0.0127 
v 0.6096 -0.610973 0.0126256 
v 0.6096 -0.61233 0.0124031 
v 0.6096 -0.613655 0.0120352 
v 0.6096 -0.614933 0.0115262 
v 0.6096 -0.616148 0.0108821 
v 0.6096 -0.617286 0.0101104 
v 0.6096 -0.618334 0.00922014 
v 0.6096 -0.619279 0.00822181 
v 0.6096 -0.620112 0.00712708 
v 0.6096 -0.620821 0.00594879 
v 0.6096 -0.621398 0.00470075 
v 0.6096 -0.621837 0.00339761 
v 0.6096 -0.622133 0.00205463 
v 0.6096 -0.622281 0.000687564 
v 0.6096 -0.6223 -1.79751e-17 
v 0.6096 -0.6096 -1.85765e-17 
v 0 -0.622281 -0.000687564 
v 0 -0.622133 -0.00205463 
v 0 -0.621837 -0.00339761 
v 0 -0.621398 -0.00470075 
v 0 -0.620821 -0.00594879 
v 0 -0.620112 -0.00712708 
v 0 -0.619279 -0.00822181 
v 0 -0.618334 -0.00922014 
v 0 -0.617286 -0.0101104 
v 0 -0.616148 -0.0108821 
v 0 -0.614933 -0.0115262 
v 0 -0.613655 -0.0120352 
v 0 -0.61233 -0.0124031 
v 0 -0.610973 -0.0126256 
v 0 -0.6096 -0.0127 
v 0 -0.608227 -0.0126256 
v 0 -0.60687 -0.0124031 
v 0 -0.605545 -0.0120352 
v 0 -0.604267 -0.0115262 
v 0 -0.603052 -0.0108821 
v 0 -0.601914 -0.0101104 
v 0 -0.600866 -0.00922014 
v 0 -0.599921 -0.00822181 
v 0 -0.599088 -0.00712708 
v 0 -0.598379 -0.00594879 
v 0 -0.597802 -0.00470075 
v 0 -0.597363 -0.00339761 
v 0 -0.597067 -0.00205463 
v 0 -0.596919 -0.000687564 
v 0.305488 -0.596919 0.000687564 
v 0.306171 -0.596993 0.0013711 
v 0.306855 -0.597067 0.00205463 
v 0.307526 -0.597215 0.00272612 
v 0.308198 -0.597363 0.00339761 
v 0.308849 -0.597582 0.00404918 
v 0.309501 -0.597802 0.00470075 
v 0.310125 -0.598091 0.00532477 
v 0.310749 -0.598379 0.00594879 
v 0.311338 -0.598734 0.00653793 
v 0.311927 -0.599088 0.00712708 
v 0.312474 -0.599504 0.00767444 
v 0.313022 -0.599921 0.00822181 
v 0.313521 -0.600393 0.00872097 
v 0.31402 -0.600866 0.00922014 
v 0.314465 -0.60139 0.00966526 
v 0.31491 -0.601914 0.0101104 
v 0.315312 -0.602473 0.0105117 
v 0.315682 -0.603052 0.0108821 
v 0.316021 -0.603651 0.0112206 
v 0.316326 -0.604267 0.0115262 
v 0.316598 -0.604899 0.011798 
v 0.316835 -0.605545 0.0120352 
v 0.317037 -0.606202 0.0122371 
v 0.317203 -0.60687 0.0124031 
v 0.317333 -0.607545 0.0125327 
v 0.317426 -0.608227 0.0126256 
v 0.317481 -0.608912 0.0126814 
v 0.3175 -0.6096 0.0127 
v 0.317481 -0.610288 0.0126814 
v 0.317426 -0.610973 0.0126256 
v 0.317333 -0.611655 0.0125327 
v 0.317203 -0.61233 0.0124031 
v 0.317037 -0.612998 0.0122371 
v 0.316835 -0.613655 0.0120352 
v 0.316598 -0.614301 0.011798 
v 0.316326 -0.614933 0.0115262 
v 0.316021 -0.615549 0.0112206 
v 0.315682 -0.616148 0.0108821 
v 0.315312 -0.616727 0.0105117 
v 0.31491 -0.617286 0.0101104 
v 0.314479 -0.617822 0.00967946 
v 0.314007 -0.618321 0.00920662 
v 0.313534 -0.61882 0.00873378 
v 0.31301 -0.619265 0.00820975 
v 0.312486 -0.61971 0.00768571 
v 0.311917 -0.620096 0.00711662 
v 0.311348 -0.620482 0.00654753 
v 0.31074 -0.620804 0.00594006 
v 0.310133 -0.621126 0.00533259 
v 0.309494 -0.621381 0.00469386 
v 0.308855 -0.621635 0.00405513 
v 0.308193 -0.621819 0.00339263 
v 0.30753 -0.622003 0.00273012 
v 0.306852 -0.622114 0.00205162 
v 0.306173 -0.622226 0.00137311 
v 0.3048 -0.6223 -8.63615e-18 
v 0 -0.622281 0.000687564 
v 0 -0.6223 -1.48645e-17 
v 0.305487 -0.622263 0.000686556 
v 0.304112 -0.622281 0.000687564 
v 0.303429 -0.622207 0.0013711 
v 0 -0.622133 0.00205463 
v 0.302745 -0.622133 0.00205463 
v 0.302074 -0.621985 0.00272612 
v 0 -0.621837 0.00339761 
v 0.301402 -0.621837 0.00339761 
v 0.300751 -0.621618 0.00404918 
v 0 -0.621398 0.00470075 
v 0.300099 -0.621398 0.00470075 
v 0.299475 -0.621109 0.00532477 
v 0 -0.620821 0.00594879 
v 0.298851 -0.620821 0.00594879 
v 0.298262 -0.620466 0.00653793 
v 0 -0.620112 0.00712708 
v 0.297673 -0.620112 0.00712708 
v 0.297126 -0.619696 0.00767444 
v 0 -0.619279 0.00822181 
v 0.296578 -0.619279 0.00822181 
v 0.296079 -0.618807 0.00872097 
v 0 -0.618334 0.00922014 
v 0.29558 -0.618334 0.00922014 
v 0.295135 -0.61781 0.00966526 
v 0 -0.617286 0.0101104 
v 0.29469 -0.617286 0.0101104 
v 0.294288 -0.616727 0.0105117 
v 0 -0.616148 0.0108821 
v 0.293918 -0.616148 0.0108821 
v 0.293579 -0.615549 0.0112206 
v 0 -0.614933 0.0115262 
v 0.293274 -0.614933 0.0115262 
v 0.293002 -0.614301 0.011798 
v 0 -0.613655 0.0120352 
v 0.292765 -0.613655 0.0120352 
v 0.292563 -0.612998 0.0122371 
v 0 -0.61233 0.0124031 
v 0.292397 -0.61233 0.0124031 
v 0.292267 -0.611655 0.0125327 
v 0 -0.610973 0.0126256 
v 0.292174 -0.610973 0.0126256 
v 0.292119 -0.610288 0.0126814 
v 0 -0.6096 0.0127 
v 0 -0.608227 0.0126256 
v 0.2921 -0.6096 0.0127 
v 0.292119 -0.608912 0.0126814 
v 0 -0.60687 0.0124031 
v 0.292174 -0.608227 0.0126256 
v 0.292267 -0.607545 0.0125327 
v 0 -0.605545 0.0120352 
v 0.292397 -0.60687 0.0124031 
v 0.292563 -0.606202 0.0122371 
v 0 -0.604267 0.0115262 
v 0.292765 -0.605545 0.0120352 
v 0.293002 -0.604899 0.011798 
v 0 -0.603052 0.0108821 
v 0.293274 -0.604267 0.0115262 
v 0.293579 -0.603651 0.0112206 
v 0 -0.601914 0.0101104 
v 0.293918 -0.603052 0.0108821 
v 0.294288 -0.602473 0.0105117 
v 0 -0.600866 0.00922014 
v 0.29469 -0.601914 0.0101104 
v 0.295121 -0.601378 0.00967946 
v 0 -0.599921 0.00822181 
v 0.295593 -0.600879 0.00920662 
v 0.296066 -0.60038 0.00873378 
v 0 -0.599088 0.00712708 
v 0.29659 -0.599935 0.00820975 
v 0.297114 -0.59949 0.00768571 
v 0 -0.598379 0.00594879 
v 0.297683 -0.599104 0.00711662 
v 0.298252 -0.598718 0.00654753 
v 0 -0.597802 0.00470075 
v 0.29886 -0.598396 0.00594006 
v 0.299467 -0.598074 0.00533259 
v 0 -0.597363 0.00339761 
v 0.300106 -0.597819 0.00469386 
v 0.300745 -0.597565 0.00405513 
v 0 -0.597067 0.00205463 
v 0.301407 -0.597381 0.00339263 
v 0.30207 -0.597197 0.00273012 
v 0 -0.596919 0.000687564 
v 0.302748 -0.597086 0.00205162 
v 0.303427 -0.596974 0.00137311 
v 0.3048 -0.5969 -8.28365e-18 
v 0.304113 -0.596937 0.000686556 
v 0 -0.608502 0.0101004 
v 0 -0.6096 0.01016 
v 0 -0.607416 0.00992246 
v 0 -0.604362 0.00870567 
v 0 -0.603451 0.00808831 
v 0 -0.610698 0.0101004 
v 0 -0.611784 0.00992246 
v 0 -0.606356 0.00962816 
v 0 -0.605334 0.00922097 
v 0 -0.613866 0.00922097 
v 0 -0.614838 0.00870567 
v 0 -0.612844 0.00962816 
v 0 -0.610698 -0.0101004 
v 0 -0.6096 -0.01016 
v 0 -0.611784 -0.00992246 
v 0 -0.614838 -0.00870567 
v 0 -0.615749 -0.00808831 
v 0 -0.619745 -0.000550051 
v 0 -0.615749 0.00808831 
v 0 -0.600624 0.00475903 
v 0 -0.601191 0.00570166 
v 0 -0.600162 0.0037606 
v 0 -0.59981 0.00271809 
v 0 -0.599574 0.00164371 
v 0 -0.599455 0.000550051 
v 0 -0.599455 -0.000550051 
v 0 -0.612844 -0.00962816 
v 0 -0.613866 -0.00922097 
v 0 -0.619626 -0.00164371 
v 0 -0.619745 0.000550051 
v 0 -0.61939 0.00271809 
v 0 -0.619626 0.00164371 
v 0 -0.619038 0.0037606 
v 0 -0.618576 0.00475903 
v 0 -0.618009 0.00570166 
v 0 -0.617344 0.00657744 
v 0 -0.616587 0.00737611 
v 0 -0.602613 0.00737611 
v 0 -0.599574 -0.00164371 
v 0 -0.59981 -0.00271809 
v 0 -0.600162 -0.0037606 
v 0 -0.600624 -0.00475903 
v 0 -0.601191 -0.00570166 
v 0 -0.604362 -0.00870567 
v 0 -0.605334 -0.00922097 
v 0 -0.608502 -0.0101004 
v 0 -0.607416 -0.00992246 
v 0 -0.618576 -0.00475903 
v 0 -0.618009 -0.00570166 
v 0 -0.619038 -0.0037606 
v 0 -0.61939 -0.00271809 
v 0 -0.601856 0.00657744 
v 0 -0.601856 -0.00657744 
v 0 -0.602613 -0.00737611 
v 0 -0.606356 -0.00962816 
v 0 -0.616587 -0.00737611 
v 0 -0.617344 -0.00657744 
v 0 -0.603451 -0.00808831 
v 0.303728 -0.596952 0.591477 
v 0.303427 -0.596979 0.591515 
v 0.304066 -0.596921 0.591433 
v 0.302409 -0.597128 0.59173 
v 0.302071 -0.597203 0.591837 
v 0.302455 -0.597118 0.591716 
v 0.303267 -0.596993 0.591536 
v 0.30091 -0.59751 0.592277 
v 0.301119 -0.597451 0.592192 
v 0.301693 -0.597286 0.591956 
v 0.300747 -0.597569 0.592362 
v 0.299883 -0.597897 0.592832 
v 0.29947 -0.59808 0.593094 
v 0.300084 -0.597808 0.592704 
v 0.298326 -0.598674 0.593945 
v 0.298698 -0.598473 0.593657 
v 0.298254 -0.598721 0.594012 
v 0.299219 -0.598192 0.593254 
v 0.297373 -0.599298 0.594839 
v 0.29757 -0.599169 0.594654 
v 0.297122 -0.599499 0.595126 
v 0.296404 -0.600071 0.595946 
v 0.296533 -0.599968 0.595799 
v 0.296078 -0.600392 0.596407 
v 0.295401 -0.601059 0.597363 
v 0.295587 -0.600876 0.5971 
v 0.295134 -0.601389 0.597835 
v 0.294486 -0.60219 0.598983 
v 0.294736 -0.601881 0.59854 
v 0.294301 -0.602481 0.5994 
v 0.293695 -0.603438 0.600771 
v 0.293999 -0.602958 0.600084 
v 0.29359 -0.603657 0.601084 
v 0.293044 -0.604795 0.602715 
v 0.29338 -0.604095 0.601713 
v 0.293009 -0.604902 0.602868 
v 0.292573 -0.606206 0.604737 
v 0.292875 -0.605302 0.603441 
v 0.292289 -0.607549 0.606662 
v 0.292483 -0.606546 0.605225 
v 0.292515 -0.606381 0.604988 
v 0.292199 -0.60802 0.607336 
v 0.292238 -0.607815 0.607043 
v 0.292143 -0.608914 0.608617 
v 0.292119 -0.610288 0.6096 
v 0.2921 -0.6096 0.6096 
v 0.29213 -0.609117 0.608907 
v 0.292267 -0.611655 0.6096 
v 0.292563 -0.612998 0.6096 
v 0.293002 -0.614301 0.6096 
v 0.293579 -0.615549 0.6096 
v 0.294288 -0.616727 0.6096 
v 0.295121 -0.617822 0.6096 
v 0.296066 -0.61882 0.6096 
v 0.297114 -0.61971 0.6096 
v 0.298252 -0.620482 0.6096 
v 0.299467 -0.621126 0.6096 
v 0.300745 -0.621635 0.6096 
v 0.30207 -0.622003 0.6096 
v 0.303427 -0.622226 0.6096 
v 0.3048 -0.6223 0.6096 
v 0.305488 -0.622281 0.608912 
v 0.306171 -0.622207 0.608229 
v 0.306855 -0.622133 0.607545 
v 0.307526 -0.621985 0.606874 
v 0.308198 -0.621837 0.606202 
v 0.308849 -0.621618 0.605551 
v 0.309501 -0.621398 0.604899 
v 0.310125 -0.621109 0.604275 
v 0.310749 -0.620821 0.603651 
v 0.311338 -0.620466 0.603062 
v 0.311927 -0.620112 0.602473 
v 0.312474 -0.619696 0.601926 
v 0.313022 -0.619279 0.601378 
v 0.313521 -0.618807 0.600879 
v 0.31402 -0.618334 0.60038 
v 0.314465 -0.61781 0.599935 
v 0.31491 -0.617286 0.59949 
v 0.315312 -0.616727 0.599088 
v 0.315682 -0.616148 0.598718 
v 0.316021 -0.615549 0.598379 
v 0.316326 -0.614933 0.598074 
v 0.316598 -0.614301 0.597802 
v 0.316835 -0.613655 0.597565 
v 0.317037 -0.612998 0.597363 
v 0.317203 -0.61233 0.597197 
v 0.317333 -0.611655 0.597067 
v 0.317426 -0.610973 0.596974 
v 0.317481 -0.610288 0.596919 
v 0.3175 -0.6096 0.5969 
v 0.317481 -0.608912 0.596919 
v 0.317333 -0.607545 0.597067 
v 0.317426 -0.608227 0.596974 
v 0.317037 -0.606202 0.597363 
v 0.317203 -0.60687 0.597197 
v 0.316598 -0.604899 0.597802 
v 0.316835 -0.605545 0.597565 
v 0.316021 -0.603651 0.598379 
v 0.316326 -0.604267 0.598074 
v 0.315308 -0.602475 0.599092 
v 0.315682 -0.603052 0.598718 
v 0.314826 -0.601805 0.598431 
v 0.315191 -0.602299 0.599139 
v 0.314466 -0.60139 0.597836 
v 0.315214 -0.602332 0.599186 
v 0.313932 -0.600774 0.596954 
v 0.314367 -0.601275 0.597672 
v 0.313523 -0.600391 0.596405 
v 0.313014 -0.599914 0.595722 
v 0.313455 -0.600327 0.596313 
v 0.312478 -0.5995 0.595128 
v 0.312094 -0.599203 0.594703 
v 0.31245 -0.599478 0.595097 
v 0.311342 -0.598727 0.59402 
v 0.311362 -0.598739 0.594038 
v 0.310131 -0.598077 0.593089 
v 0.310189 -0.598101 0.593124 
v 0.310221 -0.598115 0.593144 
v 0.311092 -0.598568 0.593793 
v 0.308853 -0.59757 0.592362 
v 0.308959 -0.597607 0.592416 
v 0.309389 -0.597758 0.592632 
v 0.307839 -0.597269 0.591931 
v 0.308634 -0.597492 0.592252 
v 0.307529 -0.597202 0.591836 
v 0.307695 -0.597238 0.591887 
v 0.30635 -0.596995 0.591539 
v 0.30638 -0.597 0.591545 
v 0.307097 -0.597109 0.591703 
v 0.306173 -0.596978 0.591515 
v 0.304844 -0.5969 0.591403 
v 0.305053 -0.596907 0.591413 
v 0.305597 -0.596925 0.591439 
v 0.3048 -0.596901 0.591405 
v 0.3048 -0.6096 0.6096 
v 0.3048 -0.614933 0.621126 
v 0.3048 -0.613655 0.621635 
v 0.3048 -0.620821 0.615549 
v 0.3048 -0.620112 0.616727 
v 0.3048 -0.610973 0.622226 
v 0.3048 -0.6096 0.6223 
v 0.3048 -0.616148 0.620482 
v 0.3048 -0.618334 0.61882 
v 0.3048 -0.617286 0.61971 
v 0.3048 -0.619279 0.617822 
v 0.3048 -0.622133 0.611655 
v 0.3048 -0.621837 0.612998 
v 0.3048 -0.608227 0.622226 
v 0.3048 -0.61233 0.622003 
v 0.3048 -0.621398 0.614301 
v 0.3048 -0.622281 0.610288 
v 0.3048 -0.60687 0.622003 
v 0.3048 -0.606819 0.621992 
v 0.295848 -0.607633 0.618365 
v 0.295362 -0.607739 0.617892 
v 0.296693 -0.607464 0.619118 
v 0.296302 -0.607533 0.618809 
v 0.298899 -0.607141 0.620555 
v 0.29845 -0.607192 0.620332 
v 0.300094 -0.607021 0.621092 
v 0.299634 -0.607059 0.62092 
v 0.293528 -0.608327 0.615271 
v 0.293198 -0.608469 0.61464 
v 0.294184 -0.608081 0.61637 
v 0.293801 -0.60821 0.615796 
v 0.297758 -0.60729 0.619893 
v 0.297335 -0.60735 0.619625 
v 0.301349 -0.606927 0.621509 
v 0.300875 -0.606955 0.621385 
v 0.29299 -0.608587 0.614112 
v 0.292722 -0.608741 0.613429 
v 0.294965 -0.607846 0.617414 
v 0.294525 -0.607965 0.616884 
v 0.302651 -0.606863 0.621797 
v 0.30216 -0.60688 0.621721 
v 0.292575 -0.608861 0.612894 
v 0.292378 -0.609022 0.612176 
v 0.292293 -0.609139 0.611653 
v 0.29217 -0.609309 0.610895 
v 0.303963 -0.606829 0.621949 
v 0.303472 -0.606834 0.621924 
v 0.292143 -0.609421 0.610398 
v 0.762 -0.622281 0.610288 
v 0.762 -0.622133 0.611655 
v 0.762 -0.621837 0.612998 
v 0.762 -0.621398 0.614301 
v 0.762 -0.620821 0.615549 
v 0.762 -0.620112 0.616727 
v 0.762 -0.619279 0.617822 
v 0.762 -0.618334 0.61882 
v 0.762 -0.617286 0.61971 
v 0.762 -0.616148 0.620482 
v 0.762 -0.614933 0.621126 
v 0.762 -0.613655 0.621635 
v 0.762 -0.61233 0.622003 
v 0.762 -0.610973 0.622226 
v 0.762 -0.6096 0.6223 
v 0.762 -0.608227 0.622226 
v 0.762 -0.60687 0.622003 
v 0.762 -0.605545 0.621635 
v 0.3048 -0.605545 0.621635 
v 0.762 -0.604267 0.621126 
v 0.762 -0.601914 0.59949 
v 0.315503 -0.601916 0.599491 
v 0.315561 -0.601833 0.599552 
v 0.762 -0.600866 0.60038 
v 0.315886 -0.601345 0.599949 
v 0.316189 -0.600866 0.60038 
v 0.316189 -0.600866 0.60038 
v 0.762 -0.599921 0.601378 
v 0.316468 -0.600401 0.600844 
v 0.31671 -0.599967 0.601324 
v 0.316734 -0.599922 0.601379 
v 0.316924 -0.599553 0.601832 
v 0.762 -0.599088 0.602473 
v 0.3171 -0.599177 0.602344 
v 0.317135 -0.599091 0.602475 
v 0.317246 -0.598821 0.602885 
v 0.762 -0.598379 0.603651 
v 0.31736 -0.598493 0.603442 
v 0.762 -0.597802 0.604899 
v 0.31744 -0.598193 0.604016 
v 0.317485 -0.597938 0.604571 
v 0.317389 -0.598383 0.603653 
v 0.317494 -0.597805 0.604901 
v 0.3175 -0.597709 0.605141 
v 0.762 -0.597363 0.606202 
v 0.317483 -0.597497 0.605752 
v 0.762 -0.597067 0.607545 
v 0.317433 -0.597318 0.606368 
v 0.31735 -0.597169 0.607 
v 0.317447 -0.597366 0.606203 
v 0.762 -0.596919 0.608912 
v 0.317086 -0.59697 0.608267 
v 0.316907 -0.596919 0.608903 
v 0.317234 -0.597054 0.607631 
v 0.31725 -0.597069 0.607546 
v 0.762 -0.596919 0.610288 
v 0.316692 -0.5969 0.609553 
v 0.316451 -0.596914 0.610189 
v 0.316904 -0.596919 0.608912 
v 0.762 -0.597067 0.611655 
v 0.316171 -0.596961 0.610843 
v 0.315866 -0.59704 0.611482 
v 0.316409 -0.596921 0.610287 
v 0.762 -0.597363 0.612998 
v 0.315775 -0.597071 0.611654 
v 0.31553 -0.597152 0.61212 
v 0.315169 -0.597295 0.612742 
v 0.762 -0.597802 0.614301 
v 0.315004 -0.597373 0.612995 
v 0.314364 -0.597674 0.613967 
v 0.762 -0.598379 0.615549 
v 0.314111 -0.597814 0.614296 
v 0.313449 -0.598179 0.615155 
v 0.762 -0.599088 0.616727 
v 0.313103 -0.598392 0.615542 
v 0.312439 -0.5988 0.616282 
v 0.762 -0.599921 0.617822 
v 0.311987 -0.599101 0.616718 
v 0.311357 -0.59952 0.617326 
v 0.762 -0.600866 0.61882 
v 0.31077 -0.599933 0.617812 
v 0.31019 -0.600341 0.618292 
v 0.762 -0.601914 0.61971 
v 0.309454 -0.600876 0.61881 
v 0.308958 -0.601237 0.619158 
v 0.762 -0.603052 0.620482 
v 0.308018 -0.601921 0.619702 
v 0.307698 -0.602153 0.619888 
v 0.307062 -0.602593 0.620192 
v 0.306393 -0.603014 0.620459 
v 0.3048 -0.604267 0.621126 
v 0.305059 -0.603531 0.620756 
v 0.304931 -0.603543 0.620763 
v 0.30524 -0.6035 0.620739 
v 0.30576 -0.603333 0.620646 
v 0.305592 -0.603399 0.620683 
v 0.306322 -0.603053 0.620482 
v 0.306084 -0.603183 0.620559 
v 0.305417 -0.603455 0.620714 
v 0.762 -0.6223 0.6096 
v 0.762 -0.622281 0.608912 
v 0.762 -0.622133 0.607545 
v 0.762 -0.621837 0.606202 
v 0.762 -0.621398 0.604899 
v 0.762 -0.620821 0.603651 
v 0.762 -0.620112 0.602473 
v 0.762 -0.619279 0.601378 
v 0.762 -0.618334 0.60038 
v 0.762 -0.617286 0.59949 
v 0.762 -0.616148 0.598718 
v 0.762 -0.614933 0.598074 
v 0.762 -0.613655 0.597565 
v 0.762 -0.61233 0.597197 
v 0.762 -0.610973 0.596974 
v 0.762 -0.6096 0.5969 
v 0.762 -0.608227 0.596974 
v 0.762 -0.60687 0.597197 
v 0.762 -0.605545 0.597565 
v 0.762 -0.604267 0.598074 
v 0.762 -0.603052 0.598718 
v 0.3048 -0.603547 0.620765 
v 0.762 -0.6096 0.6096 
v 0.60706 -0.599574 -0.00164371 
v 0.60706 -0.599455 -0.000550051 
v 0.60706 -0.59981 -0.00271809 
v 0.60706 -0.600162 -0.0037606 
v 0.60706 -0.600624 -0.00475903 
v 0.60706 -0.601191 -0.00570166 
v 0.60706 -0.601856 -0.00657744 
v 0.60706 -0.602613 -0.00737611 
v 0.60706 -0.603451 -0.00808831 
v 0.60706 -0.604362 -0.00870567 
v 0.60706 -0.605334 -0.00922097 
v 0.60706 -0.606356 -0.00962816 
v 0.60706 -0.607416 -0.00992246 
v 0.60706 -0.608502 -0.0101004 
v 0.60706 -0.6096 -0.01016 
v 0.60706 -0.610698 -0.0101004 
v 0.60706 -0.611784 -0.00992246 
v 0.60706 -0.612844 -0.00962816 
v 0.60706 -0.613866 -0.00922097 
v 0.60706 -0.614838 -0.00870567 
v 0.60706 -0.615749 -0.00808831 
v 0.60706 -0.616587 -0.00737611 
v 0.60706 -0.617344 -0.00657744 
v 0.60706 -0.618009 -0.00570166 
v 0.60706 -0.618576 -0.00475903 
v 0.60706 -0.619038 -0.0037606 
v 0.60706 -0.61939 -0.00271809 
v 0.60706 -0.619626 -0.00164371 
v 0.60706 -0.619745 -0.000550051 
v 0.297101 -0.5995 0.00110116 
v 0.297005 -0.599574 0.00164371 
v 0.29716 -0.599455 0.000550051 
v 0.296872 -0.599678 0.00218742 
v 0.29671 -0.59981 0.00271809 
v 0.296516 -0.599973 0.00324851 
v 0.296301 -0.600164 0.00375982 
v 0.296268 -0.600193 0.00383788 
v 0.295816 -0.600624 0.00475903 
v 0.295337 -0.601133 0.00560634 
v 0.295283 -0.601191 0.00570166 
v 0.294734 -0.601856 0.00657744 
v 0.294512 -0.602168 0.00690606 
v 0.294195 -0.602613 0.00737611 
v 0.293793 -0.603278 0.00794099 
v 0.293688 -0.603451 0.00808831 
v 0.293452 -0.603897 0.00840843 
v 0.293232 -0.604364 0.00870317 
v 0.293189 -0.604455 0.00876118 
v 0.292838 -0.605334 0.00922097 
v 0.292716 -0.605692 0.00937826 
v 0.292521 -0.606356 0.00962816 
v 0.292375 -0.606971 0.00981389 
v 0.292289 -0.607416 0.00992246 
v 0.292169 -0.608278 0.0100736 
v 0.292148 -0.608502 0.0101004 
v 0.292112 -0.609052 0.0101452 
v 0.2921 -0.6096 0.01016 
v 0.292112 -0.61015 0.0101451 
v 0.292152 -0.610698 0.0100944 
v 0.292169 -0.610922 0.0100736 
v 0.292289 -0.611784 0.00992246 
v 0.292375 -0.612229 0.00981389 
v 0.292521 -0.612844 0.00962816 
v 0.292716 -0.613508 0.00937826 
v 0.292838 -0.613866 0.00922097 
v 0.293189 -0.614745 0.00876118 
v 0.293231 -0.614838 0.00870567 
v 0.293453 -0.615303 0.00840812 
v 0.29369 -0.615745 0.00808345 
v 0.293787 -0.615925 0.00795093 
v 0.294195 -0.616587 0.00737611 
v 0.294512 -0.617032 0.00690606 
v 0.294734 -0.617344 0.00657744 
v 0.295283 -0.618005 0.00569824 
v 0.295335 -0.618068 0.00561391 
v 0.295816 -0.618576 0.00475903 
v 0.296268 -0.619007 0.00383788 
v 0.296303 -0.619038 0.0037606 
v 0.296516 -0.619226 0.00324926 
v 0.29671 -0.61939 0.00271809 
v 0.296873 -0.619522 0.00218549 
v 0.297005 -0.619626 0.00164371 
v 0.297101 -0.6197 0.00110182 
v 0.29718 -0.61976 -8.6009e-18 
v 0.31242 -0.61976 -8.6009e-18 
v 0.60706 -0.619745 0.000550051 
v 0.29716 -0.619745 0.000550051 
v 0.312499 -0.6197 0.00110116 
v 0.312595 -0.619626 0.00164371 
v 0.31244 -0.619745 0.000550051 
v 0.60706 -0.619626 0.00164371 
v 0.312728 -0.619522 0.00218742 
v 0.31289 -0.61939 0.00271809 
v 0.60706 -0.61939 0.00271809 
v 0.313084 -0.619227 0.00324851 
v 0.313299 -0.619036 0.00375982 
v 0.60706 -0.619038 0.0037606 
v 0.313332 -0.619007 0.00383788 
v 0.313784 -0.618576 0.00475903 
v 0.60706 -0.618576 0.00475903 
v 0.314263 -0.618067 0.00560634 
v 0.60706 -0.618009 0.00570166 
v 0.314317 -0.618009 0.00570166 
v 0.314866 -0.617344 0.00657744 
v 0.60706 -0.617344 0.00657744 
v 0.315088 -0.617032 0.00690606 
v 0.60706 -0.616587 0.00737611 
v 0.315405 -0.616587 0.00737611 
v 0.315807 -0.615922 0.00794099 
v 0.60706 -0.615749 0.00808831 
v 0.315912 -0.615749 0.00808831 
v 0.316148 -0.615303 0.00840843 
v 0.60706 -0.614838 0.00870567 
v 0.316368 -0.614836 0.00870317 
v 0.316411 -0.614745 0.00876118 
v 0.60706 -0.613866 0.00922097 
v 0.316762 -0.613866 0.00922097 
v 0.316884 -0.613508 0.00937826 
v 0.60706 -0.612844 0.00962816 
v 0.317079 -0.612844 0.00962816 
v 0.317225 -0.612229 0.00981389 
v 0.60706 -0.611784 0.00992246 
v 0.317311 -0.611784 0.00992246 
v 0.317431 -0.610922 0.0100736 
v 0.60706 -0.610698 0.0101004 
v 0.317452 -0.610698 0.0101004 
v 0.317488 -0.610148 0.0101452 
v 0.60706 -0.6096 0.01016 
v 0.60706 -0.608502 0.0101004 
v 0.3175 -0.6096 0.01016 
v 0.317488 -0.60905 0.0101451 
v 0.60706 -0.607416 0.00992246 
v 0.317448 -0.608502 0.0100944 
v 0.317431 -0.608278 0.0100736 
v 0.60706 -0.606356 0.00962816 
v 0.317311 -0.607416 0.00992246 
v 0.317225 -0.606971 0.00981389 
v 0.60706 -0.605334 0.00922097 
v 0.317079 -0.606356 0.00962816 
v 0.316884 -0.605692 0.00937826 
v 0.60706 -0.604362 0.00870567 
v 0.316762 -0.605334 0.00922097 
v 0.316411 -0.604455 0.00876118 
v 0.60706 -0.603451 0.00808831 
v 0.316369 -0.604362 0.00870567 
v 0.316147 -0.603897 0.00840812 
v 0.60706 -0.602613 0.00737611 
v 0.31591 -0.603455 0.00808345 
v 0.315813 -0.603275 0.00795093 
v 0.60706 -0.601856 0.00657744 
v 0.315405 -0.602613 0.00737611 
v 0.315088 -0.602168 0.00690606 
v 0.60706 -0.601191 0.00570166 
v 0.314866 -0.601856 0.00657744 
v 0.60706 -0.600624 0.00475903 
v 0.314317 -0.601195 0.00569824 
v 0.314265 -0.601132 0.00561391 
v 0.60706 -0.600162 0.0037606 
v 0.313784 -0.600624 0.00475903 
v 0.313332 -0.600193 0.00383788 
v 0.60706 -0.59981 0.00271809 
v 0.313297 -0.600162 0.0037606 
v 0.313084 -0.599974 0.00324926 
v 0.60706 -0.599574 0.00164371 
v 0.31289 -0.59981 0.00271809 
v 0.312727 -0.599678 0.00218549 
v 0.60706 -0.599455 0.000550051 
v 0.312595 -0.599574 0.00164371 
v 0.312499 -0.5995 0.00110182 
v 0.29718 -0.59944 -8.3189e-18 
v 0.31244 -0.599455 0.000550051 
v 0.31242 -0.59944 -8.3189e-18 
v 0.292716 -0.605692 -8.40566e-18 
v 0.292169 -0.610922 -8.47824e-18 
v 0.2921 -0.6096 -8.4599e-18 
v 0.292169 -0.608278 -8.44156e-18 
v 0.315095 -0.617037 -8.56311e-18 
v 0.317225 -0.612229 -8.49639e-18 
v 0.316884 -0.613508 -8.51414e-18 
v 0.317431 -0.608278 -8.44156e-18 
v 0.3175 -0.6096 -8.4599e-18 
v 0.315095 -0.602163 -8.35669e-18 
v 0.315813 -0.603275 -8.37212e-18 
v 0.293189 -0.614745 -8.5313e-18 
v 0.293189 -0.604455 -8.3885e-18 
v 0.292375 -0.612229 -8.49639e-18 
v 0.292716 -0.613508 -8.51414e-18 
v 0.316411 -0.614745 -8.5313e-18 
v 0.317431 -0.610922 -8.47824e-18 
v 0.316884 -0.605692 -8.40566e-18 
v 0.317225 -0.606971 -8.42341e-18 
v 0.316411 -0.604455 -8.3885e-18 
v 0.293787 -0.603275 -8.37212e-18 
v 0.294505 -0.602163 -8.35669e-18 
v 0.295335 -0.601132 -8.34238e-18 
v 0.292375 -0.606971 -8.42341e-18 
v 0.296268 -0.600193 -8.32935e-18 
v 0.295335 -0.618068 -8.57742e-18 
v 0.294505 -0.617037 -8.56311e-18 
v 0.314265 -0.618068 -8.57742e-18 
v 0.293787 -0.615925 -8.54768e-18 
v 0.313332 -0.600193 -8.32935e-18 
v 0.315813 -0.615925 -8.54768e-18 
v 0.313332 -0.619007 -8.59045e-18 
v 0.314265 -0.601132 -8.34238e-18 
v 0.296268 -0.619007 -8.59045e-18 
v 0.60706 -0.6096 -1.85765e-17 
v 0.306346 0.00308435 0.393162 
v 0.306322 -0.171253 0.458557 
v 0.306393 -0.171214 0.458534 
v 0.306392 0.00308316 0.393157 
v 0.305477 0.003107 0.39325 
v 0.305591 -0.171599 0.458758 
v 0.30576 -0.171533 0.458721 
v 0.306085 -0.171382 0.458634 
v 0.305059 -0.171731 0.458831 
v 0.305241 -0.1717 0.458814 
v 0.305418 -0.171655 0.458789 
v 0.307646 0.00302835 0.392941 
v 0.307061 -0.170794 0.458268 
v 0.307698 -0.170353 0.457963 
v 0.307695 0.0030258 0.392931 
v 0.306795 0.00307265 0.393116 
v 0.308928 0.00293853 0.392586 
v 0.308018 -0.170121 0.457777 
v 0.308958 -0.169437 0.457233 
v 0.308954 0.00293647 0.392578 
v 0.308077 0.00300589 0.392852 
v 0.309454 -0.169076 0.456885 
v 0.31019 -0.168541 0.456367 
v 0.310184 0.00281407 0.392095 
v 0.31016 0.00281676 0.392106 
v 0.309335 0.00290631 0.392459 
v 0.31077 -0.168133 0.455887 
v 0.310541 0.00277533 0.391943 
v 0.311357 -0.16772 0.455401 
v 0.311349 0.00266153 0.391494 
v 0.31132 0.00266573 0.391511 
v 0.312421 0.00248519 0.390798 
v 0.311987 -0.167301 0.454793 
v 0.312439 -0.167 0.454357 
v 0.312432 0.0024832 0.39079 
v 0.311701 0.00261209 0.391299 
v 0.313103 -0.166592 0.453617 
v 0.313449 -0.166379 0.45323 
v 0.313439 0.00227581 0.389973 
v 0.313439 0.00227585 0.389973 
v 0.312724 0.00243184 0.390587 
v 0.314111 -0.166014 0.452371 
v 0.314364 -0.165874 0.452042 
v 0.314353 0.00204472 0.389062 
v 0.314352 0.00204499 0.389063 
v 0.313731 0.00221201 0.389722 
v 0.315004 -0.165573 0.45107 
v 0.315169 -0.165495 0.450817 
v 0.31516 0.00179468 0.388076 
v 0.314621 0.00197261 0.388778 
v 0.315861 0.00152599 0.387016 
v 0.315528 -0.165353 0.450197 
v 0.315775 -0.165271 0.449729 
v 0.315167 0.00179223 0.388066 
v 0.315363 0.00172755 0.387811 
v 0.316447 0.00123767 0.38588 
v 0.316171 -0.165161 0.44892 
v 0.316409 -0.165121 0.448362 
v 0.315878 0.00151878 0.386988 
v 0.315866 -0.16524 0.449557 
v 0.315947 0.0014908 0.386878 
v 0.316901 0.000939312 0.384704 
v 0.316693 -0.1651 0.447625 
v 0.316904 -0.165119 0.446987 
v 0.316456 0.00123277 0.385861 
v 0.316451 -0.165114 0.448264 
v 0.316493 0.00121433 0.385788 
v 0.31691 0.00093326 0.38468 
v 0.316907 -0.165119 0.446978 
v 0.317085 -0.16517 0.446346 
v 0.316945 0.00090985 0.384587 
v 0.31723 0.000633373 0.383497 
v 0.317243 0.0006213 0.38345 
v 0.317249 -0.165269 0.445621 
v 0.31735 -0.16537 0.445072 
v 0.317234 -0.165254 0.445706 
v 0.31725 0.000614519 0.383423 
v 0.317431 0.00031803 0.382254 
v 0.317447 -0.165566 0.444278 
v 0.317438 0.000308084 0.382215 
v 0.317433 -0.165518 0.444443 
v 0.317483 -0.165697 0.443826 
v 0.3175 3.93865e-16 0.381 
v 0.317438 0.000304378 0.382201 
v 0.3175 -0.165909 0.443216 
v 0.317494 -0.166005 0.442976 
v 0.317426 -0.00123365 0.380158 
v 0.317459 -0.000686248 0.380531 
v 0.317485 -0.166138 0.442646 
v 0.3175 -1.92485e-05 0.380987 
v 0.31744 -0.166393 0.442091 
v 0.317389 -0.166583 0.441728 
v 0.317228 -0.00252339 0.379277 
v 0.317313 -0.00205111 0.379599 
v 0.317359 -0.166694 0.441514 
v 0.317409 -0.00151823 0.379963 
v 0.317246 -0.167021 0.44096 
v 0.317135 -0.167291 0.44055 
v 0.316916 -0.00377987 0.378419 
v 0.317026 -0.00339453 0.378682 
v 0.317101 -0.167375 0.440422 
v 0.317146 -0.00297584 0.378968 
v 0.316924 -0.167753 0.439907 
v 0.316733 -0.168122 0.439454 
v 0.316455 -0.00501028 0.377579 
v 0.31658 -0.00469365 0.377795 
v 0.316846 -0.00402171 0.378254 
v 0.316709 -0.168169 0.439397 
v 0.315872 -0.00618922 0.376774 
v 0.316189 -0.169065 0.438456 
v 0.316189 -0.169066 0.438455 
v 0.316468 -0.168601 0.438919 
v 0.316004 -0.00594011 0.376944 
v 0.316331 -0.00532319 0.377365 
v 0.315179 -0.00729273 0.37602 
v 0.315551 -0.170048 0.437616 
v 0.315504 -0.170115 0.437566 
v 0.315886 -0.169545 0.438024 
v 0.315297 -0.00711727 0.37614 
v 0.315689 -0.00653651 0.376537 
v 0.31437 -0.00832878 0.375313 
v 0.314468 -0.0082121 0.375392 
v 0.315191 -0.170564 0.437238 
v 0.314678 -0.171261 0.436806 
v 0.314942 -0.00764388 0.37578 
v 0.31438 -0.171665 0.436555 
v 0.313458 -0.00927712 0.374665 
v 0.313525 -0.00921107 0.37471 
v 0.313744 -0.172474 0.436161 
v 0.313465 -0.172828 0.435989 
v 0.314135 -0.00861053 0.37512 
v 0.312453 -0.0101265 0.374085 
v 0.312481 -0.0101041 0.3741 
v 0.312697 -0.173749 0.435651 
v 0.312457 -0.174036 0.435546 
v 0.313256 -0.00947541 0.37453 
v 0.311368 -0.0108694 0.373578 
v 0.311376 -0.0108646 0.373581 
v 0.311545 -0.175072 0.43528 
v 0.311368 -0.175273 0.435229 
v 0.312322 -0.0102327 0.374013 
v 0.310398 -0.0113997 0.373216 
v 0.311347 -0.0108808 0.37357 
v 0.310186 -0.0114915 0.373153 
v 0.310294 -0.176428 0.435055 
v 0.310189 -0.17654 0.435038 
v 0.309277 -0.0118846 0.372885 
v 0.310128 -0.0115164 0.373136 
v 0.308958 -0.0119898 0.372813 
v 0.308961 -0.177782 0.434975 
v 0.308267 -0.0122177 0.372657 
v 0.308852 -0.0120249 0.372789 
v 0.307694 -0.0123551 0.372563 
v 0.308941 -0.1778 0.434976 
v 0.307696 -0.178956 0.435028 
v 0.30725 -0.0124614 0.372491 
v 0.307528 -0.0123948 0.372536 
v 0.306379 -0.012596 0.372399 
v 0.307436 -0.179173 0.435052 
v 0.307055 -0.179491 0.435088 
v 0.30638 -0.179986 0.435165 
v 0.305822 -0.0126588 0.372356 
v 0.306173 -0.0126248 0.372379 
v 0.306225 -0.0126198 0.372383 
v 0.305052 -0.0126888 0.372336 
v 0.305409 -0.180481 0.435261 
v 0.305232 -0.18053 0.435272 
v 0.305582 -0.180419 0.435248 
v 0.306072 -0.180178 0.4352 
v 0.30575 -0.180346 0.435233 
v 0.305232 -0.18053 0.435272 
v 0.305053 -0.180563 0.435279 
v 0.303727 -0.383486 0.511421 
v 0.302691 -0.0125237 0.372448 
v 0.303428 -0.0126169 0.372385 
v 0.303047 -0.383068 0.511345 
v 0.302409 -0.382582 0.511274 
v 0.30338 -0.383289 0.511383 
v 0.302409 -0.0124711 0.372484 
v 0.303723 -0.0126542 0.372359 
v 0.301189 -0.0121757 0.372686 
v 0.302071 -0.0123967 0.372535 
v 0.30225 -0.0124414 0.372504 
v 0.302172 -0.382372 0.511257 
v 0.301118 -0.0121514 0.372702 
v 0.301117 -0.38144 0.511183 
v 0.300157 -0.0118208 0.372928 
v 0.300749 -0.0120243 0.372789 
v 0.300669 -0.381 0.511188 
v 0.299882 -0.0117058 0.373007 
v 0.299881 -0.380226 0.511199 
v 0.299471 -0.0115194 0.373134 
v 0.299313 -0.379629 0.511265 
v 0.298696 -0.0111295 0.3734 
v 0.298693 -0.378978 0.511337 
v 0.29964 -0.0116044 0.373076 
v 0.298259 -0.0108721 0.373576 
v 0.298059 -0.378273 0.511488 
v 0.297566 -0.0104361 0.373874 
v 0.297565 -0.377724 0.511605 
v 0.298553 -0.0110572 0.37345 
v 0.296567 -0.00966995 0.374397 
v 0.297123 -0.0100991 0.374104 
v 0.296905 -0.376949 0.511854 
v 0.296529 -0.376508 0.511996 
v 0.296529 -0.00963695 0.374419 
v 0.297529 -0.0104127 0.37389 
v 0.296076 -0.00921064 0.374711 
v 0.295855 -0.375673 0.512361 
v 0.295579 -0.37533 0.512511 
v 0.295585 -0.00872664 0.375041 
v 0.296346 -0.00947719 0.374529 
v 0.295134 -0.00821071 0.375393 
v 0.294918 -0.374458 0.513003 
v 0.294732 -0.00772061 0.375728 
v 0.295441 -0.00858492 0.375138 
v 0.294722 -0.374199 0.513149 
v 0.293994 -0.00664434 0.376463 
v 0.294342 -0.37367 0.513504 
v 0.294098 -0.373316 0.513768 
v 0.294303 -0.00711779 0.37614 
v 0.294553 -0.00750275 0.375877 
v 0.293982 -0.373148 0.513893 
v 0.293373 -0.005509 0.377238 
v 0.293659 -0.372659 0.514298 
v 0.293413 -0.372268 0.514657 
v 0.293593 -0.00594188 0.376943 
v 0.293791 -0.00633153 0.376677 
v 0.292873 -0.00429734 0.378066 
v 0.293093 -0.371732 0.515192 
v 0.292866 -0.371321 0.515654 
v 0.293021 -0.00469367 0.377795 
v 0.29336 -0.372184 0.514734 
v 0.293193 -0.00515452 0.37748 
v 0.292647 -0.370893 0.516185 
v 0.292495 -0.00305038 0.378917 
v 0.292578 -0.0033939 0.378682 
v 0.292852 -0.371296 0.515682 
v 0.292657 -0.00372066 0.378459 
v 0.292463 -0.370489 0.516749 
v 0.292245 -0.00178434 0.379782 
v 0.292278 -0.00205335 0.379598 
v 0.292473 -0.370514 0.51671 
v 0.292302 -0.00225405 0.379461 
v 0.292334 -0.370168 0.517245 
v 0.292151 -0.369553 0.518374 
v 0.292114 -0.000484237 0.380669 
v 0.292121 -0.000687499 0.380531 
v 0.292226 -0.369846 0.517802 
v 0.29221 -0.369782 0.517927 
v 0.292123 -0.000761489 0.38048 
v 0.292109 -0.369285 0.51897 
v 0.292122 0.000115293 0.381455 
v 0.2921 -8.55687e-17 0.381 
v 0.2921 -1.92374e-05 0.380987 
v 0.292106 -0.369205 0.519176 
v 0.292139 0.000200478 0.381791 
v 0.292101 -0.36905 0.519574 
v 0.292126 -0.368848 0.520185 
v 0.292154 -0.368767 0.520478 
v 0.292287 0.000515547 0.383034 
v 0.292238 0.000431785 0.382703 
v 0.292185 -0.368677 0.520804 
v 0.292156 0.000292316 0.382153 
v 0.292566 0.000827777 0.384264 
v 0.292487 0.000747363 0.383947 
v 0.292276 -0.368538 0.52143 
v 0.292353 -0.368471 0.521821 
v 0.29233 0.00058925 0.383325 
v 0.292402 -0.368429 0.522071 
v 0.292985 0.00113354 0.385469 
v 0.292867 0.0010516 0.385146 
v 0.292558 -0.368354 0.522709 
v 0.292699 -0.368322 0.523188 
v 0.292616 0.000877645 0.38446 
v 0.292752 -0.36831 0.523364 
v 0.293525 0.00142435 0.386616 
v 0.293367 0.00134404 0.3863 
v 0.292974 -0.368301 0.524011 
v 0.293191 -0.368321 0.524562 
v 0.29323 -0.368324 0.524661 
v 0.293074 0.00119486 0.385711 
v 0.294178 0.00170087 0.387706 
v 0.293991 0.00162639 0.387413 
v 0.293512 -0.36838 0.5253 
v 0.293822 -0.368468 0.52593 
v 0.293673 0.00149967 0.386914 
v 0.29383 -0.36847 0.525945 
v 0.294958 0.00196372 0.388742 
v 0.29455 -0.368746 0.527212 
v 0.294589 -0.368764 0.527272 
v 0.294733 0.00189096 0.388455 
v 0.294169 -0.368589 0.526571 
v 0.294323 0.00175853 0.387933 
v 0.295837 0.00220355 0.389688 
v 0.295573 0.00213343 0.389411 
v 0.294952 -0.368932 0.527833 
v 0.295491 -0.369217 0.52857 
v 0.295835 -0.369398 0.52904 
v 0.295073 0.00200076 0.388887 
v 0.296691 0.00239082 0.390427 
v 0.296526 0.00235515 0.390286 
v 0.296493 -0.369787 0.52982 
v 0.295875 0.00221359 0.389728 
v 0.296683 -0.369899 0.530045 
v 0.297755 0.00258581 0.391195 
v 0.297571 0.00255355 0.391068 
v 0.297608 -0.370495 0.530998 
v 0.297749 -0.370586 0.531143 
v 0.296888 0.00243372 0.390596 
v 0.298897 0.00275225 0.391852 
v 0.29868 0.00272202 0.391732 
v 0.298822 -0.371323 0.532094 
v 0.298892 -0.371372 0.532157 
v 0.297948 0.00261978 0.391329 
v 0.300092 0.00288736 0.392384 
v 0.299866 0.002863 0.392288 
v 0.300088 -0.372232 0.533063 
v 0.299087 0.0027789 0.391957 
v 0.301348 0.00299211 0.392796 
v 0.301118 0.00297398 0.392725 
v 0.300136 -0.372268 0.533094 
v 0.300281 0.0029078 0.392465 
v 0.301345 -0.373152 0.53386 
v 0.302651 0.00306443 0.393081 
v 0.302394 0.0030513 0.39303 
v 0.301582 -0.373319 0.533979 
v 0.302649 -0.374067 0.534516 
v 0.301553 0.00300832 0.39286 
v 0.303963 0.00310253 0.393232 
v 0.303277 -0.374454 0.534758 
v 0.303609 -0.374629 0.534861 
v 0.303275 -0.374452 0.534757 
v 0.303702 0.00309606 0.393207 
v 0.303962 -0.374782 0.534949 
v 0.302862 0.00307524 0.393124 
v 0.31438 -0.189734 0.443331 
v 0.315003 -0.190026 0.444281 
v 0.315191 -0.190114 0.444569 
v 0.313465 -0.18923 0.442139 
v 0.31411 -0.189585 0.44298 
v 0.312457 -0.188611 0.441011 
v 0.313102 -0.189007 0.441733 
v 0.311987 -0.188299 0.440557 
v 0.311368 -0.187888 0.439959 
v 0.310189 -0.187059 0.438982 
v 0.31077 -0.187467 0.439464 
v 0.309454 -0.186524 0.438465 
v 0.308961 -0.186165 0.438119 
v 0.307696 -0.185245 0.437386 
v 0.308018 -0.185479 0.437573 
v 0.307053 -0.184801 0.437079 
v 0.30638 -0.184379 0.436812 
v 0.305053 -0.183869 0.436519 
v 0.306322 -0.184347 0.436793 
v 0.305581 -0.183998 0.43659 
v 0.30575 -0.184062 0.436626 
v 0.306073 -0.184212 0.436713 
v 0.305234 -0.183899 0.436535 
v 0.30541 -0.183943 0.436559 
v 0.304659 -0.383775 0.511482 
v 0.304519 -0.383759 0.511478 
v 0.304382 -0.383733 0.511473 
v 0.3048 -0.383781 0.511483 
v 0.30437 -0.38373 0.511472 
v 0.3048 -0.183853 0.43651 
v 0.304927 -0.183857 0.436512 
v 0.30398 -0.383604 0.511445 
v 0.304246 -0.383698 0.511465 
v 0.303727 -0.387316 0.512857 
v 0.304518 -0.387072 0.512721 
v 0.304658 -0.387058 0.512713 
v 0.30438 -0.387096 0.512734 
v 0.303981 -0.387211 0.512797 
v 0.304244 -0.387128 0.512751 
v 0.3048 -0.387053 0.51271 
v 0.303727 -0.0126544 0.372359 
v 0.3048 -0.180581 0.435283 
v 0.304765 -0.0127 0.372328 
v 0.3048 -0.0126986 0.372329 
v 0.304927 -0.180577 0.435282 
v 0.302409 -0.388094 0.513341 
v 0.303279 -0.387547 0.512993 
v 0.303377 -0.387491 0.512959 
v 0.303044 -0.387683 0.513075 
v 0.301117 -0.389014 0.514023 
v 0.301588 -0.388679 0.513774 
v 0.299881 -0.389919 0.514833 
v 0.300142 -0.389727 0.514662 
v 0.298693 -0.390768 0.515758 
v 0.298823 -0.390675 0.515657 
v 0.297565 -0.391536 0.516784 
v 0.297604 -0.39151 0.516749 
v 0.296529 -0.392195 0.517878 
v 0.295579 -0.392744 0.519041 
v 0.296489 -0.392218 0.517927 
v 0.294722 -0.393176 0.520266 
v 0.295484 -0.392792 0.519176 
v 0.293982 -0.393479 0.521517 
v 0.294341 -0.393342 0.520882 
v 0.294591 -0.393234 0.520478 
v 0.29366 -0.393581 0.522141 
v 0.293825 -0.393529 0.521821 
v 0.29336 -0.393653 0.522785 
v 0.293092 -0.393692 0.52343 
v 0.293193 -0.393678 0.523188 
v 0.292852 -0.393698 0.524083 
v 0.292648 -0.393672 0.524723 
v 0.292699 -0.393678 0.524562 
v 0.292473 -0.393611 0.525372 
v 0.292334 -0.39352 0.526004 
v 0.29235 -0.393531 0.525929 
v 0.292226 -0.393397 0.526633 
v 0.292109 -0.393051 0.527882 
v 0.29215 -0.393237 0.527273 
v 0.292151 -0.39324 0.527261 
v 0.292126 -0.392582 0.529085 
v 0.292105 -0.392796 0.528575 
v 0.292101 -0.392833 0.528488 
v 0.292276 -0.391997 0.530228 
v 0.29221 -0.392218 0.529822 
v 0.292185 -0.392302 0.529667 
v 0.292558 -0.391295 0.531312 
v 0.292466 -0.391508 0.531 
v 0.292401 -0.391658 0.530781 
v 0.292869 -0.390676 0.532094 
v 0.292751 -0.390898 0.531833 
v 0.292974 -0.390478 0.532328 
v 0.293512 -0.389571 0.533246 
v 0.293414 -0.389731 0.533093 
v 0.293231 -0.390032 0.532803 
v 0.294169 -0.388578 0.534067 
v 0.294097 -0.388684 0.533983 
v 0.293828 -0.389081 0.533672 
v 0.29491 -0.387547 0.534756 
v 0.294552 -0.388036 0.534448 
v 0.294952 -0.38749 0.534792 
v 0.295835 -0.386345 0.535396 
v 0.296683 -0.385307 0.535823 
v 0.295846 -0.386332 0.535401 
v 0.297749 -0.384067 0.536199 
v 0.296902 -0.385052 0.5359 
v 0.298057 -0.383728 0.536266 
v 0.298892 -0.382808 0.536446 
v 0.300088 -0.381565 0.536562 
v 0.299312 -0.382372 0.536487 
v 0.301345 -0.380347 0.536558 
v 0.300671 -0.381 0.53656 
v 0.302182 -0.379628 0.536489 
v 0.302649 -0.379227 0.536451 
v 0.303281 -0.378774 0.536378 
v 0.303962 -0.378404 0.536307 
v 0.303613 -0.378574 0.536341 
v 0.304691 -0.378222 0.536268 
v 0.304584 -0.378232 0.53627 
v 0.304477 -0.378248 0.536273 
v 0.3048 -0.378219 0.536267 
v 0.304372 -0.378269 0.536278 
v 0.304369 -0.37827 0.536278 
v 0.305059 -0.175038 0.460071 
v 0.304165 -0.378327 0.536291 
v 0.30493 -0.171743 0.458838 
v 0.305059 0.0031072 0.393251 
v 0.3048 -0.171747 0.45884 
v 0.304169 0.00310763 0.393253 
v 0.305028 0.00310722 0.393251 
v 0.304583 -0.374936 0.535034 
v 0.304691 -0.374944 0.535038 
v 0.304475 -0.374921 0.535026 
v 0.304931 -0.175024 0.460068 
v 0.304163 -0.374849 0.534986 
v 0.30437 -0.374902 0.535015 
v 0.3048 -0.175019 0.460067 
v 0.3048 -0.374947 0.53504 
v 0.305417 -0.175122 0.460089 
v 0.30524 -0.175072 0.460078 
v 0.305592 -0.175185 0.460103 
v 0.306084 -0.175429 0.460152 
v 0.30576 -0.175258 0.460118 
v 0.306393 -0.175622 0.460187 
v 0.30523 -0.17507 0.460078 
v 0.307436 -0.176427 0.460298 
v 0.307062 -0.176114 0.460263 
v 0.307698 -0.176646 0.460322 
v 0.308958 -0.177816 0.460375 
v 0.308941 -0.1778 0.460374 
v 0.310294 -0.179172 0.460295 
v 0.311357 -0.180314 0.460124 
v 0.311545 -0.180528 0.460069 
v 0.312439 -0.181543 0.459811 
v 0.313449 -0.182752 0.45937 
v 0.312697 -0.181851 0.459699 
v 0.313744 -0.183126 0.459188 
v 0.314364 -0.183913 0.458807 
v 0.314678 -0.184339 0.458544 
v 0.315169 -0.185005 0.458134 
v 0.31553 -0.185521 0.457758 
v 0.315504 -0.185485 0.457785 
v 0.315866 -0.186025 0.457352 
v 0.316451 -0.186971 0.45646 
v 0.316188 -0.186533 0.456894 
v 0.316171 -0.186505 0.456922 
v 0.316907 -0.187813 0.455488 
v 0.316733 -0.187477 0.455895 
v 0.316692 -0.1874 0.45599 
v 0.317134 -0.188309 0.4548 
v 0.317234 -0.188548 0.454441 
v 0.317086 -0.188192 0.454975 
v 0.317389 -0.189017 0.453622 
v 0.317433 -0.189179 0.453316 
v 0.31735 -0.188876 0.45389 
v 0.317493 -0.189594 0.452374 
v 0.3175 -0.189691 0.452134 
v 0.317483 -0.189449 0.452734 
v 0.31744 -0.190066 0.450968 
v 0.317448 -0.190035 0.451072 
v 0.317485 -0.189893 0.451554 
v 0.317246 -0.190337 0.449703 
v 0.317251 -0.190332 0.44973 
v 0.31736 -0.190218 0.450339 
v 0.316924 -0.190478 0.448428 
v 0.3171 -0.190424 0.449062 
v 0.31671 -0.1905 0.447774 
v 0.316902 -0.19048 0.448363 
v 0.316468 -0.190488 0.447127 
v 0.315886 -0.190366 0.445832 
v 0.316189 -0.190443 0.446471 
v 0.316408 -0.190479 0.446988 
v 0.315549 -0.190255 0.445191 
v 0.315775 -0.190329 0.445621 
v 0.31019 -0.17906 0.460312 
v 0.30466 -0.38377 0.51148 
v 0.304692 -0.378225 0.536269 
v 0.30493 -0.603539 0.620761 
v 0.30493 -0.171739 0.458836 
v 0.305692 -0.603286 0.620634 
v 0.3048 -0.386333 0.512349 
v 0.3048 -0.385055 0.51184 
v 0.3048 -0.375667 0.535401 
v 0.3048 -0.376945 0.53591 
v 0.3048 -0.181855 0.43564 
v 0.3048 -0.183133 0.436149 
v 0.3048 -0.173745 0.45971 
v 0.3048 -0.172467 0.459201 
v -0.0762 -0.386333 0.512349 
v -0.0762 -0.385055 0.51184 
v -0.0762 -0.375667 0.535401 
v -0.0762 -0.376945 0.53591 
v -0.0762 -0.387548 0.512993 
v -0.0762 -0.388686 0.513765 
v -0.0762 -0.389734 0.514655 
v -0.0762 -0.390679 0.515653 
v -0.0762 -0.391512 0.516748 
v -0.0762 -0.392221 0.517926 
v -0.0762 -0.392798 0.519174 
v -0.0762 -0.393237 0.520477 
v -0.0762 -0.393533 0.52182 
v -0.0762 -0.393681 0.523187 
v -0.0762 -0.3937 0.523875 
v -0.0762 -0.393681 0.524563 
v -0.0762 -0.393533 0.52593 
v -0.0762 -0.393237 0.527273 
v -0.0762 -0.392798 0.528576 
v -0.0762 -0.392221 0.529824 
v -0.0762 -0.391512 0.531002 
v -0.0762 -0.390679 0.532097 
v -0.0762 -0.389734 0.533095 
v -0.0762 -0.388686 0.533985 
v -0.0762 -0.387548 0.534757 
v -0.0762 -0.386333 0.535401 
v -0.0762 -0.385055 0.53591 
v -0.0762 -0.38373 0.536278 
v -0.0762 -0.382373 0.536501 
v -0.0762 -0.381 0.536575 
v -0.0762 -0.379627 0.536501 
v -0.0762 -0.37827 0.536278 
v -0.0762 -0.374452 0.534757 
v -0.0762 -0.373314 0.533985 
v -0.0762 -0.372266 0.533095 
v -0.0762 -0.371321 0.532097 
v -0.0762 -0.370488 0.531002 
v -0.0762 -0.369779 0.529824 
v -0.0762 -0.369202 0.528576 
v -0.0762 -0.368763 0.527273 
v -0.0762 -0.368467 0.52593 
v -0.0762 -0.368319 0.524563 
v -0.0762 -0.368319 0.523187 
v -0.0762 -0.368467 0.52182 
v -0.0762 -0.368763 0.520477 
v -0.0762 -0.369202 0.519174 
v -0.0762 -0.369779 0.517926 
v -0.0762 -0.370488 0.516748 
v -0.0762 -0.371321 0.515653 
v -0.0762 -0.372266 0.514655 
v -0.0762 -0.373314 0.513765 
v -0.0762 -0.374452 0.512993 
v -0.0762 -0.375667 0.512349 
v -0.0762 -0.376945 0.51184 
v -0.0762 -0.37827 0.511472 
v -0.0762 -0.379627 0.511249 
v -0.0762 -0.381 0.511175 
v -0.0762 -0.382373 0.511249 
v -0.0762 -0.38373 0.511472 
v -0.0762 -0.381 0.523875 
v 0.6858 -0.181855 0.43564 
v 0.6858 -0.183133 0.436149 
v 0.6858 -0.173745 0.45971 
v 0.6858 -0.172467 0.459201 
v 0.6858 -0.176427 0.460301 
v 0.6858 -0.17507 0.460078 
v 0.6858 -0.1778 0.460375 
v 0.6858 -0.179173 0.460301 
v 0.6858 -0.18053 0.460078 
v 0.6858 -0.181855 0.45971 
v 0.6858 -0.183133 0.459201 
v 0.6858 -0.184348 0.458557 
v 0.6858 -0.185486 0.457785 
v 0.6858 -0.186534 0.456895 
v 0.6858 -0.187479 0.455897 
v 0.6858 -0.188312 0.454802 
v 0.6858 -0.189021 0.453624 
v 0.6858 -0.189598 0.452376 
v 0.6858 -0.190037 0.451073 
v 0.6858 -0.190333 0.44973 
v 0.6858 -0.190481 0.448363 
v 0.6858 -0.190481 0.446987 
v 0.6858 -0.1905 0.447675 
v 0.6858 -0.190333 0.44562 
v 0.6858 -0.190037 0.444277 
v 0.6858 -0.189598 0.442974 
v 0.6858 -0.189021 0.441726 
v 0.6858 -0.188312 0.440548 
v 0.6858 -0.187479 0.439453 
v 0.6858 -0.186534 0.438455 
v 0.6858 -0.185486 0.437565 
v 0.6858 -0.184348 0.436793 
v 0.6858 -0.179173 0.435049 
v 0.6858 -0.18053 0.435272 
v 0.6858 -0.1778 0.434975 
v 0.6858 -0.176427 0.435049 
v 0.6858 -0.17507 0.435272 
v 0.6858 -0.173745 0.43564 
v 0.6858 -0.172467 0.436149 
v 0.6858 -0.171252 0.436793 
v 0.6858 -0.170114 0.437565 
v 0.6858 -0.169066 0.438455 
v 0.6858 -0.168121 0.439453 
v 0.6858 -0.167288 0.440548 
v 0.6858 -0.166579 0.441726 
v 0.6858 -0.166002 0.442974 
v 0.6858 -0.165563 0.444277 
v 0.6858 -0.165267 0.44562 
v 0.6858 -0.165119 0.446987 
v 0.6858 -0.165119 0.448363 
v 0.6858 -0.165267 0.44973 
v 0.6858 -0.165563 0.451073 
v 0.6858 -0.166002 0.452376 
v 0.6858 -0.166579 0.453624 
v 0.6858 -0.167288 0.454802 
v 0.6858 -0.168121 0.455897 
v 0.6858 -0.169066 0.456895 
v 0.6858 -0.170114 0.457785 
v 0.6858 -0.171252 0.458557 
v 0.6858 -0.1778 0.447675 
v 0.3048 0.0127 1.76248e-19 
v 0.304044 0.0126775 0.366562 
v 0.304053 0.0126777 0.366561 
v 0.304113 0.0126628 0.000686556 
v 0.303427 0.0126204 0.366627 
v 0.303427 0.0126256 0.00137311 
v 0.30238 0.0124674 0.366801 
v 0.302726 0.0125226 0.366738 
v 0.302748 0.0125143 0.00205162 
v 0.30207 0.0124023 0.366875 
v 0.30207 0.0124031 0.00273012 
v 0.303217 0.0126009 0.366649 
v 0.301155 0.0121657 0.367145 
v 0.30144 0.0122404 0.367059 
v 0.302006 0.0123888 0.366891 
v 0.301407 0.0122191 0.00339263 
v 0.300747 0.0120278 0.367302 
v 0.300745 0.0120352 0.00405513 
v 0.300182 0.011826 0.367532 
v 0.300106 0.0117807 0.00469386 
v 0.299467 0.0115261 0.367873 
v 0.299467 0.0115262 0.00533259 
v 0.300309 0.0118794 0.367471 
v 0.299112 0.0113552 0.368068 
v 0.299465 0.0115251 0.367874 
v 0.298965 0.0112734 0.368161 
v 0.29886 0.0112041 0.00594006 
v 0.298254 0.0108797 0.368609 
v 0.298252 0.0108821 0.00654753 
v 0.297299 0.0102485 0.369328 
v 0.29783 0.0106036 0.368924 
v 0.297683 0.0104962 0.00711662 
v 0.297119 0.0101041 0.369492 
v 0.297114 0.0101104 0.00768571 
v 0.298193 0.0108459 0.368648 
v 0.296435 0.0095557 0.370117 
v 0.296769 0.00982387 0.369812 
v 0.296251 0.00939176 0.370304 
v 0.29659 0.00966526 0.00820975 
v 0.296074 0.00921249 0.370508 
v 0.296066 0.00922014 0.00873378 
v 0.295306 0.00843552 0.371393 
v 0.295858 0.00899377 0.370757 
v 0.295593 0.00872097 0.00920662 
v 0.29513 0.00821417 0.371645 
v 0.295121 0.00822181 0.00967946 
v 0.294449 0.00735844 0.37262 
v 0.294974 0.00801775 0.371869 
v 0.29469 0.00768571 0.0101104 
v 0.294299 0.00712052 0.372891 
v 0.294288 0.00712708 0.0105117 
v 0.293712 0.00619261 0.373947 
v 0.294201 0.00696648 0.373066 
v 0.293918 0.00654753 0.0108821 
v 0.293581 0.00594783 0.374226 
v 0.293579 0.00594879 0.0112206 
v 0.293494 0.00578422 0.374412 
v 0.293523 0.00583892 0.37435 
v 0.293274 0.00533259 0.0115262 
v 0.293016 0.00469486 0.375653 
v 0.293002 0.00470075 0.011798 
v 0.292888 0.00440427 0.375984 
v 0.292989 0.00463412 0.375722 
v 0.292765 0.00405513 0.0120352 
v 0.29258 0.00339245 0.377136 
v 0.292583 0.0034031 0.377124 
v 0.292397 0.00273012 0.0124031 
v 0.292287 0.0020511 0.378664 
v 0.292301 0.00212884 0.378575 
v 0.292563 0.00339761 0.0122371 
v 0.292454 0.00297933 0.377607 
v 0.292174 0.00137311 0.0126256 
v 0.292141 0.000686263 0.380218 
v 0.292149 0.000827684 0.380057 
v 0.292267 0.00205463 0.0125327 
v 0.292191 0.00151468 0.379275 
v 0.2921 -2.1567e-18 0.0127 
v 0.292119 -0.000687564 0.0126814 
v 0.2921 1.49329e-05 0.380983 
v 0.292119 0.000687564 0.0126814 
v 0.292174 -0.00137311 0.0126256 
v 0.292267 -0.00205463 0.0125327 
v 0.292397 -0.00273012 0.0124031 
v 0.292563 -0.00339761 0.0122371 
v 0.292765 -0.00405513 0.0120352 
v 0.293002 -0.00470075 0.011798 
v 0.293274 -0.00533259 0.0115262 
v 0.293579 -0.00594879 0.0112206 
v 0.293918 -0.00654753 0.0108821 
v 0.294288 -0.00712708 0.0105117 
v 0.29469 -0.00768571 0.0101104 
v 0.295135 -0.00820975 0.00966526 
v 0.29558 -0.00873378 0.00922014 
v 0.296079 -0.00920662 0.00872097 
v 0.296578 -0.00967946 0.00822181 
v 0.297126 -0.0100956 0.00767444 
v 0.297673 -0.0105117 0.00712708 
v 0.298262 -0.0108661 0.00653793 
v 0.298851 -0.0112206 0.00594879 
v 0.299475 -0.0115093 0.00532477 
v 0.300099 -0.011798 0.00470075 
v 0.300751 -0.0120175 0.00404918 
v 0.301402 -0.0122371 0.00339761 
v 0.302074 -0.0123849 0.00272612 
v 0.302745 -0.0125327 0.00205463 
v 0.303429 -0.012607 0.0013711 
v 0.304112 -0.0126814 0.000687564 
v 0.3048 -0.0127 -1.76248e-19 
v 0.305487 -0.0126628 0.000686556 
v 0.306173 -0.0126256 0.00137311 
v 0.306852 -0.0125143 0.00205162 
v 0.30753 -0.0124031 0.00273012 
v 0.308193 -0.0122191 0.00339263 
v 0.308855 -0.0120352 0.00405513 
v 0.309494 -0.0117807 0.00469386 
v 0.310133 -0.0115262 0.00533259 
v 0.31074 -0.0112041 0.00594006 
v 0.311348 -0.0108821 0.00654753 
v 0.311917 -0.0104962 0.00711662 
v 0.312486 -0.0101104 0.00768571 
v 0.31301 -0.00966526 0.00820975 
v 0.313534 -0.00922014 0.00873378 
v 0.314007 -0.00872097 0.00920662 
v 0.314479 -0.00822181 0.00967946 
v 0.31491 -0.00768571 0.0101104 
v 0.315312 -0.00712708 0.0105117 
v 0.315682 -0.00654753 0.0108821 
v 0.316326 -0.00533259 0.0115262 
v 0.316021 -0.00594879 0.0112206 
v 0.316835 -0.00405513 0.0120352 
v 0.316598 -0.00470075 0.011798 
v 0.317203 -0.00273012 0.0124031 
v 0.317037 -0.00339761 0.0122371 
v 0.317426 -0.00137311 0.0126256 
v 0.317333 -0.00205463 0.0125327 
v 0.3175 9.53898e-19 0.0127 
v 0.317481 0.000687564 0.0126814 
v 0.317455 0.000685859 0.380219 
v 0.3175 1.49335e-05 0.380983 
v 0.317481 -0.000687564 0.0126814 
v 0.317388 0.00168107 0.379085 
v 0.317414 0.00129434 0.379526 
v 0.317426 0.00137311 0.0126256 
v 0.317313 0.00205081 0.378664 
v 0.317333 0.00205463 0.0125327 
v 0.317047 0.00336223 0.377171 
v 0.317208 0.00257017 0.378073 
v 0.317203 0.00273012 0.0124031 
v 0.317036 0.0033973 0.377131 
v 0.317037 0.00339761 0.0122371 
v 0.316817 0.00410889 0.37632 
v 0.3169 0.00383968 0.376627 
v 0.316835 0.00405513 0.0120352 
v 0.316577 0.00469225 0.375656 
v 0.316598 0.00470075 0.011798 
v 0.316234 0.00552827 0.374704 
v 0.316427 0.00505877 0.375239 
v 0.316326 0.00533259 0.0115262 
v 0.316003 0.00593919 0.374236 
v 0.316021 0.00594879 0.0112206 
v 0.315483 0.00686824 0.373178 
v 0.315848 0.00621542 0.373921 
v 0.315682 0.00654753 0.0108821 
v 0.315299 0.00711818 0.372893 
v 0.315312 0.00712708 0.0105117 
v 0.314566 0.00811927 0.371753 
v 0.315151 0.00732019 0.372663 
v 0.31491 0.00768571 0.0101104 
v 0.314479 0.00822148 0.371637 
v 0.314465 0.00820975 0.00966526 
v 0.31402 0.00873378 0.00922014 
v 0.31353 0.00921628 0.370504 
v 0.31435 0.00836454 0.371474 
v 0.314416 0.00829549 0.371552 
v 0.313521 0.00920662 0.00872097 
v 0.313022 0.00967946 0.00822181 
v 0.312483 0.0101066 0.36949 
v 0.313439 0.0093077 0.3704 
v 0.313454 0.00929545 0.370414 
v 0.312474 0.0100956 0.00767444 
v 0.312407 0.0101701 0.369417 
v 0.312432 0.0101486 0.369442 
v 0.311347 0.0108815 0.368607 
v 0.311438 0.010827 0.368669 
v 0.311927 0.0105117 0.00712708 
v 0.311338 0.0108661 0.00653793 
v 0.3112 0.0109694 0.368507 
v 0.311332 0.0108904 0.368597 
v 0.310255 0.0114687 0.367938 
v 0.310131 0.0115217 0.367878 
v 0.310173 0.0115038 0.367898 
v 0.310749 0.0112206 0.00594879 
v 0.310125 0.0115093 0.00532477 
v 0.308852 0.012027 0.367303 
v 0.308952 0.0119937 0.36734 
v 0.309501 0.011798 0.00470075 
v 0.309284 0.0118822 0.367467 
v 0.308849 0.0120175 0.00404918 
v 0.307529 0.0123989 0.366879 
v 0.307672 0.0123638 0.366919 
v 0.308198 0.0122371 0.00339761 
v 0.308246 0.0122235 0.367079 
v 0.307526 0.0123849 0.00272612 
v 0.308396 0.0121802 0.367128 
v 0.306515 0.0125837 0.366669 
v 0.307384 0.0124342 0.366839 
v 0.306172 0.0126182 0.366629 
v 0.306369 0.0125984 0.366652 
v 0.306855 0.0125327 0.00205463 
v 0.306171 0.012607 0.0013711 
v 0.304867 0.0126998 0.366536 
v 0.305055 0.0126932 0.366544 
v 0.3048 0.012698 0.366538 
v 0.305488 0.0126814 0.000687564 
v 0.305632 0.0126727 0.366567 
v 0.6096 -0.0126814 -0.000687564 
v 0 -0.0126814 -0.000687564 
v 0 -0.0125327 -0.00205463 
v 0.6096 -0.0125327 -0.00205463 
v 0 -0.0122371 -0.00339761 
v 0.6096 -0.0122371 -0.00339761 
v 0 -0.011798 -0.00470075 
v 0.6096 -0.011798 -0.00470075 
v 0 -0.0112206 -0.00594879 
v 0.6096 -0.0112206 -0.00594879 
v 0 -0.0105117 -0.00712708 
v 0.6096 -0.0105117 -0.00712708 
v 0 -0.00967946 -0.00822181 
v 0.6096 -0.00967946 -0.00822181 
v 0 -0.00873378 -0.00922014 
v 0.6096 -0.00873378 -0.00922014 
v 0 -0.00768571 -0.0101104 
v 0.6096 -0.00768571 -0.0101104 
v 0 -0.00654753 -0.0108821 
v 0.6096 -0.00654753 -0.0108821 
v 0 -0.00533259 -0.0115262 
v 0.6096 -0.00533259 -0.0115262 
v 0 -0.00405513 -0.0120352 
v 0.6096 -0.00405513 -0.0120352 
v 0 -0.00273012 -0.0124031 
v 0.6096 -0.00273012 -0.0124031 
v 0 -0.00137311 -0.0126256 
v 0.6096 -0.00137311 -0.0126256 
v 0 -1.73153e-18 -0.0127 
v 0.6096 -1.73157e-18 -0.0127 
v 0 0.00137311 -0.0126256 
v 0.6096 0.00137311 -0.0126256 
v 0 0.00273012 -0.0124031 
v 0.6096 0.00273012 -0.0124031 
v 0 0.00405513 -0.0120352 
v 0.6096 0.00405513 -0.0120352 
v 0 0.00533259 -0.0115262 
v 0.6096 0.00533259 -0.0115262 
v 0 0.00654753 -0.0108821 
v 0.6096 0.00654753 -0.0108821 
v 0 0.00768571 -0.0101104 
v 0.6096 0.00768571 -0.0101104 
v 0 0.00873378 -0.00922014 
v 0.6096 0.00873378 -0.00922014 
v 0 0.00967946 -0.00822181 
v 0.6096 0.00967946 -0.00822181 
v 0 0.0105117 -0.00712708 
v 0.6096 0.0105117 -0.00712708 
v 0 0.0112206 -0.00594879 
v 0.6096 0.0112206 -0.00594879 
v 0 0.011798 -0.00470075 
v 0.6096 0.011798 -0.00470075 
v 0 0.0122371 -0.00339761 
v 0.6096 0.0122371 -0.00339761 
v 0 0.0125327 -0.00205463 
v 0.6096 0.0125327 -0.00205463 
v 0 0.0126814 -0.000687564 
v 0.6096 0.0126814 0.000687564 
v 0.6096 0.0125327 0.00205463 
v 0.6096 0.0122371 0.00339761 
v 0.6096 0.011798 0.00470075 
v 0.6096 0.0112206 0.00594879 
v 0.6096 0.0105117 0.00712708 
v 0.6096 0.00967946 0.00822181 
v 0.6096 0.00873378 0.00922014 
v 0.6096 0.00768571 0.0101104 
v 0.6096 0.00654753 0.0108821 
v 0.6096 0.00533259 0.0115262 
v 0.6096 0.00405513 0.0120352 
v 0.6096 0.00273012 0.0124031 
v 0.6096 0.00137311 0.0126256 
v 0.6096 1.7623e-19 0.0127 
v 0.6096 -0.00137311 0.0126256 
v 0.6096 -0.00273012 0.0124031 
v 0.6096 -0.00405513 0.0120352 
v 0.6096 -0.00533259 0.0115262 
v 0.6096 -0.00654753 0.0108821 
v 0.6096 -0.00768571 0.0101104 
v 0.6096 -0.00873378 0.00922014 
v 0.6096 -0.00967946 0.00822181 
v 0.6096 -0.0105117 0.00712708 
v 0.6096 -0.0112206 0.00594879 
v 0.6096 -0.011798 0.00470075 
v 0.6096 -0.0122371 0.00339761 
v 0.6096 -0.0125327 0.00205463 
v 0.6096 -0.0126814 0.000687564 
v 0 -0.0126814 0.000687564 
v 0 -0.0127 4.48965e-18 
v 0.6096 -0.0127 7.01899e-18 
v 0 -0.0125327 0.00205463 
v 0 -0.0122371 0.00339761 
v 0 -0.011798 0.00470075 
v 0 -0.0112206 0.00594879 
v 0 -0.0105117 0.00712708 
v 0 -0.00967946 0.00822181 
v 0 -0.00873378 0.00922014 
v 0 -0.00768571 0.0101104 
v 0 -0.00654753 0.0108821 
v 0 -0.00533259 0.0115262 
v 0 -0.00405513 0.0120352 
v 0 -0.00273012 0.0124031 
v 0 -0.00137311 0.0126256 
v 0 1.76266e-19 0.0127 
v 0 0.00137311 0.0126256 
v 0 0.00273012 0.0124031 
v 0 0.00405513 0.0120352 
v 0 0.00533259 0.0115262 
v 0 0.00654753 0.0108821 
v 0 0.00768571 0.0101104 
v 0 0.00873378 0.00922014 
v 0 0.00967946 0.00822181 
v 0 0.0105117 0.00712708 
v 0 0.0112206 0.00594879 
v 0 0.011798 0.00470075 
v 0 0.0122371 0.00339761 
v 0 0.0125327 0.00205463 
v 0 0.0126814 0.000687564 
v 0.6096 0.0126814 -0.000687564 
v 0.6096 -1.78491e-23 7.77656e-19 
v 0 -0.00774357 -0.00657744 
v 0 -0.00698703 -0.00737611 
v 0 -0.00840932 -0.00570166 
v 0 -0.00426607 0.00922097 
v 0 -0.0032441 0.00962816 
v 0 -0.00109849 0.0101004 
v 0 1.41016e-19 0.01016 
v 0 0.00109849 0.0101004 
v 0 0.0021841 0.00992246 
v 0 0.00774357 -0.00657744 
v 0 0.00840932 -0.00570166 
v 0 0.00698703 -0.00737611 
v 0 -0.00897648 -0.00475903 
v 0 -0.0101451 -0.000550051 
v 0 -0.00774357 0.00657744 
v 0 -0.00840932 0.00570166 
v 0 -0.00698703 0.00737611 
v 0 -0.0021841 0.00992246 
v 0 0.00426607 0.00922097 
v 0 0.00523803 0.00870567 
v 0 0.00774357 0.00657744 
v 0 0.00698703 0.00737611 
v 0 0.00840932 0.00570166 
v 0 0.00897648 -0.00475903 
v 0 -0.00109849 -0.0101004 
v 0 -1.38522e-18 -0.01016 
v 0 -0.0021841 -0.00992246 
v 0 -0.0032441 -0.00962816 
v 0 -0.00426607 -0.00922097 
v 0 -0.0094384 -0.0037606 
v 0 -0.00978967 -0.00271809 
v 0 -0.0100262 -0.00164371 
v 0 -0.0101451 0.000550051 
v 0 -0.00897648 0.00475903 
v 0 0.0032441 0.00962816 
v 0 0.00897648 0.00475903 
v 0 0.0101451 0.000550051 
v 0 0.0100262 0.00164371 
v 0 0.0101451 -0.000550051 
v 0 0.00978967 -0.00271809 
v 0 0.0100262 -0.00164371 
v 0 0.0094384 -0.0037606 
v 0 -0.0100262 0.00164371 
v 0 -0.00978967 0.00271809 
v 0 -0.0094384 0.0037606 
v 0 -0.00614857 0.00808831 
v 0 -0.00523803 0.00870567 
v 0 0.0094384 0.0037606 
v 0 0.00978967 0.00271809 
v 0 -0.00523803 -0.00870567 
v 0 -0.00614857 -0.00808831 
v 0 0.00614857 0.00808831 
v 0 0.00109849 -0.0101004 
v 0 0.00426607 -0.00922097 
v 0 0.0032441 -0.00962816 
v 0 0.0021841 -0.00992246 
v 0 0.00614857 -0.00808831 
v 0 0.00523803 -0.00870567 
v 0.60706 0.0100262 -0.00164371 
v 0.60706 0.0101451 -0.000550051 
v 0.60706 0.00978967 -0.00271809 
v 0.60706 0.0094384 -0.0037606 
v 0.60706 0.00897648 -0.00475903 
v 0.60706 0.00840932 -0.00570166 
v 0.60706 0.00774357 -0.00657744 
v 0.60706 0.00698703 -0.00737611 
v 0.60706 0.00614857 -0.00808831 
v 0.60706 0.00523803 -0.00870567 
v 0.60706 0.00426607 -0.00922097 
v 0.60706 0.0032441 -0.00962816 
v 0.60706 0.0021841 -0.00992246 
v 0.60706 0.00109849 -0.0101004 
v 0.60706 -3.87374e-18 -0.01016 
v 0.60706 -0.00109849 -0.0101004 
v 0.60706 -0.0021841 -0.00992246 
v 0.60706 -0.0032441 -0.00962816 
v 0.60706 -0.00426607 -0.00922097 
v 0.60706 -0.00523803 -0.00870567 
v 0.60706 -0.00614857 -0.00808831 
v 0.60706 -0.00698703 -0.00737611 
v 0.60706 -0.00774357 -0.00657744 
v 0.60706 -0.00840932 -0.00570166 
v 0.60706 -0.00897648 -0.00475903 
v 0.60706 -0.0094384 -0.0037606 
v 0.60706 -0.00978967 -0.00271809 
v 0.60706 -0.0100262 -0.00164371 
v 0.60706 -0.0101451 -0.000550051 
v 0.297101 0.0101002 0.00110116 
v 0.297005 0.0100262 0.00164371 
v 0.29716 0.0101451 0.000550051 
v 0.296872 0.00992173 0.00218742 
v 0.29671 0.00978967 0.00271809 
v 0.296516 0.00962667 0.00324851 
v 0.296301 0.00943631 0.00375982 
v 0.296268 0.00940725 0.00383788 
v 0.295816 0.00897648 0.00475903 
v 0.295337 0.00846667 0.00560634 
v 0.295283 0.00840932 0.00570166 
v 0.294734 0.00774357 0.00657744 
v 0.294512 0.00743229 0.00690606 
v 0.294195 0.00698703 0.00737611 
v 0.293793 0.00632201 0.00794099 
v 0.293688 0.00614857 0.00808831 
v 0.293452 0.00570298 0.00840843 
v 0.293232 0.00523645 0.00870317 
v 0.293189 0.00514464 0.00876118 
v 0.292838 0.00426607 0.00922097 
v 0.292716 0.00390819 0.00937826 
v 0.292521 0.0032441 0.00962816 
v 0.292375 0.00262928 0.00981389 
v 0.292289 0.0021841 0.00992246 
v 0.292169 0.00132182 0.0100736 
v 0.292148 0.00109849 0.0101004 
v 0.292112 0.000548388 0.0101452 
v 0.2921 -2.28642e-19 0.01016 
v 0.292112 -0.000550117 0.0101451 
v 0.292152 -0.00109793 0.0100944 
v 0.292169 -0.00132182 0.0100736 
v 0.292289 -0.0021841 0.00992246 
v 0.292375 -0.00262928 0.00981389 
v 0.292521 -0.0032441 0.00962816 
v 0.292716 -0.00390819 0.00937826 
v 0.292838 -0.00426607 0.00922097 
v 0.293189 -0.00514464 0.00876118 
v 0.293231 -0.00523803 0.00870567 
v 0.293453 -0.00570342 0.00840812 
v 0.29369 -0.00614499 0.00808345 
v 0.293787 -0.00632521 0.00795093 
v 0.294195 -0.00698703 0.00737611 
v 0.294512 -0.00743229 0.00690606 
v 0.294734 -0.00774357 0.00657744 
v 0.295283 -0.00840474 0.00569824 
v 0.295335 -0.00846815 0.00561391 
v 0.295816 -0.00897648 0.00475903 
v 0.296268 -0.00940725 0.00383788 
v 0.296303 -0.0094384 0.0037606 
v 0.296516 -0.00962642 0.00324926 
v 0.29671 -0.00978967 0.00271809 
v 0.296873 -0.00992216 0.00218549 
v 0.297005 -0.0100262 0.00164371 
v 0.297101 -0.0101001 0.00110182 
v 0.29718 -0.01016 -1.40998e-19 
v 0.31242 -0.01016 -1.40998e-19 
v 0.60706 -0.0101451 0.000550051 
v 0.29716 -0.0101451 0.000550051 
v 0.312499 -0.0101002 0.00110116 
v 0.312595 -0.0100262 0.00164371 
v 0.31244 -0.0101451 0.000550051 
v 0.60706 -0.0100262 0.00164371 
v 0.312728 -0.00992173 0.00218742 
v 0.31289 -0.00978967 0.00271809 
v 0.60706 -0.00978967 0.00271809 
v 0.313084 -0.00962667 0.00324851 
v 0.313299 -0.00943631 0.00375982 
v 0.60706 -0.0094384 0.0037606 
v 0.313332 -0.00940725 0.00383788 
v 0.313784 -0.00897648 0.00475903 
v 0.60706 -0.00897648 0.00475903 
v 0.314263 -0.00846667 0.00560634 
v 0.60706 -0.00840932 0.00570166 
v 0.314317 -0.00840932 0.00570166 
v 0.314866 -0.00774357 0.00657744 
v 0.60706 -0.00774357 0.00657744 
v 0.315088 -0.00743229 0.00690606 
v 0.60706 -0.00698703 0.00737611 
v 0.315405 -0.00698703 0.00737611 
v 0.315807 -0.00632201 0.00794099 
v 0.60706 -0.00614857 0.00808831 
v 0.315912 -0.00614857 0.00808831 
v 0.316148 -0.00570298 0.00840843 
v 0.60706 -0.00523803 0.00870567 
v 0.316368 -0.00523645 0.00870317 
v 0.316411 -0.00514464 0.00876118 
v 0.60706 -0.00426607 0.00922097 
v 0.316762 -0.00426607 0.00922097 
v 0.316884 -0.00390819 0.00937826 
v 0.60706 -0.0032441 0.00962816 
v 0.317079 -0.0032441 0.00962816 
v 0.317225 -0.00262928 0.00981389 
v 0.60706 -0.0021841 0.00992246 
v 0.317311 -0.0021841 0.00992246 
v 0.317431 -0.00132182 0.0100736 
v 0.60706 -0.00109849 0.0101004 
v 0.317452 -0.00109849 0.0101004 
v 0.317488 -0.000548388 0.0101452 
v 0.60706 1.40981e-19 0.01016 
v 0.60706 0.00109849 0.0101004 
v 0.3175 -6.07165e-18 0.01016 
v 0.317488 0.000550117 0.0101451 
v 0.60706 0.0021841 0.00992246 
v 0.317448 0.00109793 0.0100944 
v 0.317431 0.00132182 0.0100736 
v 0.60706 0.0032441 0.00962816 
v 0.317311 0.0021841 0.00992246 
v 0.317225 0.00262928 0.00981389 
v 0.60706 0.00426607 0.00922097 
v 0.317079 0.0032441 0.00962816 
v 0.316884 0.00390819 0.00937826 
v 0.60706 0.00523803 0.00870567 
v 0.316762 0.00426607 0.00922097 
v 0.316411 0.00514464 0.00876118 
v 0.60706 0.00614857 0.00808831 
v 0.316369 0.00523803 0.00870567 
v 0.316147 0.00570342 0.00840812 
v 0.60706 0.00698703 0.00737611 
v 0.31591 0.00614499 0.00808345 
v 0.315813 0.00632521 0.00795093 
v 0.60706 0.00774357 0.00657744 
v 0.315405 0.00698703 0.00737611 
v 0.315088 0.00743229 0.00690606 
v 0.60706 0.00840932 0.00570166 
v 0.314866 0.00774357 0.00657744 
v 0.60706 0.00897648 0.00475903 
v 0.314317 0.00840474 0.00569824 
v 0.314265 0.00846815 0.00561391 
v 0.60706 0.0094384 0.0037606 
v 0.313784 0.00897648 0.00475903 
v 0.313332 0.00940725 0.00383788 
v 0.60706 0.00978967 0.00271809 
v 0.313297 0.0094384 0.0037606 
v 0.313084 0.00962642 0.00324926 
v 0.60706 0.0100262 0.00164371 
v 0.31289 0.00978967 0.00271809 
v 0.312727 0.00992216 0.00218549 
v 0.60706 0.0101451 0.000550051 
v 0.312595 0.0100262 0.00164371 
v 0.312499 0.0101001 0.00110182 
v 0.29718 0.01016 1.40998e-19 
v 0.31244 0.0101451 0.000550051 
v 0.31242 0.01016 1.40998e-19 
v 0.292169 0.00132182 1.83437e-20 
v 0.292716 -0.00390819 -5.42372e-20 
v 0.292375 -0.00262928 -3.64888e-20 
v 0.292716 0.00390819 5.42368e-20 
v 0.293189 0.00514464 7.1396e-20 
v 0.292375 0.00262928 3.64884e-20 
v 0.292169 -0.00132182 -1.83442e-20 
v 0.315095 -0.00743707 -1.0321e-19 
v 0.316884 -0.00390819 -5.42368e-20 
v 0.316411 -0.00514464 -7.1396e-20 
v 0.317431 -0.00132182 -1.83437e-20 
v 0.317225 -0.00262928 -3.64884e-20 
v 0.317431 0.00132182 1.83442e-20 
v 0.3175 -4.86228e-18 2.15734e-25 
v 0.316884 0.00390819 5.42372e-20 
v 0.317225 0.00262928 3.64888e-20 
v 0.293787 0.00632521 8.77797e-20 
v 0.2921 -2.33295e-18 -2.15734e-25 
v 0.294505 0.00743707 1.0321e-19 
v 0.293787 -0.00632521 -8.77801e-20 
v 0.293189 -0.00514464 -7.13964e-20 
v 0.315095 0.00743707 1.0321e-19 
v 0.315813 0.00632521 8.77801e-20 
v 0.294505 -0.00743707 -1.0321e-19 
v 0.316411 0.00514464 7.13964e-20 
v 0.296268 -0.00940725 -1.30552e-19 
v 0.295335 -0.00846815 -1.17519e-19 
v 0.314265 -0.00846815 -1.17519e-19 
v 0.295335 0.00846815 1.17519e-19 
v 0.313332 0.00940725 1.30552e-19 
v 0.315813 -0.00632521 -8.77797e-20 
v 0.313332 -0.00940725 -1.30552e-19 
v 0.314265 0.00846815 1.17519e-19 
v 0.296268 0.00940725 1.30552e-19 
v 0.60706 -1.77004e-23 7.77656e-19 
v 0.306128 0.9144 0.26663 
v 0.306042 0.613439 0.308439 
v 0.306348 0.61362 0.30838 
v 0.305553 0.613209 0.30851 
v 0.305721 0.613278 0.308489 
v 0.305028 0.613075 0.308549 
v 0.305207 0.613106 0.30854 
v 0.305382 0.613151 0.308527 
v 0.306346 0.9144 0.266596 
v 0.307647 0.9144 0.266367 
v 0.306398 0.613655 0.308368 
v 0.307014 0.614081 0.308216 
v 0.30744 0.9144 0.266422 
v 0.307649 0.614574 0.308019 
v 0.308725 0.9144 0.266078 
v 0.308073 0.614927 0.307848 
v 0.308933 0.615645 0.307503 
v 0.308929 0.9144 0.266 
v 0.309966 0.9144 0.265602 
v 0.309506 0.61614 0.307202 
v 0.310166 0.61671 0.306857 
v 0.310161 0.9144 0.265502 
v 0.31115 0.9144 0.264999 
v 0.310819 0.617276 0.306431 
v 0.311322 0.9144 0.264887 
v 0.311327 0.617718 0.3061 
v 0.312265 0.9144 0.264275 
v 0.312031 0.618324 0.305542 
v 0.312428 0.618665 0.305228 
v 0.312423 0.9144 0.264147 
v 0.313298 0.9144 0.263438 
v 0.313143 0.619269 0.304546 
v 0.313442 0.9144 0.263294 
v 0.313449 0.619527 0.304255 
v 0.314238 0.9144 0.262498 
v 0.314148 0.620102 0.303454 
v 0.314356 0.9144 0.262352 
v 0.314363 0.620279 0.303207 
v 0.315075 0.9144 0.261465 
v 0.315036 0.620812 0.302277 
v 0.315176 0.620924 0.302083 
v 0.31517 0.9144 0.261318 
v 0.315876 0.9144 0.260198 
v 0.315541 0.621202 0.301499 
v 0.315802 0.621395 0.301033 
v 0.315799 0.9144 0.26035 
v 0.316454 0.9144 0.259031 
v 0.316183 0.621668 0.300289 
v 0.316431 0.621836 0.29973 
v 0.316402 0.9144 0.259166 
v 0.315883 0.621455 0.300888 
v 0.316878 0.9144 0.257925 
v 0.31646 0.621855 0.299665 
v 0.316702 0.622008 0.299042 
v 0.316909 0.9144 0.25781 
v 0.317222 0.9144 0.25664 
v 0.316919 0.622132 0.298388 
v 0.317094 0.622219 0.297764 
v 0.316915 0.62213 0.298404 
v 0.317239 0.9144 0.256535 
v 0.31743 0.9144 0.255328 
v 0.317244 0.622276 0.297109 
v 0.31726 0.622279 0.297021 
v 0.317435 0.9144 0.255243 
v 0.317358 0.622299 0.296462 
v 0.317452 0.622278 0.295646 
v 0.3175 0.9144 0.254 
v 0.317439 0.622289 0.295814 
v 0.317485 0.622249 0.295201 
v 0.3175 0.622179 0.294586 
v 0.317492 0.622129 0.294279 
v 0.317416 0.913105 0.252885 
v 0.317456 0.913714 0.253409 
v 0.3175 0.914383 0.253985 
v 0.317483 0.622074 0.293949 
v 0.317434 0.621938 0.293323 
v 0.317382 0.621833 0.292937 
v 0.317215 0.911828 0.251786 
v 0.317315 0.912349 0.252233 
v 0.317351 0.621769 0.292701 
v 0.317392 0.912745 0.252575 
v 0.317236 0.621572 0.292095 
v 0.317122 0.621395 0.291634 
v 0.316884 0.910565 0.250698 
v 0.317025 0.911006 0.251078 
v 0.317106 0.911263 0.251299 
v 0.317087 0.62134 0.291489 
v 0.316905 0.621078 0.290898 
v 0.316715 0.620819 0.290385 
v 0.316427 0.909341 0.249644 
v 0.316591 0.909702 0.249955 
v 0.31665 0.909831 0.250066 
v 0.316689 0.620783 0.290313 
v 0.315864 0.908176 0.24864 
v 0.316169 0.620116 0.289213 
v 0.316165 0.620111 0.289206 
v 0.316445 0.620464 0.289757 
v 0.31602 0.908451 0.248878 
v 0.31603 0.908469 0.248893 
v 0.315157 0.907076 0.247693 
v 0.315531 0.619344 0.288188 
v 0.315475 0.619278 0.288113 
v 0.315869 0.619748 0.288697 
v 0.315298 0.907283 0.247871 
v 0.315653 0.907805 0.248321 
v 0.315169 0.61892 0.287706 
v 0.314645 0.618323 0.287124 
v 0.314343 0.906041 0.246802 
v 0.314467 0.906189 0.246929 
v 0.314353 0.617991 0.2868 
v 0.314912 0.906716 0.247383 
v 0.313431 0.905101 0.245992 
v 0.313524 0.90519 0.246069 
v 0.313707 0.617277 0.286234 
v 0.31344 0.616983 0.285999 
v 0.314086 0.905736 0.24654 
v 0.312427 0.904259 0.245267 
v 0.31248 0.904297 0.2453 
v 0.312656 0.616142 0.285461 
v 0.312715 0.904468 0.245447 
v 0.312433 0.615903 0.285308 
v 0.313184 0.904861 0.245785 
v 0.311327 0.903519 0.24463 
v 0.311341 0.903528 0.244638 
v 0.3115 0.614929 0.284815 
v 0.311808 0.903808 0.244879 
v 0.311333 0.614754 0.284726 
v 0.310171 0.9029 0.244097 
v 0.310868 0.903243 0.244393 
v 0.310246 0.613654 0.284302 
v 0.310174 0.613581 0.284273 
v 0.309956 0.902794 0.244006 
v 0.31013 0.902879 0.24408 
v 0.309022 0.902422 0.243686 
v 0.308953 0.902401 0.243668 
v 0.308954 0.612392 0.283944 
v 0.308081 0.902131 0.243435 
v 0.308853 0.90237 0.243641 
v 0.307672 0.902038 0.243355 
v 0.308885 0.61233 0.283933 
v 0.307674 0.611223 0.283737 
v 0.30713 0.901916 0.24325 
v 0.307528 0.902006 0.243327 
v 0.306936 0.901881 0.24322 
v 0.306368 0.901806 0.243155 
v 0.307374 0.610973 0.283711 
v 0.307039 0.610693 0.28368 
v 0.30637 0.610199 0.283647 
v 0.305975 0.901754 0.243111 
v 0.306172 0.90178 0.243133 
v 0.305055 0.901704 0.243067 
v 0.305408 0.609702 0.283634 
v 0.305233 0.609652 0.283633 
v 0.305579 0.609765 0.283634 
v 0.306064 0.610007 0.28364 
v 0.305746 0.609838 0.283636 
v 0.305055 0.609618 0.283633 
v 0.304053 0.355752 0.318912 
v 0.303423 0.901775 0.243128 
v 0.303427 0.901775 0.243128 
v 0.303362 0.356113 0.318921 
v 0.302725 0.356564 0.318948 
v 0.303698 0.355916 0.318915 
v 0.303873 0.355829 0.318913 
v 0.302727 0.90188 0.243219 
v 0.302072 0.902006 0.243327 
v 0.302245 0.356972 0.318997 
v 0.301439 0.902155 0.243456 
v 0.30239 0.901931 0.243263 
v 0.301438 0.357656 0.319079 
v 0.300401 0.902486 0.243741 
v 0.300748 0.902374 0.243644 
v 0.300725 0.358327 0.319222 
v 0.30018 0.35884 0.319331 
v 0.300182 0.902576 0.243818 
v 0.301384 0.902168 0.243467 
v 0.29947 0.902879 0.244079 
v 0.299361 0.359651 0.319589 
v 0.298962 0.360047 0.319715 
v 0.298968 0.903134 0.244298 
v 0.299602 0.902813 0.244022 
v 0.298258 0.903527 0.244637 
v 0.298102 0.360928 0.320096 
v 0.297831 0.903797 0.24487 
v 0.298534 0.903353 0.244488 
v 0.297824 0.361213 0.320219 
v 0.297124 0.904302 0.245304 
v 0.296943 0.362143 0.320737 
v 0.29677 0.904577 0.245541 
v 0.297523 0.903992 0.245037 
v 0.296762 0.362333 0.320843 
v 0.296449 0.904723 0.24578 
v 0.295885 0.363284 0.321503 
v 0.295846 0.904219 0.246408 
v 0.296513 0.904776 0.245713 
v 0.295456 0.903902 0.246882 
v 0.295846 0.363326 0.321532 
v 0.29496 0.364314 0.322372 
v 0.29496 0.903498 0.247486 
v 0.29457 0.903194 0.248059 
v 0.294943 0.364333 0.322392 
v 0.294187 0.902895 0.248622 
v 0.293797 0.902604 0.2493 
v 0.294125 0.365278 0.323391 
v 0.293842 0.365614 0.3238 
v 0.293522 0.902405 0.249826 
v 0.293842 0.902637 0.249213 
v 0.294187 0.365204 0.323301 
v 0.293171 0.902166 0.250603 
v 0.293438 0.366109 0.324486 
v 0.293237 0.36636 0.324865 
v 0.293522 0.366003 0.324327 
v 0.292977 0.902041 0.251078 
v 0.293236 0.902208 0.250443 
v 0.292977 0.366695 0.325432 
v 0.292684 0.901871 0.251946 
v 0.292887 0.366817 0.325664 
v 0.292566 0.901809 0.25234 
v 0.292758 0.90191 0.2517 
v 0.292757 0.366992 0.325997 
v 0.292342 0.901723 0.253313 
v 0.292566 0.367262 0.326583 
v 0.292479 0.367394 0.326912 
v 0.292281 0.901705 0.253629 
v 0.292407 0.901741 0.252983 
v 0.292407 0.367502 0.327181 
v 0.292281 0.367713 0.327795 
v 0.292149 0.901723 0.254687 
v 0.292218 0.367834 0.328215 
v 0.292187 0.367892 0.328417 
v 0.292127 0.901734 0.254932 
v 0.292187 0.901703 0.254278 
v 0.292127 0.36804 0.329056 
v 0.292107 0.90187 0.256054 
v 0.292107 0.36813 0.329557 
v 0.292109 0.901893 0.256208 
v 0.292101 0.901797 0.255569 
v 0.292101 0.368154 0.329691 
v 0.292147 0.36828 0.330924 
v 0.292223 0.902181 0.257462 
v 0.292216 0.902164 0.257397 
v 0.292109 0.368235 0.330328 
v 0.29215 0.368284 0.330971 
v 0.29215 0.902022 0.256842 
v 0.292473 0.902599 0.258693 
v 0.292332 0.368283 0.332264 
v 0.292339 0.368281 0.332299 
v 0.292332 0.902375 0.258084 
v 0.292223 0.3683 0.331613 
v 0.292849 0.903134 0.259863 
v 0.292647 0.368151 0.333554 
v 0.292683 0.36813 0.333665 
v 0.292473 0.368233 0.332911 
v 0.292647 0.902854 0.259291 
v 0.292475 0.902602 0.258701 
v 0.29335 0.903783 0.260969 
v 0.293086 0.367891 0.33481 
v 0.293171 0.367834 0.335008 
v 0.292849 0.368037 0.334182 
v 0.293086 0.903447 0.260428 
v 0.292885 0.903181 0.259948 
v 0.29335 0.367714 0.335423 
v 0.293653 0.904157 0.261508 
v 0.293438 0.903891 0.261125 
v 0.293978 0.904549 0.262015 
v 0.293653 0.367501 0.336044 
v 0.293799 0.367394 0.33631 
v 0.293978 0.367263 0.336638 
v 0.294721 0.905414 0.262975 
v 0.294339 0.366989 0.33723 
v 0.29456 0.366817 0.337558 
v 0.294339 0.904974 0.262511 
v 0.294127 0.904724 0.262219 
v 0.295449 0.366105 0.338734 
v 0.294953 0.905675 0.263211 
v 0.295563 0.906362 0.263833 
v 0.294721 0.366691 0.337797 
v 0.29645 0.365276 0.33983 
v 0.296516 0.907402 0.264598 
v 0.295894 0.906723 0.264098 
v 0.295563 0.366013 0.338881 
v 0.296948 0.907861 0.264868 
v 0.296516 0.365221 0.339901 
v 0.297559 0.364334 0.340831 
v 0.297562 0.364331 0.340834 
v 0.297562 0.908513 0.265253 
v 0.298673 0.363371 0.341656 
v 0.298105 0.909074 0.265512 
v 0.298673 0.90966 0.265782 
v 0.298774 0.363283 0.341718 
v 0.29986 0.910848 0.266193 
v 0.299362 0.91035 0.266021 
v 0.29986 0.36234 0.342375 
v 0.30009 0.362143 0.342485 
v 0.301114 0.912047 0.26648 
v 0.300723 0.911673 0.266391 
v 0.301529 0.360928 0.343127 
v 0.30239 0.913169 0.26664 
v 0.302229 0.913028 0.26662 
v 0.301114 0.361265 0.342977 
v 0.30239 0.360229 0.343438 
v 0.3037 0.914085 0.266696 
v 0.303202 0.359655 0.343646 
v 0.303353 0.359557 0.343679 
v 0.303024 0.913658 0.266678 
v 0.303022 0.35977 0.343607 
v 0.303355 0.913882 0.266689 
v 0.317434 0.596909 0.296799 
v 0.317451 0.596922 0.297021 
v 0.317483 0.596948 0.297439 
v 0.317236 0.596926 0.295518 
v 0.317259 0.596921 0.295646 
v 0.317351 0.596901 0.296158 
v 0.316905 0.597075 0.294232 
v 0.316919 0.597068 0.294279 
v 0.317086 0.596985 0.294867 
v 0.316445 0.597354 0.292966 
v 0.31669 0.5972 0.293591 
v 0.316168 0.597542 0.292347 
v 0.316432 0.597364 0.292936 
v 0.315869 0.597755 0.291752 
v 0.315169 0.598282 0.290573 
v 0.31553 0.598006 0.29115 
v 0.315802 0.597804 0.291634 
v 0.314353 0.598929 0.289447 
v 0.315036 0.598387 0.290389 
v 0.31344 0.599681 0.288403 
v 0.314148 0.599098 0.289213 
v 0.312433 0.600531 0.287443 
v 0.313144 0.599931 0.28812 
v 0.311333 0.601478 0.28657 
v 0.312031 0.600876 0.287124 
v 0.310174 0.602483 0.285815 
v 0.310819 0.601924 0.286235 
v 0.309506 0.60306 0.285464 
v 0.308954 0.603537 0.285174 
v 0.307674 0.604606 0.284656 
v 0.308073 0.604273 0.284818 
v 0.307037 0.605102 0.284457 
v 0.3064 0.605545 0.284299 
v 0.30637 0.605566 0.284291 
v 0.306065 0.605748 0.284231 
v 0.305579 0.605981 0.28416 
v 0.305745 0.605911 0.284181 
v 0.305055 0.606121 0.284119 
v 0.305234 0.606088 0.284128 
v 0.305408 0.606041 0.284142 
v 0.304928 0.606135 0.284115 
v 0.304608 0.35561 0.318911 
v 0.30442 0.35564 0.318911 
v 0.3048 0.3556 0.318911 
v 0.3048 0.606139 0.284114 
v 0.304235 0.355688 0.318911 
v 0.304053 0.901723 0.243083 
v 0.304053 0.351993 0.319434 
v 0.304418 0.3521 0.319403 
v 0.304607 0.352129 0.319395 
v 0.304233 0.352054 0.319416 
v 0.3048 0.352139 0.319392 
v 0.304077 0.901721 0.243082 
v 0.3048 0.901706 0.243069 
v 0.304928 0.609605 0.283633 
v 0.3048 0.6096 0.283633 
v 0.305023 0.901702 0.243066 
v 0.302725 0.351221 0.31969 
v 0.303209 0.351545 0.319577 
v 0.303359 0.351646 0.319542 
v 0.303696 0.351834 0.319482 
v 0.303872 0.351919 0.319456 
v 0.301438 0.350207 0.320113 
v 0.301517 0.350268 0.320087 
v 0.30018 0.349137 0.320679 
v 0.298962 0.34808 0.321377 
v 0.300086 0.349055 0.320733 
v 0.297824 0.347095 0.32218 
v 0.298777 0.34792 0.321507 
v 0.296762 0.346187 0.323085 
v 0.297567 0.346875 0.322399 
v 0.295846 0.345419 0.324019 
v 0.296456 0.34593 0.323397 
v 0.29496 0.344698 0.325097 
v 0.295456 0.345102 0.324493 
v 0.294187 0.344095 0.326233 
v 0.29457 0.344394 0.32567 
v 0.293522 0.343605 0.327438 
v 0.293797 0.343804 0.326911 
v 0.293844 0.343837 0.326822 
v 0.292977 0.343241 0.328689 
v 0.293171 0.343366 0.328214 
v 0.293236 0.343408 0.328054 
v 0.292566 0.343009 0.329952 
v 0.292684 0.343071 0.329557 
v 0.292757 0.34311 0.329313 
v 0.292281 0.342905 0.33124 
v 0.292343 0.342923 0.330924 
v 0.292408 0.342941 0.330591 
v 0.292127 0.342934 0.332543 
v 0.292149 0.342923 0.332298 
v 0.292187 0.342903 0.331891 
v 0.292109 0.343093 0.33382 
v 0.292107 0.34307 0.333665 
v 0.292101 0.342997 0.333181 
v 0.292223 0.343381 0.335074 
v 0.292216 0.343364 0.335008 
v 0.29215 0.343222 0.334455 
v 0.292473 0.343799 0.336304 
v 0.292332 0.343575 0.335697 
v 0.292646 0.344052 0.336897 
v 0.292475 0.343802 0.336312 
v 0.292849 0.344334 0.337474 
v 0.293087 0.344648 0.338041 
v 0.292885 0.344381 0.337559 
v 0.29335 0.344983 0.33858 
v 0.293652 0.345355 0.339117 
v 0.293438 0.345091 0.338736 
v 0.293978 0.345749 0.339626 
v 0.294339 0.346174 0.340122 
v 0.294127 0.345924 0.33983 
v 0.294721 0.346614 0.340586 
v 0.294953 0.346875 0.340822 
v 0.295563 0.347562 0.341444 
v 0.296516 0.348602 0.342209 
v 0.295894 0.347923 0.34171 
v 0.296948 0.349061 0.34248 
v 0.297562 0.349713 0.342864 
v 0.298105 0.350274 0.343123 
v 0.298673 0.35086 0.343394 
v 0.29986 0.352048 0.343804 
v 0.299362 0.35155 0.343632 
v 0.301114 0.353247 0.344091 
v 0.300723 0.352873 0.344002 
v 0.30239 0.354369 0.344251 
v 0.302229 0.354228 0.344231 
v 0.303025 0.354859 0.344289 
v 0.3037 0.355285 0.344307 
v 0.303356 0.355083 0.344301 
v 0.304914 0.613065 0.308552 
v 0.305027 0.9144 0.266688 
v 0.3048 0.613061 0.308553 
v 0.304229 0.91431 0.2667 
v 0.303957 0.914209 0.266699 
v 0.304369 0.914348 0.2667 
v 0.3048 0.9144 0.2667 
v 0.304654 0.914394 0.2667 
v 0.304511 0.914376 0.2667 
v 0.3037 0.359363 0.343741 
v 0.304655 0.355594 0.344311 
v 0.304512 0.355577 0.344311 
v 0.304371 0.355549 0.344311 
v 0.3048 0.3556 0.344311 
v 0.305028 0.609585 0.309033 
v 0.30396 0.35541 0.34431 
v 0.304094 0.355464 0.34431 
v 0.304232 0.355511 0.344311 
v 0.30451 0.359084 0.343824 
v 0.304655 0.359067 0.343829 
v 0.304369 0.359111 0.343816 
v 0.304914 0.609596 0.309033 
v 0.303961 0.359243 0.343777 
v 0.30423 0.359147 0.343806 
v 0.3048 0.359061 0.34383 
v 0.3048 0.6096 0.309033 
v 0.305554 0.609446 0.309032 
v 0.305381 0.609507 0.309033 
v 0.306041 0.609206 0.309027 
v 0.305721 0.609374 0.309031 
v 0.306348 0.609015 0.30902 
v 0.305206 0.609554 0.309033 
v 0.307375 0.608227 0.308956 
v 0.307015 0.608526 0.308988 
v 0.307649 0.607999 0.308932 
v 0.308933 0.606828 0.308727 
v 0.308886 0.60687 0.308735 
v 0.310166 0.605627 0.308396 
v 0.311327 0.604451 0.307943 
v 0.310246 0.605546 0.308365 
v 0.312428 0.603302 0.307362 
v 0.3115 0.604271 0.307852 
v 0.313449 0.602208 0.30666 
v 0.312655 0.603059 0.307206 
v 0.314363 0.601198 0.305857 
v 0.313707 0.601923 0.306433 
v 0.315176 0.600272 0.304951 
v 0.314645 0.600877 0.305543 
v 0.315542 0.599843 0.304463 
v 0.315474 0.599922 0.304553 
v 0.315883 0.599435 0.303947 
v 0.316184 0.599065 0.303427 
v 0.316165 0.599089 0.30346 
v 0.31646 0.598716 0.302878 
v 0.316915 0.598109 0.30174 
v 0.316716 0.59838 0.302282 
v 0.316701 0.598401 0.302323 
v 0.317244 0.597615 0.300534 
v 0.317123 0.597804 0.301033 
v 0.317096 0.597847 0.301145 
v 0.317439 0.597249 0.299292 
v 0.317382 0.597366 0.29973 
v 0.317358 0.597417 0.299921 
v 0.3175 0.597021 0.29808 
v 0.317492 0.597071 0.298387 
v 0.317485 0.597121 0.298691 
v 0.304928 0.60613 0.284116 
v 0.30461 0.35562 0.31891 
v 0.304914 0.613068 0.308551 
v 0.304656 0.355588 0.344312 
v 0.3048 0.35287 0.319208 
v 0.3048 0.354227 0.318986 
v 0.3048 0.35833 0.344014 
v 0.3048 0.356973 0.344237 
v 0.3048 0.608227 0.283708 
v 0.3048 0.60687 0.28393 
v 0.3048 0.610973 0.308959 
v 0.3048 0.61233 0.308736 
v -0.0762 0.35287 0.319208 
v -0.0762 0.354227 0.318986 
v -0.0762 0.3556 0.318911 
v -0.0762 0.35833 0.344014 
v -0.0762 0.356973 0.344237 
v -0.0762 0.3556 0.344311 
v -0.0762 0.351545 0.319576 
v -0.0762 0.350267 0.320085 
v -0.0762 0.349052 0.320729 
v -0.0762 0.347914 0.321501 
v -0.0762 0.346866 0.322391 
v -0.0762 0.345921 0.323389 
v -0.0762 0.345088 0.324484 
v -0.0762 0.344379 0.325662 
v -0.0762 0.343802 0.32691 
v -0.0762 0.343363 0.328214 
v -0.0762 0.343067 0.329556 
v -0.0762 0.342919 0.330924 
v -0.0762 0.3429 0.331611 
v -0.0762 0.342919 0.332299 
v -0.0762 0.343067 0.333666 
v -0.0762 0.343363 0.335009 
v -0.0762 0.343802 0.336312 
v -0.0762 0.344379 0.33756 
v -0.0762 0.345088 0.338738 
v -0.0762 0.345921 0.339833 
v -0.0762 0.346866 0.340831 
v -0.0762 0.347914 0.341721 
v -0.0762 0.349052 0.342493 
v -0.0762 0.350267 0.343137 
v -0.0762 0.351545 0.343646 
v -0.0762 0.35287 0.344014 
v -0.0762 0.354227 0.344237 
v -0.0762 0.359655 0.343646 
v -0.0762 0.360933 0.343137 
v -0.0762 0.362148 0.342493 
v -0.0762 0.363286 0.341721 
v -0.0762 0.364334 0.340831 
v -0.0762 0.365279 0.339833 
v -0.0762 0.366112 0.338738 
v -0.0762 0.366821 0.33756 
v -0.0762 0.367398 0.336312 
v -0.0762 0.367837 0.335009 
v -0.0762 0.368133 0.333666 
v -0.0762 0.368281 0.332299 
v -0.0762 0.368281 0.330924 
v -0.0762 0.368133 0.329556 
v -0.0762 0.367837 0.328214 
v -0.0762 0.367398 0.32691 
v -0.0762 0.366821 0.325662 
v -0.0762 0.366112 0.324484 
v -0.0762 0.365279 0.323389 
v -0.0762 0.364334 0.322391 
v -0.0762 0.363286 0.321501 
v -0.0762 0.362148 0.320729 
v -0.0762 0.360933 0.320085 
v -0.0762 0.359655 0.319576 
v -0.0762 0.35833 0.319208 
v -0.0762 0.356973 0.318986 
v -0.0762 0.3556 0.331611 
v 0.6858 0.6096 0.283633 
v 0.6858 0.608227 0.283708 
v 0.6858 0.60687 0.28393 
v 0.6858 0.6096 0.309033 
v 0.6858 0.610973 0.308959 
v 0.6858 0.61233 0.308736 
v 0.6858 0.610973 0.283708 
v 0.6858 0.61233 0.28393 
v 0.6858 0.613655 0.284298 
v 0.6858 0.614933 0.284807 
v 0.6858 0.616148 0.285451 
v 0.6858 0.617286 0.286223 
v 0.6858 0.618334 0.287113 
v 0.6858 0.619279 0.288112 
v 0.6858 0.620112 0.289206 
v 0.6858 0.620821 0.290385 
v 0.6858 0.621398 0.291633 
v 0.6858 0.621837 0.292936 
v 0.6858 0.622133 0.294279 
v 0.6858 0.622281 0.295646 
v 0.6858 0.622281 0.297021 
v 0.6858 0.622133 0.298388 
v 0.6858 0.621837 0.299731 
v 0.6858 0.621398 0.301034 
v 0.6858 0.620821 0.302282 
v 0.6858 0.620112 0.30346 
v 0.6858 0.619279 0.304555 
v 0.6858 0.618334 0.305553 
v 0.6858 0.617286 0.306444 
v 0.6858 0.616148 0.307215 
v 0.6858 0.614933 0.30786 
v 0.6858 0.613655 0.308369 
v 0.6858 0.608227 0.308959 
v 0.6858 0.60687 0.308736 
v 0.6858 0.605545 0.308369 
v 0.6858 0.604267 0.30786 
v 0.6858 0.603052 0.307215 
v 0.6858 0.601914 0.306444 
v 0.6858 0.600866 0.305553 
v 0.6858 0.599921 0.304555 
v 0.6858 0.599088 0.30346 
v 0.6858 0.598379 0.302282 
v 0.6858 0.597802 0.301034 
v 0.6858 0.597363 0.299731 
v 0.6858 0.597067 0.298388 
v 0.6858 0.596919 0.297021 
v 0.6858 0.596919 0.295646 
v 0.6858 0.5969 0.296333 
v 0.6858 0.597067 0.294279 
v 0.6858 0.597363 0.292936 
v 0.6858 0.597802 0.291633 
v 0.6858 0.598379 0.290385 
v 0.6858 0.599088 0.289206 
v 0.6858 0.599921 0.288112 
v 0.6858 0.600866 0.287113 
v 0.6858 0.601914 0.286223 
v 0.6858 0.603052 0.285451 
v 0.6858 0.604267 0.284807 
v 0.6858 0.605545 0.284298 
v 0.6858 0.6096 0.296333 
v 0.304113 0.927063 0.253313 
v 0.3048 0.9271 1.28661e-17 
v 0.304113 0.927063 0.000686556 
v 0.303427 0.927026 0.252627 
v 0.303427 0.927026 0.00137311 
v 0.302748 0.926914 0.251948 
v 0.302748 0.926914 0.00205162 
v 0.30207 0.926803 0.25127 
v 0.301407 0.926619 0.250607 
v 0.30207 0.926803 0.00273012 
v 0.301407 0.926619 0.00339263 
v 0.300745 0.926435 0.249945 
v 0.300106 0.926181 0.249306 
v 0.300745 0.926435 0.00405513 
v 0.300106 0.926181 0.00469386 
v 0.299467 0.925926 0.248667 
v 0.299467 0.925926 0.00533259 
v 0.29886 0.925604 0.24806 
v 0.29886 0.925604 0.00594006 
v 0.298252 0.925282 0.247452 
v 0.298252 0.925282 0.00654753 
v 0.297683 0.924896 0.246883 
v 0.297683 0.924896 0.00711662 
v 0.297114 0.92451 0.246314 
v 0.297114 0.92451 0.00768571 
v 0.29659 0.924065 0.24579 
v 0.29659 0.924065 0.00820975 
v 0.296066 0.92362 0.245266 
v 0.295593 0.923121 0.244793 
v 0.296066 0.92362 0.00873378 
v 0.295593 0.923121 0.00920662 
v 0.295121 0.922622 0.244321 
v 0.29469 0.922086 0.24389 
v 0.295121 0.922622 0.00967946 
v 0.29469 0.922086 0.0101104 
v 0.294288 0.921527 0.243488 
v 0.294288 0.921527 0.0105117 
v 0.293918 0.920948 0.243118 
v 0.293918 0.920948 0.0108821 
v 0.293579 0.920349 0.242779 
v 0.293274 0.919733 0.242474 
v 0.293579 0.920349 0.0112206 
v 0.293274 0.919733 0.0115262 
v 0.293002 0.919101 0.242202 
v 0.292765 0.918455 0.241965 
v 0.293002 0.919101 0.011798 
v 0.292765 0.918455 0.0120352 
v 0.292563 0.917798 0.241763 
v 0.292563 0.917798 0.0122371 
v 0.292397 0.91713 0.241597 
v 0.292397 0.91713 0.0124031 
v 0.292267 0.916455 0.241467 
v 0.292174 0.915773 0.241374 
v 0.292267 0.916455 0.0125327 
v 0.292174 0.915773 0.0126256 
v 0.292119 0.915088 0.241319 
v 0.292119 0.915088 0.0126814 
v 0.2921 0.9144 0.0127 
v 0.2921 0.9144 0.2413 
v 0.292119 0.913712 0.241319 
v 0.292119 0.913712 0.0126814 
v 0.292174 0.913027 0.0126256 
v 0.292267 0.912345 0.241467 
v 0.292174 0.913027 0.241374 
v 0.292267 0.912345 0.0125327 
v 0.292397 0.91167 0.0124031 
v 0.292563 0.911002 0.241763 
v 0.292397 0.91167 0.241597 
v 0.292765 0.910345 0.0120352 
v 0.293002 0.909699 0.242202 
v 0.292765 0.910345 0.241965 
v 0.292563 0.911002 0.0122371 
v 0.293002 0.909699 0.011798 
v 0.293274 0.909067 0.0115262 
v 0.293579 0.908451 0.242779 
v 0.293274 0.909067 0.242474 
v 0.293918 0.907852 0.0108821 
v 0.294288 0.907273 0.243488 
v 0.293918 0.907852 0.243118 
v 0.293579 0.908451 0.0112206 
v 0.29469 0.906714 0.0101104 
v 0.295135 0.90619 0.244335 
v 0.29469 0.906714 0.24389 
v 0.294288 0.907273 0.0105117 
v 0.29558 0.905666 0.00922014 
v 0.296077 0.905192 0.245277 
v 0.29558 0.905666 0.24478 
v 0.295135 0.90619 0.00966526 
v 0.296079 0.905193 0.00872097 
v 0.296578 0.904721 0.00822181 
v 0.297126 0.904304 0.00767444 
v 0.297673 0.903888 0.00712708 
v 0.298262 0.903534 0.00653793 
v 0.298851 0.903179 0.00594879 
v 0.299475 0.902891 0.00532477 
v 0.300099 0.902602 0.00470075 
v 0.300751 0.902382 0.00404918 
v 0.301402 0.902163 0.00339761 
v 0.302074 0.902015 0.00272612 
v 0.302745 0.901867 0.00205463 
v 0.303429 0.901793 0.0013711 
v 0.304112 0.901719 0.000687564 
v 0.3048 0.9017 1.25136e-17 
v 0.305487 0.901737 0.000686556 
v 0.306173 0.901774 0.00137311 
v 0.306852 0.901886 0.00205162 
v 0.30753 0.901997 0.00273012 
v 0.308193 0.902181 0.00339263 
v 0.308855 0.902365 0.00405513 
v 0.309494 0.902619 0.00469386 
v 0.310133 0.902874 0.00533259 
v 0.31074 0.903196 0.00594006 
v 0.311348 0.903518 0.00654753 
v 0.311917 0.903904 0.00711662 
v 0.312486 0.90429 0.00768571 
v 0.31301 0.904735 0.00820975 
v 0.313534 0.90518 0.00873378 
v 0.314007 0.905679 0.00920662 
v 0.314479 0.906178 0.00967946 
v 0.31491 0.906714 0.0101104 
v 0.315312 0.907273 0.0105117 
v 0.315682 0.907852 0.0108821 
v 0.316326 0.909067 0.0115262 
v 0.316021 0.908451 0.0112206 
v 0.316835 0.910345 0.0120352 
v 0.316598 0.909699 0.011798 
v 0.317203 0.91167 0.0124031 
v 0.317037 0.911002 0.0122371 
v 0.317426 0.913027 0.0126256 
v 0.317333 0.912345 0.0125327 
v 0.317481 0.915088 0.254 
v 0.3175 0.9144 0.0127 
v 0.317481 0.913712 0.0126814 
v 0.317333 0.916455 0.254 
v 0.317481 0.915088 0.0126814 
v 0.317426 0.915773 0.0126256 
v 0.317037 0.917798 0.254 
v 0.317333 0.916455 0.0125327 
v 0.317203 0.91713 0.0124031 
v 0.316598 0.919101 0.254 
v 0.317037 0.917798 0.0122371 
v 0.316835 0.918455 0.0120352 
v 0.316021 0.920349 0.254 
v 0.316598 0.919101 0.011798 
v 0.316326 0.919733 0.0115262 
v 0.315312 0.921527 0.254 
v 0.316021 0.920349 0.0112206 
v 0.315682 0.920948 0.0108821 
v 0.314479 0.922622 0.254 
v 0.315312 0.921527 0.0105117 
v 0.31491 0.922086 0.0101104 
v 0.313534 0.92362 0.254 
v 0.314465 0.92261 0.00966526 
v 0.31402 0.923134 0.00922014 
v 0.312486 0.92451 0.254 
v 0.313521 0.923607 0.00872097 
v 0.313022 0.924079 0.00822181 
v 0.311348 0.925282 0.254 
v 0.312474 0.924496 0.00767444 
v 0.311927 0.924912 0.00712708 
v 0.310133 0.925926 0.254 
v 0.311338 0.925266 0.00653793 
v 0.310749 0.925621 0.00594879 
v 0.308855 0.926435 0.254 
v 0.310125 0.925909 0.00532477 
v 0.309501 0.926198 0.00470075 
v 0.30753 0.926803 0.254 
v 0.308849 0.926418 0.00404918 
v 0.308198 0.926637 0.00339761 
v 0.306173 0.927026 0.254 
v 0.307526 0.926785 0.00272612 
v 0.306855 0.926933 0.00205463 
v 0.3048 0.9271 0.254 
v 0.306171 0.927007 0.0013711 
v 0.305488 0.927081 0.000687564 
v 0.3048 0.9144 0.254 
v 0.3048 0.925621 0.259949 
v 0.3048 0.924912 0.261127 
v 0.3048 0.924079 0.262222 
v 0.3048 0.923134 0.26322 
v 0.3048 0.926198 0.258701 
v 0.3048 0.920948 0.264882 
v 0.3048 0.919733 0.265526 
v 0.3048 0.922086 0.26411 
v 0.3048 0.926637 0.257398 
v 0.3048 0.918455 0.266035 
v 0.3048 0.91713 0.266403 
v 0.3048 0.926933 0.256055 
v 0.3048 0.915773 0.266626 
v 0.3048 0.927081 0.254688 
v -0.1524 0.927081 0.254688 
v -0.1524 0.926933 0.256055 
v -0.1524 0.926637 0.257398 
v -0.1524 0.926198 0.258701 
v -0.1524 0.925621 0.259949 
v -0.1524 0.924912 0.261127 
v -0.1524 0.924079 0.262222 
v -0.1524 0.923134 0.26322 
v -0.1524 0.922086 0.26411 
v -0.1524 0.920948 0.264882 
v -0.1524 0.919733 0.265526 
v -0.1524 0.918455 0.266035 
v -0.1524 0.91713 0.266403 
v -0.1524 0.915773 0.266626 
v -0.1524 0.9144 0.2667 
v -0.1524 0.927081 0.253312 
v -0.1524 0.926933 0.251945 
v -0.1524 0.926637 0.250602 
v -0.1524 0.926198 0.249299 
v -0.1524 0.925621 0.248051 
v -0.1524 0.924912 0.246873 
v -0.1524 0.924079 0.245778 
v -0.1524 0.923134 0.24478 
v -0.1524 0.922086 0.24389 
v -0.1524 0.920948 0.243118 
v -0.1524 0.919733 0.242474 
v -0.1524 0.918455 0.241965 
v -0.1524 0.91713 0.241597 
v -0.1524 0.915773 0.241374 
v -0.1524 0.9144 0.2413 
v -0.1524 0.913027 0.241374 
v -0.1524 0.91167 0.241597 
v -0.1524 0.910345 0.241965 
v -0.1524 0.909067 0.242474 
v -0.1524 0.907852 0.243118 
v -0.1524 0.906714 0.24389 
v -0.1524 0.905666 0.24478 
v -0.1524 0.904721 0.245778 
v -0.1524 0.903888 0.246873 
v -0.1524 0.903179 0.248051 
v -0.1524 0.902602 0.249299 
v -0.1524 0.902163 0.250602 
v -0.1524 0.901867 0.251945 
v -0.1524 0.901719 0.253312 
v -0.1524 0.9017 0.254 
v -0.1524 0.901719 0.254688 
v -0.1524 0.901867 0.256055 
v -0.1524 0.902163 0.257398 
v -0.1524 0.902602 0.258701 
v -0.1524 0.903179 0.259949 
v -0.1524 0.903888 0.261127 
v -0.1524 0.904721 0.262222 
v -0.1524 0.905666 0.26322 
v -0.1524 0.906714 0.26411 
v -0.1524 0.907852 0.264882 
v -0.1524 0.909067 0.265526 
v -0.1524 0.910345 0.266035 
v -0.1524 0.91167 0.266403 
v -0.1524 0.913027 0.266626 
v -0.1524 0.9144 0.254 
v 0.6096 0.901719 -0.000687564 
v 0 0.901719 -0.000687564 
v 0 0.901867 -0.00205463 
v 0.6096 0.901867 -0.00205463 
v 0 0.902163 -0.00339761 
v 0.6096 0.902163 -0.00339761 
v 0 0.902602 -0.00470075 
v 0.6096 0.902602 -0.00470075 
v 0 0.903179 -0.00594879 
v 0.6096 0.903179 -0.00594879 
v 0 0.903888 -0.00712708 
v 0.6096 0.903888 -0.00712708 
v 0 0.904721 -0.00822181 
v 0.6096 0.904721 -0.00822181 
v 0 0.905666 -0.00922014 
v 0.6096 0.905666 -0.00922014 
v 0 0.906714 -0.0101104 
v 0.6096 0.906714 -0.0101104 
v 0 0.907852 -0.0108821 
v 0.6096 0.907852 -0.0108821 
v 0 0.909067 -0.0115262 
v 0.6096 0.909067 -0.0115262 
v 0 0.910345 -0.0120352 
v 0.6096 0.910345 -0.0120352 
v 0 0.91167 -0.0124031 
v 0.6096 0.91167 -0.0124031 
v 0 0.913027 -0.0126256 
v 0.6096 0.913027 -0.0126256 
v 0 0.9144 -0.0127 
v 0.6096 0.9144 -0.0127 
v 0 0.915773 -0.0126256 
v 0.6096 0.915773 -0.0126256 
v 0 0.91713 -0.0124031 
v 0.6096 0.91713 -0.0124031 
v 0 0.918455 -0.0120352 
v 0.6096 0.918455 -0.0120352 
v 0 0.919733 -0.0115262 
v 0.6096 0.919733 -0.0115262 
v 0 0.920948 -0.0108821 
v 0.6096 0.920948 -0.0108821 
v 0 0.922086 -0.0101104 
v 0.6096 0.922086 -0.0101104 
v 0 0.923134 -0.00922014 
v 0.6096 0.923134 -0.00922014 
v 0 0.924079 -0.00822181 
v 0.6096 0.924079 -0.00822181 
v 0 0.924912 -0.00712708 
v 0.6096 0.924912 -0.00712708 
v 0 0.925621 -0.00594879 
v 0.6096 0.925621 -0.00594879 
v 0 0.926198 -0.00470075 
v 0.6096 0.926198 -0.00470075 
v 0 0.926637 -0.00339761 
v 0.6096 0.926637 -0.00339761 
v 0 0.926933 -0.00205463 
v 0.6096 0.926933 -0.00205463 
v 0 0.927081 -0.000687564 
v 0.6096 0.927081 0.000687564 
v 0.6096 0.926933 0.00205463 
v 0.6096 0.926637 0.00339761 
v 0.6096 0.926198 0.00470075 
v 0.6096 0.925621 0.00594879 
v 0.6096 0.924912 0.00712708 
v 0.6096 0.924079 0.00822181 
v 0.6096 0.923134 0.00922014 
v 0.6096 0.922086 0.0101104 
v 0.6096 0.920948 0.0108821 
v 0.6096 0.919733 0.0115262 
v 0.6096 0.918455 0.0120352 
v 0.6096 0.91713 0.0124031 
v 0.6096 0.915773 0.0126256 
v 0.6096 0.9144 0.0127 
v 0.6096 0.913027 0.0126256 
v 0.6096 0.91167 0.0124031 
v 0.6096 0.910345 0.0120352 
v 0.6096 0.909067 0.0115262 
v 0.6096 0.907852 0.0108821 
v 0.6096 0.906714 0.0101104 
v 0.6096 0.905666 0.00922014 
v 0.6096 0.904721 0.00822181 
v 0.6096 0.903888 0.00712708 
v 0.6096 0.903179 0.00594879 
v 0.6096 0.902602 0.00470075 
v 0.6096 0.902163 0.00339761 
v 0.6096 0.901867 0.00205463 
v 0.6096 0.901719 0.000687564 
v 0 0.901719 0.000687564 
v 0 0.9017 1.71795e-17 
v 0.6096 0.9017 1.12489e-17 
v 0 0.901867 0.00205463 
v 0 0.902163 0.00339761 
v 0 0.902602 0.00470075 
v 0 0.903179 0.00594879 
v 0 0.903888 0.00712708 
v 0 0.904721 0.00822181 
v 0 0.905666 0.00922014 
v 0 0.906714 0.0101104 
v 0 0.907852 0.0108821 
v 0 0.909067 0.0115262 
v 0 0.910345 0.0120352 
v 0 0.91167 0.0124031 
v 0 0.913027 0.0126256 
v 0 0.9144 0.0127 
v 0 0.915773 0.0126256 
v 0 0.91713 0.0124031 
v 0 0.918455 0.0120352 
v 0 0.919733 0.0115262 
v 0 0.920948 0.0108821 
v 0 0.922086 0.0101104 
v 0 0.923134 0.00922014 
v 0 0.924079 0.00822181 
v 0 0.924912 0.00712708 
v 0 0.925621 0.00594879 
v 0 0.926198 0.00470075 
v 0 0.926637 0.00339761 
v 0 0.926933 0.00205463 
v 0 0.927081 0.000687564 
v 0.6096 0.927081 -0.000687564 
v 0.6096 0.9144 1.34675e-17 
v 0 0.915498 0.0101004 
v 0 0.9144 0.01016 
v 0 0.916584 0.00992246 
v 0 0.919638 0.00870567 
v 0 0.920549 0.00808831 
v 0 0.913302 0.0101004 
v 0 0.912216 0.00992246 
v 0 0.917644 0.00962816 
v 0 0.918666 0.00922097 
v 0 0.910134 0.00922097 
v 0 0.909162 0.00870567 
v 0 0.911156 0.00962816 
v 0 0.913302 -0.0101004 
v 0 0.9144 -0.01016 
v 0 0.912216 -0.00992246 
v 0 0.909162 -0.00870567 
v 0 0.908251 -0.00808831 
v 0 0.904255 -0.000550051 
v 0 0.908251 0.00808831 
v 0 0.923376 0.00475903 
v 0 0.922809 0.00570166 
v 0 0.923838 0.0037606 
v 0 0.92419 0.00271809 
v 0 0.924426 0.00164371 
v 0 0.924545 0.000550051 
v 0 0.924545 -0.000550051 
v 0 0.911156 -0.00962816 
v 0 0.910134 -0.00922097 
v 0 0.904374 -0.00164371 
v 0 0.904255 0.000550051 
v 0 0.90461 0.00271809 
v 0 0.904374 0.00164371 
v 0 0.904962 0.0037606 
v 0 0.905424 0.00475903 
v 0 0.905991 0.00570166 
v 0 0.906656 0.00657744 
v 0 0.907413 0.00737611 
v 0 0.921387 0.00737611 
v 0 0.924426 -0.00164371 
v 0 0.92419 -0.00271809 
v 0 0.923838 -0.0037606 
v 0 0.923376 -0.00475903 
v 0 0.922809 -0.00570166 
v 0 0.919638 -0.00870567 
v 0 0.918666 -0.00922097 
v 0 0.915498 -0.0101004 
v 0 0.916584 -0.00992246 
v 0 0.905424 -0.00475903 
v 0 0.905991 -0.00570166 
v 0 0.904962 -0.0037606 
v 0 0.90461 -0.00271809 
v 0 0.922144 0.00657744 
v 0 0.922144 -0.00657744 
v 0 0.921387 -0.00737611 
v 0 0.917644 -0.00962816 
v 0 0.907413 -0.00737611 
v 0 0.906656 -0.00657744 
v 0 0.920549 -0.00808831 
v 0.60706 0.924426 -0.00164371 
v 0.60706 0.924545 -0.000550051 
v 0.60706 0.92419 -0.00271809 
v 0.60706 0.923838 -0.0037606 
v 0.60706 0.923376 -0.00475903 
v 0.60706 0.922809 -0.00570166 
v 0.60706 0.922144 -0.00657744 
v 0.60706 0.921387 -0.00737611 
v 0.60706 0.920549 -0.00808831 
v 0.60706 0.919638 -0.00870567 
v 0.60706 0.918666 -0.00922097 
v 0.60706 0.917644 -0.00962816 
v 0.60706 0.916584 -0.00992246 
v 0.60706 0.915498 -0.0101004 
v 0.60706 0.9144 -0.01016 
v 0.60706 0.913302 -0.0101004 
v 0.60706 0.912216 -0.00992246 
v 0.60706 0.911156 -0.00962816 
v 0.60706 0.910134 -0.00922097 
v 0.60706 0.909162 -0.00870567 
v 0.60706 0.908251 -0.00808831 
v 0.60706 0.907413 -0.00737611 
v 0.60706 0.906656 -0.00657744 
v 0.60706 0.905991 -0.00570166 
v 0.60706 0.905424 -0.00475903 
v 0.60706 0.904962 -0.0037606 
v 0.60706 0.90461 -0.00271809 
v 0.60706 0.904374 -0.00164371 
v 0.60706 0.904255 -0.000550051 
v 0.297101 0.9245 0.00110116 
v 0.297005 0.924426 0.00164371 
v 0.29716 0.924545 0.000550051 
v 0.296872 0.924322 0.00218742 
v 0.29671 0.92419 0.00271809 
v 0.296516 0.924027 0.00324851 
v 0.296301 0.923836 0.00375982 
v 0.296268 0.923807 0.00383788 
v 0.295816 0.923376 0.00475903 
v 0.295337 0.922867 0.00560634 
v 0.295283 0.922809 0.00570166 
v 0.294734 0.922144 0.00657744 
v 0.294512 0.921832 0.00690606 
v 0.294195 0.921387 0.00737611 
v 0.293793 0.920722 0.00794099 
v 0.293688 0.920549 0.00808831 
v 0.293452 0.920103 0.00840843 
v 0.293232 0.919636 0.00870317 
v 0.293189 0.919545 0.00876118 
v 0.292838 0.918666 0.00922097 
v 0.292716 0.918308 0.00937826 
v 0.292521 0.917644 0.00962816 
v 0.292375 0.917029 0.00981389 
v 0.292289 0.916584 0.00992246 
v 0.292169 0.915722 0.0100736 
v 0.292148 0.915498 0.0101004 
v 0.292112 0.914948 0.0101452 
v 0.2921 0.9144 0.01016 
v 0.292112 0.91385 0.0101451 
v 0.292152 0.913302 0.0100944 
v 0.292169 0.913078 0.0100736 
v 0.292289 0.912216 0.00992246 
v 0.292375 0.911771 0.00981389 
v 0.292521 0.911156 0.00962816 
v 0.292716 0.910492 0.00937826 
v 0.292838 0.910134 0.00922097 
v 0.293189 0.909255 0.00876118 
v 0.293231 0.909162 0.00870567 
v 0.293453 0.908697 0.00840812 
v 0.29369 0.908255 0.00808345 
v 0.293787 0.908075 0.00795093 
v 0.294195 0.907413 0.00737611 
v 0.294512 0.906968 0.00690606 
v 0.294734 0.906656 0.00657744 
v 0.295283 0.905995 0.00569824 
v 0.295335 0.905932 0.00561391 
v 0.295816 0.905424 0.00475903 
v 0.296268 0.904993 0.00383788 
v 0.296303 0.904962 0.0037606 
v 0.296516 0.904774 0.00324926 
v 0.29671 0.90461 0.00271809 
v 0.296873 0.904478 0.00218549 
v 0.297005 0.904374 0.00164371 
v 0.297101 0.9043 0.00110182 
v 0.31242 0.90424 1.25489e-17 
v 0.60706 0.904255 0.000550051 
v 0.29716 0.904255 0.000550051 
v 0.29718 0.90424 1.25489e-17 
v 0.312499 0.9043 0.00110116 
v 0.312595 0.904374 0.00164371 
v 0.31244 0.904255 0.000550051 
v 0.60706 0.904374 0.00164371 
v 0.312728 0.904478 0.00218742 
v 0.31289 0.90461 0.00271809 
v 0.60706 0.90461 0.00271809 
v 0.313084 0.904773 0.00324851 
v 0.313299 0.904964 0.00375982 
v 0.60706 0.904962 0.0037606 
v 0.313332 0.904993 0.00383788 
v 0.313784 0.905424 0.00475903 
v 0.60706 0.905424 0.00475903 
v 0.314263 0.905933 0.00560634 
v 0.60706 0.905991 0.00570166 
v 0.314317 0.905991 0.00570166 
v 0.314866 0.906656 0.00657744 
v 0.60706 0.906656 0.00657744 
v 0.315088 0.906968 0.00690606 
v 0.60706 0.907413 0.00737611 
v 0.315405 0.907413 0.00737611 
v 0.315807 0.908078 0.00794099 
v 0.60706 0.908251 0.00808831 
v 0.315912 0.908251 0.00808831 
v 0.316148 0.908697 0.00840843 
v 0.60706 0.909162 0.00870567 
v 0.316368 0.909164 0.00870317 
v 0.316411 0.909255 0.00876118 
v 0.60706 0.910134 0.00922097 
v 0.316762 0.910134 0.00922097 
v 0.316884 0.910492 0.00937826 
v 0.60706 0.911156 0.00962816 
v 0.317079 0.911156 0.00962816 
v 0.317225 0.911771 0.00981389 
v 0.60706 0.912216 0.00992246 
v 0.317311 0.912216 0.00992246 
v 0.317431 0.913078 0.0100736 
v 0.60706 0.913302 0.0101004 
v 0.317452 0.913302 0.0101004 
v 0.317488 0.913852 0.0101452 
v 0.60706 0.9144 0.01016 
v 0.60706 0.915498 0.0101004 
v 0.3175 0.9144 0.01016 
v 0.317488 0.91495 0.0101451 
v 0.60706 0.916584 0.00992246 
v 0.317448 0.915498 0.0100944 
v 0.317431 0.915722 0.0100736 
v 0.60706 0.917644 0.00962816 
v 0.317311 0.916584 0.00992246 
v 0.317225 0.917029 0.00981389 
v 0.60706 0.918666 0.00922097 
v 0.317079 0.917644 0.00962816 
v 0.316884 0.918308 0.00937826 
v 0.60706 0.919638 0.00870567 
v 0.316762 0.918666 0.00922097 
v 0.316411 0.919545 0.00876118 
v 0.60706 0.920549 0.00808831 
v 0.316369 0.919638 0.00870567 
v 0.316147 0.920103 0.00840812 
v 0.60706 0.921387 0.00737611 
v 0.31591 0.920545 0.00808345 
v 0.315813 0.920725 0.00795093 
v 0.60706 0.922144 0.00657744 
v 0.315405 0.921387 0.00737611 
v 0.315088 0.921832 0.00690606 
v 0.60706 0.922809 0.00570166 
v 0.314866 0.922144 0.00657744 
v 0.60706 0.923376 0.00475903 
v 0.314317 0.922805 0.00569824 
v 0.314265 0.922868 0.00561391 
v 0.60706 0.923838 0.0037606 
v 0.313784 0.923376 0.00475903 
v 0.313332 0.923807 0.00383788 
v 0.60706 0.92419 0.00271809 
v 0.313297 0.923838 0.0037606 
v 0.313084 0.924026 0.00324926 
v 0.60706 0.924426 0.00164371 
v 0.31289 0.92419 0.00271809 
v 0.312727 0.924322 0.00218549 
v 0.60706 0.924545 0.000550051 
v 0.312595 0.924426 0.00164371 
v 0.312499 0.9245 0.00110182 
v 0.31242 0.92456 1.28308e-17 
v 0.29718 0.92456 1.28308e-17 
v 0.31244 0.924545 0.000550051 
v 0.293189 0.909255 1.26185e-17 
v 0.292169 0.915722 1.27082e-17 
v 0.292375 0.917029 1.27263e-17 
v 0.292375 0.911771 1.26534e-17 
v 0.292169 0.913078 1.26715e-17 
v 0.315095 0.921837 1.27931e-17 
v 0.317431 0.913078 1.26715e-17 
v 0.317225 0.911771 1.26534e-17 
v 0.317225 0.917029 1.27263e-17 
v 0.317431 0.915722 1.27082e-17 
v 0.293787 0.920725 1.27776e-17 
v 0.294505 0.921837 1.27931e-17 
v 0.292716 0.918308 1.27441e-17 
v 0.293189 0.919545 1.27612e-17 
v 0.2921 0.9144 1.26898e-17 
v 0.292716 0.910492 1.26356e-17 
v 0.315095 0.906963 1.25866e-17 
v 0.314265 0.905932 1.25723e-17 
v 0.316884 0.910492 1.26356e-17 
v 0.316884 0.918308 1.27441e-17 
v 0.315813 0.920725 1.27776e-17 
v 0.316411 0.919545 1.27612e-17 
v 0.295335 0.922868 1.28074e-17 
v 0.295335 0.905932 1.25723e-17 
v 0.294505 0.906963 1.25866e-17 
v 0.315813 0.908075 1.26021e-17 
v 0.3175 0.9144 1.26898e-17 
v 0.293787 0.908075 1.26021e-17 
v 0.316411 0.909255 1.26185e-17 
v 0.313332 0.904993 1.25593e-17 
v 0.313332 0.923807 1.28204e-17 
v 0.314265 0.922868 1.28074e-17 
v 0.296268 0.923807 1.28204e-17 
v 0.296268 0.904993 1.25593e-17 
v 0.60706 0.9144 1.34675e-17 
vn 1 -5.856e-23 1.69869e-23 
vn 5.75545e-23 -0.998533 -0.0541389 
vn 5.50404e-23 -0.986827 -0.161782 
vn 5.18811e-23 -0.96355 -0.267528 
vn 4.81134e-23 -0.928977 -0.370138 
vn 4.37817e-23 -0.883512 -0.468408 
vn 3.89367e-23 -0.827689 -0.561187 
vn 3.36352e-23 -0.762162 -0.647386 
vn 2.79393e-23 -0.687699 -0.725995 
vn 2.19159e-23 -0.605174 -0.796093 
vn 1.56355e-23 -0.515554 -0.856857 
vn 9.17184e-24 -0.419889 -0.907575 
vn 2.60063e-24 -0.319302 -0.947653 
vn -4.00107e-24 -0.21497 -0.976621 
vn -1.05559e-23 -0.108119 -0.994138 
vn -1.69869e-23 -1.36342e-16 -1 
vn -2.32188e-23 0.108119 -0.994138 
vn -2.91784e-23 0.21497 -0.976621 
vn -3.4796e-23 0.319302 -0.947653 
vn -4.00056e-23 0.419889 -0.907575 
vn -4.47462e-23 0.515554 -0.856857 
vn -4.89622e-23 0.605174 -0.796093 
vn -5.26041e-23 0.687699 -0.725995 
vn -5.56293e-23 0.762162 -0.647386 
vn -5.80023e-23 0.827689 -0.561187 
vn -5.96953e-23 0.883512 -0.468408 
vn -6.06884e-23 0.928977 -0.370138 
vn -6.097e-23 0.96355 -0.267528 
vn -6.05368e-23 0.986827 -0.161782 
vn -5.93938e-23 0.998533 -0.0541389 
vn -5.75545e-23 0.998533 0.0541389 
vn -5.63802e-23 0.994138 0.108119 
vn -5.50404e-23 0.986827 0.161782 
vn -5.35393e-23 0.976621 0.21497 
vn -5.18811e-23 0.96355 0.267528 
vn -5.00707e-23 0.947653 0.319302 
vn -4.81134e-23 0.928977 0.370138 
vn -4.6015e-23 0.907575 0.419889 
vn -4.37817e-23 0.883512 0.468408 
vn -4.14199e-23 0.856857 0.515554 
vn -3.89367e-23 0.827689 0.561187 
vn -3.63392e-23 0.796093 0.605174 
vn -3.36352e-23 0.762162 0.647386 
vn -3.08325e-23 0.725995 0.687699 
vn -2.79393e-23 0.687699 0.725995 
vn -2.49642e-23 0.647386 0.762162 
vn -2.19159e-23 0.605174 0.796093 
vn -1.88033e-23 0.561187 0.827689 
vn -1.56355e-23 0.515554 0.856857 
vn -1.24219e-23 0.468408 0.883512 
vn -9.17184e-24 0.419889 0.907575 
vn -5.89488e-24 0.370138 0.928977 
vn -2.60063e-24 0.319302 0.947653 
vn 7.01246e-25 0.267528 0.96355 
vn 4.00107e-24 0.21497 0.976621 
vn 7.28915e-24 0.161782 0.986827 
vn 1.05559e-23 0.108119 0.994138 
vn 1.37916e-23 0.0541389 0.998533 
vn 1.69869e-23 1.38778e-17 1 
vn 2.32188e-23 -0.108119 0.994138 
vn 2.01324e-23 -0.0541389 0.998533 
vn 2.91784e-23 -0.21497 0.976621 
vn 2.32188e-23 -0.108119 0.994138 
vn 2.62371e-23 -0.161782 0.986827 
vn 3.4796e-23 -0.319302 0.947653 
vn 2.91784e-23 -0.21497 0.976621 
vn 3.20342e-23 -0.267528 0.96355 
vn 4.00056e-23 -0.419889 0.907575 
vn 3.4796e-23 -0.319302 0.947653 
vn 3.74557e-23 -0.370138 0.928977 
vn 4.47462e-23 -0.515554 0.856857 
vn 4.00056e-23 -0.419889 0.907575 
vn 4.24381e-23 -0.468408 0.883512 
vn 4.89622e-23 -0.605174 0.796093 
vn 4.47462e-23 -0.515554 0.856857 
vn 4.6923e-23 -0.561187 0.827689 
vn 5.26041e-23 -0.687699 0.725995 
vn 4.89622e-23 -0.605174 0.796093 
vn 5.08577e-23 -0.647386 0.762162 
vn 5.56293e-23 -0.762162 0.647386 
vn 5.26041e-23 -0.687699 0.725995 
vn 5.41962e-23 -0.725995 0.687699 
vn 5.80023e-23 -0.827689 0.561187 
vn 5.56293e-23 -0.762162 0.647386 
vn 5.68993e-23 -0.796093 0.605174 
vn 5.96953e-23 -0.883512 0.468408 
vn 5.80023e-23 -0.827689 0.561187 
vn 5.89353e-23 -0.856857 0.515554 
vn 6.06884e-23 -0.928977 0.370138 
vn 5.96953e-23 -0.883512 0.468408 
vn 6.02803e-23 -0.907575 0.419889 
vn 6.097e-23 -0.96355 0.267528 
vn 6.06884e-23 -0.928977 0.370138 
vn 6.09186e-23 -0.947653 0.319302 
vn 6.05368e-23 -0.986827 0.161782 
vn 6.097e-23 -0.96355 0.267528 
vn 6.08426e-23 -0.976621 0.21497 
vn 5.93938e-23 -0.998533 0.0541389 
vn 6.05368e-23 -0.986827 0.161782 
vn 6.00534e-23 -0.994138 0.108119 
vn 5.856e-23 -1 7.13488e-16 
vn 5.93938e-23 -0.998533 0.0541389 
vn 6.00534e-23 -0.994138 0.108119 
vn 6.05368e-23 -0.986827 0.161782 
vn 6.08426e-23 -0.976621 0.21497 
vn 6.097e-23 -0.96355 0.267528 
vn 6.09186e-23 -0.947653 0.319302 
vn 6.06884e-23 -0.928977 0.370138 
vn 6.02803e-23 -0.907575 0.419889 
vn 5.96953e-23 -0.883512 0.468408 
vn 5.89353e-23 -0.856857 0.515554 
vn 5.80023e-23 -0.827689 0.561187 
vn 5.68993e-23 -0.796093 0.605174 
vn 5.56293e-23 -0.762162 0.647386 
vn 5.41962e-23 -0.725995 0.687699 
vn 5.26041e-23 -0.687699 0.725995 
vn 5.08577e-23 -0.647386 0.762162 
vn 4.89622e-23 -0.605174 0.796093 
vn 4.6923e-23 -0.561187 0.827689 
vn 4.47462e-23 -0.515554 0.856857 
vn 4.24381e-23 -0.468408 0.883512 
vn 4.00056e-23 -0.419889 0.907575 
vn 3.74557e-23 -0.370138 0.928977 
vn 3.4796e-23 -0.319302 0.947653 
vn 3.20342e-23 -0.267528 0.96355 
vn 2.91784e-23 -0.21497 0.976621 
vn 2.62371e-23 -0.161782 0.986827 
vn 2.32188e-23 -0.108119 0.994138 
vn 2.01324e-23 -0.0541389 0.998533 
vn 1.69869e-23 1.38778e-17 1 
vn 1.05559e-23 0.108119 0.994138 
vn 1.37916e-23 0.0541389 0.998533 
vn 4.00107e-24 0.21497 0.976621 
vn 1.05559e-23 0.108119 0.994138 
vn 7.28915e-24 0.161782 0.986827 
vn -2.60063e-24 0.319302 0.947653 
vn 4.00107e-24 0.21497 0.976621 
vn 7.01246e-25 0.267528 0.96355 
vn -9.17184e-24 0.419889 0.907575 
vn -2.60063e-24 0.319302 0.947653 
vn -5.89488e-24 0.370138 0.928977 
vn -1.56355e-23 0.515554 0.856857 
vn -9.17184e-24 0.419889 0.907575 
vn -1.24219e-23 0.468408 0.883512 
vn -2.19159e-23 0.605174 0.796093 
vn -1.56355e-23 0.515554 0.856857 
vn -1.88033e-23 0.561187 0.827689 
vn -2.79393e-23 0.687699 0.725995 
vn -2.19159e-23 0.605174 0.796093 
vn -2.49642e-23 0.647386 0.762162 
vn -3.36352e-23 0.762162 0.647386 
vn -2.79393e-23 0.687699 0.725995 
vn -3.08325e-23 0.725995 0.687699 
vn -3.89367e-23 0.827689 0.561187 
vn -3.36352e-23 0.762162 0.647386 
vn -3.63392e-23 0.796093 0.605174 
vn -4.37817e-23 0.883512 0.468408 
vn -3.89367e-23 0.827689 0.561187 
vn -4.14199e-23 0.856857 0.515554 
vn -4.81134e-23 0.928977 0.370138 
vn -4.37817e-23 0.883512 0.468408 
vn -4.6015e-23 0.907575 0.419889 
vn -5.18811e-23 0.96355 0.267528 
vn -4.81134e-23 0.928977 0.370138 
vn -5.00707e-23 0.947653 0.319302 
vn -5.50404e-23 0.986827 0.161782 
vn -5.18811e-23 0.96355 0.267528 
vn -5.35393e-23 0.976621 0.21497 
vn -5.75545e-23 0.998533 0.0541389 
vn -5.50404e-23 0.986827 0.161782 
vn -5.63802e-23 0.994138 0.108119 
vn -5.93938e-23 0.998533 -0.0541389 
vn -5.856e-23 1 7.18359e-16 
vn -5.75545e-23 0.998533 0.0541389 
vn -1 5.856e-23 -1.69869e-23 
vn -0.0844882 0.996424 1.38282e-17 
vn -1.00149e-14 1 1.38778e-17 
vn -0.0541389 0.998533 1.38574e-17 
vn -0.108125 0.994137 1.37964e-17 
vn -0.0578292 0.998326 1.38546e-17 
vn -0.108119 0.994138 1.37964e-17 
vn -0.188281 0.982115 1.36296e-17 
vn -0.161782 0.986827 1.3695e-17 
vn -0.214971 0.976621 1.35533e-17 
vn -0.184681 0.982799 1.36391e-17 
vn -0.21497 0.976621 1.35533e-17 
vn -0.12074 0.992684 1.37763e-17 
vn -0.306288 0.951939 1.32108e-17 
vn -0.289998 0.957027 1.32814e-17 
vn -0.244641 0.969614 1.34561e-17 
vn -0.267528 0.96355 1.33719e-17 
vn -0.319294 0.947656 1.31514e-17 
vn -0.319302 0.947653 1.31513e-17 
vn -0.387318 0.921946 1.27946e-17 
vn -0.370138 0.928977 1.28921e-17 
vn -0.419897 0.907572 1.25951e-17 
vn -0.419889 0.907575 1.25951e-17 
vn -0.371347 0.928494 1.28854e-17 
vn -0.509763 0.860315 1.19393e-17 
vn -0.480847 0.876805 1.21681e-17 
vn -0.468408 0.883512 1.22612e-17 
vn -0.515546 0.856862 1.18913e-17 
vn -0.515554 0.856857 1.18913e-17 
vn -0.439452 0.898266 1.24659e-17 
vn -0.584802 0.811176 1.12573e-17 
vn -0.569661 0.82188 1.14059e-17 
vn -0.561187 0.827689 1.14865e-17 
vn -0.60516 0.796104 1.10482e-17 
vn -0.605174 0.796093 1.1048e-17 
vn -0.661081 0.750314 1.04127e-17 
vn -0.651288 0.758831 1.05309e-17 
vn -0.647386 0.762162 1.05771e-17 
vn -0.687684 0.726011 1.00754e-17 
vn -0.687699 0.725995 1.00752e-17 
vn -0.740102 0.672494 9.33272e-18 
vn -0.726124 0.687564 9.54185e-18 
vn -0.725995 0.687699 9.54373e-18 
vn -0.762145 0.647406 8.98456e-18 
vn -0.762162 0.647386 8.98428e-18 
vn -0.812142 0.583459 8.09711e-18 
vn -0.793508 0.60856 8.44545e-18 
vn -0.796093 0.605174 8.39847e-18 
vn -0.827672 0.561212 7.78837e-18 
vn -0.827689 0.561187 7.78802e-18 
vn -0.874398 0.485209 6.73361e-18 
vn -0.85184 0.523801 7.26919e-18 
vn -0.856857 0.515554 7.15473e-18 
vn -0.883498 0.468435 6.50083e-18 
vn -0.883512 0.468408 6.50046e-18 
vn -0.925657 0.378364 5.25085e-18 
vn -0.900812 0.43421 6.02585e-18 
vn -0.907575 0.419889 5.82712e-18 
vn -0.928968 0.370161 5.137e-18 
vn -0.947653 0.319302 4.43118e-18 
vn -0.963559 0.267495 3.71223e-18 
vn -0.940756 0.339085 4.70573e-18 
vn -0.928977 0.370138 5.13668e-18 
vn -0.976621 0.21497 2.9833e-18 
vn -0.986833 0.161744 2.24463e-18 
vn -0.970619 0.240622 3.33928e-18 
vn -0.96355 0.267528 3.71269e-18 
vn -0.967349 0.253447 3.51727e-18 
vn -0.986827 0.161782 2.24516e-18 
vn -0.992228 0.124431 1.72681e-18 
vn -0.990057 0.140664 1.95209e-18 
vn -0.994138 0.108119 1.50044e-18 
vn -0.998534 0.0541267 7.51142e-19 
vn -0.998533 -0.0541389 -7.51345e-19 
vn -1 5.856e-23 -1.69869e-23 
vn -0.999273 0.0381307 5.29153e-19 
vn -0.998533 0.0541389 7.51311e-19 
vn -0.986827 -0.161782 -2.24519e-18 
vn -0.998533 -0.0541389 -7.51345e-19 
vn -0.994138 -0.108119 -1.50047e-18 
vn -0.96355 -0.267528 -3.71272e-18 
vn -0.986827 -0.161782 -2.24519e-18 
vn -0.976621 -0.21497 -2.98333e-18 
vn -0.928977 -0.370138 -5.13671e-18 
vn -0.96355 -0.267528 -3.71272e-18 
vn -0.947653 -0.319302 -4.43121e-18 
vn -0.883512 -0.468408 -6.50049e-18 
vn -0.928977 -0.370138 -5.13671e-18 
vn -0.907575 -0.419889 -5.82715e-18 
vn -0.827689 -0.561187 -7.78805e-18 
vn -0.883512 -0.468408 -6.50049e-18 
vn -0.856857 -0.515554 -7.15476e-18 
vn -0.762162 -0.647386 -8.9843e-18 
vn -0.827689 -0.561187 -7.78805e-18 
vn -0.796093 -0.605174 -8.39849e-18 
vn -0.687699 -0.725995 -1.00752e-17 
vn -0.762162 -0.647386 -8.9843e-18 
vn -0.725995 -0.687699 -9.54376e-18 
vn -0.605174 -0.796093 -1.1048e-17 
vn -0.687699 -0.725995 -1.00752e-17 
vn -0.647386 -0.762162 -1.05771e-17 
vn -0.515554 -0.856857 -1.18913e-17 
vn -0.605174 -0.796093 -1.1048e-17 
vn -0.561187 -0.827689 -1.14865e-17 
vn -0.419889 -0.907575 -1.25951e-17 
vn -0.515554 -0.856857 -1.18913e-17 
vn -0.468408 -0.883512 -1.22612e-17 
vn -0.319302 -0.947653 -1.31513e-17 
vn -0.419889 -0.907575 -1.25951e-17 
vn -0.370138 -0.928977 -1.28921e-17 
vn -0.21497 -0.976621 -1.35533e-17 
vn -0.319302 -0.947653 -1.31513e-17 
vn -0.267528 -0.96355 -1.33719e-17 
vn -0.108119 -0.994138 -1.37964e-17 
vn -0.21497 -0.976621 -1.35533e-17 
vn -0.161782 -0.986827 -1.3695e-17 
vn -7.65714e-16 -1 -1.38778e-17 
vn -0.108119 -0.994138 -1.37964e-17 
vn -0.0541389 -0.998533 -1.38574e-17 
vn 0.0541389 -0.998533 -1.38574e-17 
vn 1.22465e-16 -1 -1.38778e-17 
vn 0.108119 -0.994138 -1.37964e-17 
vn 0.161782 -0.986827 -1.3695e-17 
vn 0.21497 -0.976621 -1.35533e-17 
vn 0.267528 -0.96355 -1.33719e-17 
vn 0.319302 -0.947653 -1.31513e-17 
vn 0.370138 -0.928977 -1.28921e-17 
vn 0.419889 -0.907575 -1.25951e-17 
vn 0.468408 -0.883512 -1.22612e-17 
vn 0.515554 -0.856857 -1.18913e-17 
vn 0.561187 -0.827689 -1.14865e-17 
vn 0.605174 -0.796093 -1.1048e-17 
vn 0.647386 -0.762162 -1.05771e-17 
vn 0.687699 -0.725995 -1.00752e-17 
vn 0.725995 -0.687699 -9.54373e-18 
vn 0.762162 -0.647386 -8.98428e-18 
vn 0.796093 -0.605174 -8.39847e-18 
vn 0.827689 -0.561187 -7.78802e-18 
vn 0.856857 -0.515554 -7.15473e-18 
vn 0.883512 -0.468408 -6.50046e-18 
vn 0.907575 -0.419889 -5.82712e-18 
vn 0.928977 -0.370138 -5.13668e-18 
vn 0.947653 -0.319302 -4.43118e-18 
vn 0.96355 -0.267528 -3.71269e-18 
vn 0.976621 -0.21497 -2.9833e-18 
vn 0.986827 -0.161782 -2.24516e-18 
vn 0.994138 -0.108119 -1.50044e-18 
vn 0.998533 -0.0541389 -7.51311e-19 
vn 1 -5.856e-23 1.69869e-23 
vn 0.998533 0.0541389 7.51345e-19 
vn 0.994138 0.108119 1.50047e-18 
vn 0.986827 0.161782 2.24519e-18 
vn 0.976621 0.21497 2.98333e-18 
vn 0.96355 0.267528 3.71272e-18 
vn 0.947653 0.319302 4.43121e-18 
vn 0.928977 0.370138 5.13671e-18 
vn 0.907575 0.419889 5.82715e-18 
vn 0.883512 0.468408 6.50049e-18 
vn 0.928977 0.370138 5.13671e-18 
vn 0.856857 0.515554 7.15476e-18 
vn 0.827685 0.561193 7.78813e-18 
vn 0.827689 0.561187 7.78805e-18 
vn 0.78948 0.613777 8.51788e-18 
vn 0.818223 0.574901 7.97836e-18 
vn 0.796093 0.605174 8.39849e-18 
vn 0.76217 0.647377 8.98418e-18 
vn 0.820036 0.572312 7.94244e-18 
vn 0.762162 0.647386 8.9843e-18 
vn 0.719054 0.694954 9.64444e-18 
vn 0.754361 0.65646 9.11022e-18 
vn 0.725995 0.687699 9.54376e-18 
vn 0.687703 0.725992 1.00752e-17 
vn 0.687699 0.725995 1.00752e-17 
vn 0.646791 0.762668 1.05841e-17 
vn 0.682316 0.731058 1.01455e-17 
vn 0.647386 0.762162 1.05771e-17 
vn 0.605169 0.796097 1.10481e-17 
vn 0.605174 0.796093 1.1048e-17 
vn 0.574293 0.81865 1.13611e-17 
vn 0.602926 0.797797 1.10717e-17 
vn 0.515539 0.856866 1.18914e-17 
vn 0.517119 0.855914 1.18782e-17 
vn 0.561187 0.827689 1.14865e-17 
vn 0.515554 0.856857 1.18913e-17 
vn 0.419895 0.907573 1.25951e-17 
vn 0.424359 0.905494 1.25663e-17 
vn 0.468408 0.883512 1.22612e-17 
vn 0.426819 0.904337 1.25502e-17 
vn 0.419889 0.907575 1.25951e-17 
vn 0.495394 0.868668 1.20552e-17 
vn 0.319297 0.947655 1.31514e-17 
vn 0.327649 0.9448 1.31117e-17 
vn 0.370138 0.928977 1.28921e-17 
vn 0.361302 0.932449 1.29403e-17 
vn 0.319302 0.947653 1.31513e-17 
vn 0.23926 0.970955 1.34747e-17 
vn 0.301852 0.953355 1.32305e-17 
vn 0.214972 0.97662 1.35533e-17 
vn 0.228041 0.973651 1.35121e-17 
vn 0.267528 0.96355 1.33719e-17 
vn 0.21497 0.976621 1.35533e-17 
vn 0.122014 0.992528 1.37741e-17 
vn 0.124394 0.992233 1.377e-17 
vn 0.180839 0.983513 1.3649e-17 
vn 0.108124 0.994137 1.37964e-17 
vn 0.161782 0.986827 1.3695e-17 
vn 0.108119 0.994138 1.37964e-17 
vn 0.00345625 0.999994 1.38777e-17 
vn 0.0198909 0.999802 1.3875e-17 
vn 0.062724 0.998031 1.38505e-17 
vn 2.71822e-06 1 1.38778e-17 
vn 0.0541389 0.998533 1.38574e-17 
vn 1.69869e-23 1.38778e-17 1 
vn -1 5.856e-23 -1.69869e-23 
vn 6.08585e-23 -0.97573 0.218976 
vn 5.93938e-23 -0.998533 0.0541389 
vn 6.05368e-23 -0.986827 0.161782 
vn 6.097e-23 -0.96355 0.267528 
vn 6.06884e-23 -0.928977 0.370138 
vn 5.96953e-23 -0.883512 0.468408 
vn 5.80023e-23 -0.827689 0.561187 
vn 5.56293e-23 -0.762162 0.647386 
vn 5.26041e-23 -0.687699 0.725995 
vn 4.89622e-23 -0.605174 0.796093 
vn 4.47462e-23 -0.515554 0.856857 
vn 4.00056e-23 -0.419889 0.907575 
vn 3.4796e-23 -0.319302 0.947653 
vn 2.91784e-23 -0.21497 0.976621 
vn 2.32188e-23 -0.108119 0.994138 
vn 1.69869e-23 -1.08587e-16 1 
vn 1.05559e-23 0.108119 0.994138 
vn 4.00107e-24 0.21497 0.976621 
vn -2.60063e-24 0.319302 0.947653 
vn 3.75139e-24 0.218976 0.97573 
vn -9.17184e-24 0.419889 0.907575 
vn -4.89622e-23 0.605174 -0.796093 
vn -4.89623e-23 0.605176 -0.796092 
vn -4.92547e-23 0.611598 -0.791169 
vn -5.26041e-23 0.687699 -0.725995 
vn -5.09741e-23 0.650027 -0.759911 
vn -5.26041e-23 0.687699 -0.725995 
vn -5.26061e-23 0.687746 -0.725951 
vn -5.56293e-23 0.762162 -0.647386 
vn -5.41296e-23 0.724359 -0.689423 
vn -5.54879e-23 0.758506 -0.651666 
vn -5.56293e-23 0.76216 -0.647388 
vn -5.67175e-23 0.7911 -0.611687 
vn -5.80023e-23 0.827689 -0.561187 
vn -5.77665e-23 0.820721 -0.57133 
vn -5.80023e-23 0.827687 -0.56119 
vn -5.86859e-23 0.848765 -0.528771 
vn -5.96953e-23 0.883512 -0.468408 
vn -5.9452e-23 0.874578 -0.484885 
vn -6.06884e-23 0.928977 -0.370138 
vn -6.00647e-23 0.898153 -0.439683 
vn -6.04996e-23 0.918252 -0.395998 
vn -5.96953e-23 0.883511 -0.46841 
vn -6.06884e-23 0.928977 -0.370137 
vn -6.0796e-23 0.936329 -0.351123 
vn -6.097e-23 0.96355 -0.267528 
vn -6.09542e-23 0.952992 -0.302997 
vn -6.05368e-23 0.986827 -0.161782 
vn -6.09549e-23 0.967081 -0.254471 
vn -6.07975e-23 0.978813 -0.204757 
vn -6.097e-23 0.963551 -0.267526 
vn -5.93938e-23 0.998533 -0.0541389 
vn -6.00197e-23 0.994475 -0.104974 
vn -5.94044e-23 0.998492 -0.054906 
vn -6.04857e-23 0.987906 -0.155051 
vn -6.05368e-23 0.986827 -0.161779 
vn -5.75545e-23 0.998533 0.0541389 
vn -5.86232e-23 0.999993 -0.00373942 
vn -5.77094e-23 0.998925 0.0463663 
vn -5.93938e-23 0.998533 -0.0541394 
vn -5.50404e-23 0.986827 0.161782 
vn -5.66163e-23 0.995199 0.0978735 
vn -5.53956e-23 0.988956 0.148211 
vn -5.75546e-23 0.998534 0.054136 
vn -5.18811e-23 0.96355 0.267528 
vn -5.50405e-23 0.986827 0.161779 
vn -5.40255e-23 0.980119 0.198408 
vn -5.25359e-23 0.968904 0.247438 
vn -4.81134e-23 0.928977 0.370138 
vn -5.18818e-23 0.963556 0.267507 
vn -4.91478e-23 0.939019 0.343865 
vn -4.37817e-23 0.883512 0.468408 
vn -4.81142e-23 0.928984 0.370119 
vn -4.523e-23 0.899256 0.437424 
vn -3.89367e-23 0.827689 0.561187 
vn -4.37824e-23 0.88352 0.468394 
vn -4.08604e-23 0.850381 0.526167 
vn -3.36352e-23 0.762162 0.647386 
vn -3.89371e-23 0.827694 0.56118 
vn -3.61443e-23 0.793682 0.608333 
vn -2.79393e-23 0.687699 0.725995 
vn -3.36352e-23 0.762162 0.647386 
vn -3.10675e-23 0.729064 0.684445 
vn -2.19159e-23 0.605174 0.796093 
vn -2.79388e-23 0.687693 0.726002 
vn -2.57761e-23 0.658477 0.752601 
vn -1.56355e-23 0.515554 0.856857 
vn -2.1915e-23 0.605162 0.796102 
vn -2.0576e-23 0.586345 0.810061 
vn -1.81402e-23 0.551706 0.834039 
vn -1.58456e-23 0.518607 0.855013 
vn -9.17184e-24 0.419889 0.907575 
vn -1.30647e-23 0.477906 0.878411 
vn -1.29984e-23 0.476928 0.878942 
vn -1.32292e-23 0.48033 0.877088 
vn -1.41219e-23 0.493454 0.869772 
vn -1.37706e-23 0.488297 0.872677 
vn -1.56355e-23 0.515554 0.856857 
vn -1.49324e-23 0.505311 0.862937 
vn -1.34678e-23 0.483845 0.875154 
vn 5.856e-23 -1 -1.38778e-17 
vn 5.75545e-23 -0.998533 -0.0541389 
vn 5.63802e-23 -0.994138 -0.108119 
vn 5.50404e-23 -0.986827 -0.161782 
vn 5.35393e-23 -0.976621 -0.21497 
vn 5.18811e-23 -0.96355 -0.267528 
vn 5.00707e-23 -0.947653 -0.319302 
vn 4.81134e-23 -0.928977 -0.370138 
vn 4.6015e-23 -0.907575 -0.419889 
vn 4.37817e-23 -0.883512 -0.468408 
vn 4.14199e-23 -0.856857 -0.515554 
vn 3.89367e-23 -0.827689 -0.561187 
vn 3.63392e-23 -0.796093 -0.605174 
vn 3.36352e-23 -0.762162 -0.647386 
vn 3.08325e-23 -0.725995 -0.687699 
vn 2.79393e-23 -0.687699 -0.725995 
vn 2.49642e-23 -0.647386 -0.762162 
vn 2.19159e-23 -0.605174 -0.796093 
vn 1.88033e-23 -0.561187 -0.827689 
vn 1.56355e-23 -0.515554 -0.856857 
vn 1.24219e-23 -0.468408 -0.883512 
vn 9.17184e-24 -0.419889 -0.907575 
vn 5.89488e-24 -0.370138 -0.928977 
vn 2.60063e-24 -0.319302 -0.947653 
vn -7.01246e-25 -0.267528 -0.96355 
vn -4.00107e-24 -0.21497 -0.976621 
vn -7.28915e-24 -0.161782 -0.986827 
vn -1.05559e-23 -0.108119 -0.994138 
vn -1.37916e-23 -0.0541389 -0.998533 
vn -1.69869e-23 -1.38778e-17 -1 
vn -2.32188e-23 0.108119 -0.994138 
vn -2.01324e-23 0.0541389 -0.998533 
vn -2.91784e-23 0.21497 -0.976621 
vn -2.32188e-23 0.108119 -0.994138 
vn -2.62371e-23 0.161782 -0.986827 
vn -3.4796e-23 0.319302 -0.947653 
vn -2.91784e-23 0.21497 -0.976621 
vn -3.20342e-23 0.267528 -0.96355 
vn -4.00056e-23 0.419889 -0.907575 
vn -3.4796e-23 0.319302 -0.947653 
vn -3.74557e-23 0.370138 -0.928977 
vn -4.47462e-23 0.515554 -0.856857 
vn -4.00056e-23 0.419889 -0.907575 
vn -4.24381e-23 0.468408 -0.883512 
vn -4.69233e-23 0.561193 -0.827685 
vn -4.74445e-23 0.572312 -0.820036 
vn -4.47462e-23 0.515554 -0.856857 
vn -1.29758e-23 0.476594 0.879123 
vn 4.00107e-24 0.21497 0.976621 
vn -1 5.856e-23 -1.69869e-23 
vn 1 -5.856e-23 1.69869e-23 
vn 6.05368e-23 -0.986827 0.161782 
vn 5.93938e-23 -0.998533 0.0541389 
vn 6.097e-23 -0.96355 0.267528 
vn 6.05368e-23 -0.986827 0.161782 
vn 6.06884e-23 -0.928977 0.370138 
vn 6.097e-23 -0.96355 0.267528 
vn 5.96953e-23 -0.883512 0.468408 
vn 6.06884e-23 -0.928977 0.370138 
vn 5.80023e-23 -0.827689 0.561187 
vn 5.96953e-23 -0.883512 0.468408 
vn 5.56293e-23 -0.762162 0.647386 
vn 5.80023e-23 -0.827689 0.561187 
vn 5.26041e-23 -0.687699 0.725995 
vn 5.56293e-23 -0.762162 0.647386 
vn 4.89622e-23 -0.605174 0.796093 
vn 5.26041e-23 -0.687699 0.725995 
vn 4.47462e-23 -0.515554 0.856857 
vn 4.89622e-23 -0.605174 0.796093 
vn 4.00056e-23 -0.419889 0.907575 
vn 4.47462e-23 -0.515554 0.856857 
vn 3.4796e-23 -0.319302 0.947653 
vn 4.00056e-23 -0.419889 0.907575 
vn 2.91784e-23 -0.21497 0.976621 
vn 3.4796e-23 -0.319302 0.947653 
vn 2.32188e-23 -0.108119 0.994138 
vn 2.91784e-23 -0.21497 0.976621 
vn 1.69869e-23 1.38778e-17 1 
vn 2.32188e-23 -0.108119 0.994138 
vn 1.05559e-23 0.108119 0.994138 
vn 1.69869e-23 1.38778e-17 1 
vn 4.00107e-24 0.21497 0.976621 
vn 1.05559e-23 0.108119 0.994138 
vn -2.60063e-24 0.319302 0.947653 
vn 4.00107e-24 0.21497 0.976621 
vn -9.17184e-24 0.419889 0.907575 
vn -2.60063e-24 0.319302 0.947653 
vn -1.56355e-23 0.515554 0.856857 
vn -9.17184e-24 0.419889 0.907575 
vn -2.19159e-23 0.605174 0.796093 
vn -1.56355e-23 0.515554 0.856857 
vn -2.79393e-23 0.687699 0.725995 
vn -2.19159e-23 0.605174 0.796093 
vn -3.36352e-23 0.762162 0.647386 
vn -2.79393e-23 0.687699 0.725995 
vn -3.89367e-23 0.827689 0.561187 
vn -3.36352e-23 0.762162 0.647386 
vn -4.37817e-23 0.883512 0.468408 
vn -3.89367e-23 0.827689 0.561187 
vn -4.81134e-23 0.928977 0.370138 
vn -4.37817e-23 0.883512 0.468408 
vn -5.18811e-23 0.96355 0.267528 
vn -4.81134e-23 0.928977 0.370138 
vn -5.50404e-23 0.986827 0.161782 
vn -5.18811e-23 0.96355 0.267528 
vn -5.75545e-23 0.998533 0.0541389 
vn -5.50404e-23 0.986827 0.161782 
vn 5.75545e-23 -0.998533 -0.0541389 
vn 5.6374e-23 -0.994109 -0.108382 
vn 5.50404e-23 -0.986827 -0.161782 
vn 5.75545e-23 -0.998533 -0.0541389 
vn 5.35295e-23 -0.976549 -0.215297 
vn 5.18811e-23 -0.96355 -0.267528 
vn 5.00547e-23 -0.947507 -0.319736 
vn 4.81132e-23 -0.928975 -0.370143 
vn 4.81134e-23 -0.928977 -0.370138 
vn 4.78047e-23 -0.92591 -0.377744 
vn 4.37817e-23 -0.883512 -0.468408 
vn 3.94476e-23 -0.833778 -0.552099 
vn 3.89367e-23 -0.827689 -0.561187 
vn 3.36352e-23 -0.762162 -0.647386 
vn 3.13361e-23 -0.732565 -0.680697 
vn 2.79393e-23 -0.687699 -0.725995 
vn 2.31842e-23 -0.622844 -0.782346 
vn 2.19159e-23 -0.605174 -0.796093 
vn 1.88124e-23 -0.561317 -0.827601 
vn 1.56355e-23 -0.515554 -0.856857 
vn 1.56352e-23 -0.515549 -0.85686 
vn 1.50044e-23 -0.506362 -0.862321 
vn 9.17184e-24 -0.419889 -0.907575 
vn 6.84608e-24 -0.384664 -0.923057 
vn 2.60063e-24 -0.319302 -0.947653 
vn -1.2536e-24 -0.258788 -0.965934 
vn -4.00107e-24 -0.21497 -0.976621 
vn -9.22383e-24 -0.1301 -0.991501 
vn -1.05559e-23 -0.108119 -0.994138 
vn -1.38013e-23 -0.0539752 -0.998542 
vn -1.69869e-23 -2.58807e-16 -1 
vn -2.32188e-23 0.108119 -0.994138 
vn -2.01327e-23 0.0541454 -0.998533 
vn -2.91784e-23 0.21497 -0.976621 
vn -2.32193e-23 0.108129 -0.994137 
vn -2.44612e-23 0.1301 -0.991501 
vn -3.4796e-23 0.319302 -0.947653 
vn -2.91784e-23 0.21497 -0.976621 
vn -3.15628e-23 0.258788 -0.965934 
vn -4.00056e-23 0.419889 -0.907575 
vn -3.4796e-23 0.319302 -0.947653 
vn -3.82058e-23 0.384664 -0.923057 
vn -4.47462e-23 0.515554 -0.856857 
vn -4.00056e-23 0.419889 -0.907575 
vn -4.43007e-23 0.506362 -0.862321 
vn -4.89622e-23 0.605174 -0.796093 
vn -4.47462e-23 0.515554 -0.856857 
vn -4.69312e-23 0.561361 -0.827571 
vn -5.26041e-23 0.687699 -0.725995 
vn -4.89625e-23 0.605181 -0.796088 
vn -4.97506e-23 0.62256 -0.782572 
vn -5.56293e-23 0.762162 -0.647386 
vn -5.26041e-23 0.687699 -0.725995 
vn -5.4462e-23 0.732565 -0.680697 
vn -5.80023e-23 0.827689 -0.561187 
vn -5.56293e-23 0.762162 -0.647386 
vn -5.96953e-23 0.883512 -0.468408 
vn -5.80028e-23 0.827703 -0.561166 
vn -5.81947e-23 0.833479 -0.552551 
vn -6.06884e-23 0.928977 -0.370138 
vn -5.96953e-23 0.883512 -0.468408 
vn -6.0638e-23 0.92591 -0.377744 
vn -6.097e-23 0.96355 -0.267528 
vn -6.06884e-23 0.928977 -0.370138 
vn -6.09172e-23 0.947482 -0.319809 
vn -6.05368e-23 0.986827 -0.161782 
vn -6.097e-23 0.96355 -0.267528 
vn -6.08432e-23 0.97659 -0.215107 
vn -5.93938e-23 0.998533 -0.0541389 
vn -6.05368e-23 0.986827 -0.161782 
vn -6.00569e-23 0.994102 -0.108447 
vn -5.75545e-23 0.998533 0.0541389 
vn -5.856e-23 1 -9.35533e-16 
vn -5.93938e-23 0.998533 -0.0541389 
vn -6.00562e-23 0.994109 -0.108382 
vn -6.05368e-23 0.986827 -0.161782 
vn -5.93938e-23 0.998533 -0.0541389 
vn -6.0844e-23 0.976549 -0.215297 
vn -6.097e-23 0.96355 -0.267528 
vn -6.09174e-23 0.947507 -0.319736 
vn -6.06884e-23 0.928975 -0.370143 
vn -6.06884e-23 0.928977 -0.370138 
vn -6.0638e-23 0.92591 -0.377744 
vn -5.96953e-23 0.883512 -0.468408 
vn -5.82045e-23 0.833778 -0.552099 
vn -5.80023e-23 0.827689 -0.561187 
vn -5.56293e-23 0.762162 -0.647386 
vn -5.4462e-23 0.732565 -0.680697 
vn -5.26041e-23 0.687699 -0.725995 
vn -4.97634e-23 0.622844 -0.782346 
vn -4.89622e-23 0.605174 -0.796093 
vn -4.69291e-23 0.561317 -0.827601 
vn -4.47462e-23 0.515554 -0.856857 
vn -4.47459e-23 0.515549 -0.85686 
vn -4.43007e-23 0.506362 -0.862321 
vn -4.00056e-23 0.419889 -0.907575 
vn -3.82058e-23 0.384664 -0.923057 
vn -3.4796e-23 0.319302 -0.947653 
vn -3.15628e-23 0.258788 -0.965934 
vn -2.91784e-23 0.21497 -0.976621 
vn -2.44612e-23 0.1301 -0.991501 
vn -2.32188e-23 0.108119 -0.994138 
vn -2.01229e-23 0.0539752 -0.998542 
vn -1.69869e-23 -2.58807e-16 -1 
vn -1.05559e-23 -0.108119 -0.994138 
vn -1.37912e-23 -0.0541454 -0.998533 
vn -4.00107e-24 -0.21497 -0.976621 
vn -1.05553e-23 -0.108129 -0.994137 
vn -9.22383e-24 -0.1301 -0.991501 
vn 2.60063e-24 -0.319302 -0.947653 
vn -4.00107e-24 -0.21497 -0.976621 
vn -1.2536e-24 -0.258788 -0.965934 
vn 9.17184e-24 -0.419889 -0.907575 
vn 2.60063e-24 -0.319302 -0.947653 
vn 6.84608e-24 -0.384664 -0.923057 
vn 1.56355e-23 -0.515554 -0.856857 
vn 9.17184e-24 -0.419889 -0.907575 
vn 1.50044e-23 -0.506362 -0.862321 
vn 2.19159e-23 -0.605174 -0.796093 
vn 1.56355e-23 -0.515554 -0.856857 
vn 1.88154e-23 -0.561361 -0.827571 
vn 2.79393e-23 -0.687699 -0.725995 
vn 2.19164e-23 -0.605181 -0.796088 
vn 2.31637e-23 -0.62256 -0.782572 
vn 3.36352e-23 -0.762162 -0.647386 
vn 2.79393e-23 -0.687699 -0.725995 
vn 3.13361e-23 -0.732565 -0.680697 
vn 3.89367e-23 -0.827689 -0.561187 
vn 3.36352e-23 -0.762162 -0.647386 
vn 4.37817e-23 -0.883512 -0.468408 
vn 3.89379e-23 -0.827703 -0.561166 
vn 3.94225e-23 -0.833479 -0.552551 
vn 4.81134e-23 -0.928977 -0.370138 
vn 4.37817e-23 -0.883512 -0.468408 
vn 4.78047e-23 -0.92591 -0.377744 
vn 5.18811e-23 -0.96355 -0.267528 
vn 4.81134e-23 -0.928977 -0.370138 
vn 5.0052e-23 -0.947482 -0.319809 
vn 5.50404e-23 -0.986827 -0.161782 
vn 5.18811e-23 -0.96355 -0.267528 
vn 5.35352e-23 -0.97659 -0.215107 
vn 5.75545e-23 -0.998533 -0.0541389 
vn 5.50404e-23 -0.986827 -0.161782 
vn 5.63725e-23 -0.994102 -0.108447 
vn 5.856e-23 -1 -7.18359e-16 
vn 5.75545e-23 -0.998533 -0.0541389 
vn -1.69869e-23 -1.38778e-17 -1 
vn 0.671805 0.740728 1.02797e-17 
vn 0.6 0.8 1.11022e-17 
vn 0.601561 0.798827 1.1086e-17 
vn 0.60624 0.795282 1.10368e-17 
vn 0.6138 0.789461 1.0956e-17 
vn 0.62419 0.781272 1.08423e-17 
vn 0.637029 0.77084 1.06976e-17 
vn 0.652271 0.757986 1.05192e-17 
vn 0.66909 0.743181 1.03137e-17 
vn 0.745252 0.666783 9.25349e-18 
vn 0.671805 0.740728 1.02797e-17 
vn 0.707404 0.70681 9.80897e-18 
vn 0.810603 0.585596 8.12679e-18 
vn 0.749561 0.661936 9.18622e-18 
vn 0.792609 0.60973 8.46171e-18 
vn 0.745252 0.666783 9.25349e-18 
vn 0.86715 0.498048 6.91182e-18 
vn 0.810601 0.585599 8.12683e-18 
vn 0.83506 0.55016 7.63501e-18 
vn 0.914277 0.40509 5.62176e-18 
vn 0.875062 0.484011 6.71702e-18 
vn 0.893487 0.449089 6.23237e-18 
vn 0.910983 0.412443 5.72381e-18 
vn 0.86715 0.498048 6.91182e-18 
vn 0.951473 0.307731 4.27064e-18 
vn 0.914277 0.40509 5.62176e-18 
vn 0.941894 0.335911 4.66172e-18 
vn 0.978335 0.20703 2.87314e-18 
vn 0.951473 0.307731 4.27064e-18 
vn 0.966825 0.255441 3.54498e-18 
vn 0.994569 0.10408 1.44442e-18 
vn 0.978335 0.20703 2.87314e-18 
vn 0.985101 0.171976 2.38667e-18 
vn 1 -8.82055e-15 1.69869e-23 
vn 0.996253 0.0864841 1.20022e-18 
vn 0.999061 0.0433163 6.01151e-19 
vn 0.994569 0.10408 1.44442e-18 
vn 0.996252 -0.0864952 -1.20035e-18 
vn 0.994569 -0.10408 -1.44439e-18 
vn 1 -8.74191e-15 1.69869e-23 
vn 0.999067 -0.0431801 -5.99228e-19 
vn 0.994569 -0.10408 -1.44439e-18 
vn 0.985101 -0.171976 -2.38663e-18 
vn 0.978335 -0.20703 -2.8731e-18 
vn 0.966825 -0.255441 -3.54494e-18 
vn 0.951473 -0.307731 -4.27061e-18 
vn 0.941894 -0.335911 -4.66169e-18 
vn 0.914277 -0.40509 -5.62173e-18 
vn 0.874991 -0.484139 -6.71877e-18 
vn 0.867154 -0.498039 -6.91167e-18 
vn 0.893505 -0.449053 -6.23185e-18 
vn 0.911009 -0.412386 -5.72299e-18 
vn 0.86715 -0.498048 -6.91179e-18 
vn 0.83506 -0.55016 -7.63498e-18 
vn 0.810601 -0.585599 -8.1268e-18 
vn 0.810603 -0.585596 -8.12676e-18 
vn 0.74937 -0.662151 -9.18918e-18 
vn 0.745254 -0.666781 -9.25343e-18 
vn 0.792609 -0.60973 -8.46169e-18 
vn 0.745252 -0.666783 -9.25347e-18 
vn 0.707404 -0.70681 -9.80894e-18 
vn 0.671805 -0.740728 -1.02797e-17 
vn 0.606232 -0.795287 -1.10368e-17 
vn 0.601561 -0.798827 -1.10859e-17 
vn 0.6138 -0.789461 -1.0956e-17 
vn 0.624232 -0.781239 -1.08419e-17 
vn 0.637029 -0.77084 -1.06975e-17 
vn 0.652248 -0.758005 -1.05194e-17 
vn 0.669241 -0.743045 -1.03118e-17 
vn 0.6 -0.8 -1.11022e-17 
vn -0.671805 -0.740728 -1.02797e-17 
vn -0.6 -0.8 -1.11022e-17 
vn -0.601561 -0.798827 -1.1086e-17 
vn -0.60624 -0.795282 -1.10368e-17 
vn -0.6138 -0.789461 -1.0956e-17 
vn -0.62419 -0.781272 -1.08423e-17 
vn -0.637029 -0.77084 -1.06976e-17 
vn -0.652271 -0.757986 -1.05192e-17 
vn -0.66909 -0.743181 -1.03137e-17 
vn -0.745252 -0.666783 -9.25349e-18 
vn -0.671805 -0.740728 -1.02797e-17 
vn -0.707404 -0.70681 -9.80897e-18 
vn -0.810603 -0.585596 -8.12679e-18 
vn -0.749561 -0.661936 -9.18622e-18 
vn -0.792609 -0.60973 -8.46171e-18 
vn -0.745252 -0.666783 -9.25349e-18 
vn -0.86715 -0.498048 -6.91182e-18 
vn -0.810601 -0.585599 -8.12683e-18 
vn -0.83506 -0.55016 -7.63501e-18 
vn -0.914277 -0.40509 -5.62176e-18 
vn -0.875062 -0.484011 -6.71702e-18 
vn -0.893487 -0.449089 -6.23237e-18 
vn -0.910983 -0.412443 -5.72381e-18 
vn -0.86715 -0.498048 -6.91182e-18 
vn -0.951473 -0.307731 -4.27064e-18 
vn -0.914277 -0.40509 -5.62176e-18 
vn -0.941894 -0.335911 -4.66172e-18 
vn -0.978335 -0.20703 -2.87314e-18 
vn -0.951473 -0.307731 -4.27064e-18 
vn -0.966825 -0.255441 -3.54498e-18 
vn -0.994569 -0.10408 -1.44442e-18 
vn -0.978335 -0.20703 -2.87314e-18 
vn -0.985101 -0.171976 -2.38667e-18 
vn -1 -9.06548e-15 -1.69869e-23 
vn -0.996253 -0.0864841 -1.20022e-18 
vn -0.999061 -0.0433163 -6.01151e-19 
vn -0.994569 -0.10408 -1.44442e-18 
vn -0.996252 0.0864952 1.20035e-18 
vn -0.994569 0.10408 1.44439e-18 
vn -1 5.856e-23 -1.69869e-23 
vn -0.999067 0.0431801 5.99228e-19 
vn -0.994569 0.10408 1.44439e-18 
vn -0.985101 0.171976 2.38663e-18 
vn -0.978335 0.20703 2.8731e-18 
vn -0.966825 0.255441 3.54494e-18 
vn -0.951473 0.307731 4.27061e-18 
vn -0.941894 0.335911 4.66169e-18 
vn -0.914277 0.40509 5.62173e-18 
vn -0.874991 0.484139 6.71877e-18 
vn -0.867154 0.498039 6.91167e-18 
vn -0.893505 0.449053 6.23185e-18 
vn -0.911009 0.412386 5.72299e-18 
vn -0.86715 0.498048 6.91179e-18 
vn -0.83506 0.55016 7.63498e-18 
vn -0.810601 0.585599 8.1268e-18 
vn -0.810603 0.585596 8.12676e-18 
vn -0.74937 0.662151 9.18918e-18 
vn -0.745254 0.666781 9.25343e-18 
vn -0.792609 0.60973 8.46169e-18 
vn -0.745252 0.666783 9.25347e-18 
vn -0.707404 0.70681 9.80894e-18 
vn -0.671805 0.740728 1.02797e-17 
vn -0.606232 0.795287 1.10368e-17 
vn -0.601561 0.798827 1.10859e-17 
vn -0.6138 0.789461 1.0956e-17 
vn -0.624232 0.781239 1.08419e-17 
vn -0.637029 0.77084 1.06975e-17 
vn -0.652248 0.758005 1.05194e-17 
vn -0.669241 0.743045 1.03118e-17 
vn -0.6 0.8 1.11022e-17 
vn -1 5.856e-23 -1.69869e-23 
vn 0.120727 0.348555 0.929481 
vn 0.118691 0.348641 0.929711 
vn 0.12425 0.348403 0.929073 
vn 0.052813 0.350633 0.935022 
vn 0.0616857 0.350455 0.934546 
vn 0.0748908 0.350137 0.9337 
vn 0.100201 0.349356 0.931617 
vn 0.0202223 0.351052 0.936138 
vn 0.0344111 0.350915 0.935775 
vn 0.0482147 0.350715 0.93524 
vn 0.222317 0.342336 0.912897 
vn 0.176382 0.345618 0.921649 
vn 0.226104 0.34203 0.912081 
vn 0.155639 0.346845 0.924919 
vn 0.322638 0.332346 0.886257 
vn 0.251407 0.339846 0.906256 
vn 0.324648 0.332105 0.885613 
vn 0.324648 0.332105 0.885613 
vn 0.255794 0.339442 0.905179 
vn 0.363956 0.327042 0.872112 
vn 0.421101 0.318474 0.849263 
vn 0.419197 0.318783 0.850089 
vn 0.354135 0.328369 0.87565 
vn 0.467247 0.310438 0.827834 
vn 0.448632 0.313805 0.836813 
vn 0.512667 0.30147 0.803921 
vn 0.510364 0.301952 0.805204 
vn 0.597012 0.281683 0.751154 
vn 0.562936 0.290204 0.773877 
vn 0.597873 0.281457 0.750553 
vn 0.597873 0.281457 0.750553 
vn 0.53971 0.295594 0.788249 
vn 0.650957 0.266543 0.710781 
vn 0.6775 0.258259 0.688691 
vn 0.677506 0.258257 0.688686 
vn 0.620276 0.275415 0.734441 
vn 0.730673 0.239722 0.639258 
vn 0.749962 0.232262 0.619364 
vn 0.749962 0.232262 0.619364 
vn 0.749897 0.232287 0.619433 
vn 0.699862 0.2508 0.6688 
vn 0.80139 0.210022 0.560057 
vn 0.813878 0.204015 0.544041 
vn 0.770357 0.223881 0.597015 
vn 0.869324 0.17354 0.462773 
vn 0.842428 0.189189 0.504503 
vn 0.862325 0.177793 0.474116 
vn 0.814463 0.203728 0.543273 
vn 0.829238 0.196241 0.523311 
vn 0.916021 0.140846 0.37559 
vn 0.8936 0.157607 0.420284 
vn 0.912815 0.143389 0.382371 
vn 0.870672 0.172705 0.460546 
vn 0.869324 0.17354 0.462773 
vn 0.875815 0.169469 0.451916 
vn 0.952458 0.106977 0.285272 
vn 0.935353 0.124198 0.331195 
vn 0.952219 0.107238 0.285969 
vn 0.91673 0.140276 0.374071 
vn 0.916021 0.140846 0.37559 
vn 0.919352 0.138145 0.368385 
vn 0.953096 0.106274 0.283396 
vn 0.952458 0.106977 0.285272 
vn 0.966704 0.089851 0.239603 
vn 0.955501 0.103577 0.276205 
vn 0.978658 0.0721537 0.19241 
vn 0.979481 0.0707647 0.188706 
vn 0.980059 0.0697711 0.186056 
vn 0.987974 0.0542897 0.144773 
vn 0.978658 0.0721537 0.19241 
vn 0.979934 0.069987 0.186632 
vn 0.994657 0.0362494 0.0966651 
vn 0.995983 0.0314397 0.0838391 
vn 0.994988 0.0351093 0.0936249 
vn 0.994657 0.0362494 0.0966651 
vn 0.998655 0.0182068 0.0485514 
vn 1 1.45875e-15 3.89001e-15 
vn 0.995108 0.0346901 0.092507 
vn 1 -4.43491e-11 -1.18264e-10 
vn 0.999784 -0.00729683 -0.0194582 
vn 0.995169 -0.034472 -0.0919253 
vn 0.998506 -0.0191879 -0.0511676 
vn 0.998783 -0.0173144 -0.0461718 
vn 0.999999 -0.000537667 -0.00143378 
vn 0.995169 -0.034472 -0.0919253 
vn 0.991409 -0.0459275 -0.122473 
vn 0.979632 -0.0705061 -0.188016 
vn 0.986577 -0.0573367 -0.152898 
vn 0.988689 -0.0526625 -0.140433 
vn 0.992694 -0.0423651 -0.112974 
vn 0.979632 -0.0705061 -0.188016 
vn 0.970963 -0.0839998 -0.223999 
vn 0.953814 -0.105477 -0.281271 
vn 0.96288 -0.0947791 -0.252744 
vn 0.967964 -0.0881637 -0.235103 
vn 0.971648 -0.0830172 -0.221379 
vn 0.953814 -0.105477 -0.281271 
vn 0.938713 -0.121032 -0.322752 
vn 0.917335 -0.139788 -0.372768 
vn 0.927744 -0.131045 -0.349454 
vn 0.947619 -0.112149 -0.299065 
vn 0.936656 -0.122981 -0.32795 
vn 0.870898 -0.172564 -0.460172 
vn 0.895104 -0.156551 -0.41747 
vn 0.895067 -0.156577 -0.417539 
vn 0.917335 -0.139788 -0.372768 
vn 0.881636 -0.165706 -0.441883 
vn 0.906388 -0.14833 -0.395548 
vn 0.815642 -0.203145 -0.54172 
vn 0.844189 -0.188218 -0.501915 
vn 0.840569 -0.190205 -0.507213 
vn 0.870898 -0.172564 -0.460172 
vn 0.825182 -0.198338 -0.528901 
vn 0.855197 -0.181988 -0.485303 
vn 0.751246 -0.231749 -0.617998 
vn 0.759086 -0.228578 -0.609542 
vn 0.815642 -0.203145 -0.54172 
vn 0.775838 -0.221535 -0.59076 
vn 0.795806 -0.212624 -0.566996 
vn 0.751246 -0.231749 -0.617998 
vn 0.678801 -0.257838 -0.687567 
vn 0.684226 -0.256064 -0.682837 
vn 0.701664 -0.250178 -0.667142 
vn 0.678801 -0.257838 -0.687567 
vn 0.731831 -0.239286 -0.638095 
vn 0.599279 -0.281088 -0.749569 
vn 0.601501 -0.280503 -0.748007 
vn 0.618776 -0.275831 -0.73555 
vn 0.599279 -0.281088 -0.749569 
vn 0.662288 -0.263079 -0.701544 
vn 0.513547 -0.301286 -0.803428 
vn 0.514214 -0.301145 -0.803054 
vn 0.527855 -0.298221 -0.795257 
vn 0.513547 -0.301286 -0.803428 
vn 0.588613 -0.283853 -0.756943 
vn 0.437415 -0.315751 -0.842003 
vn 0.511943 -0.301622 -0.804325 
vn 0.421039 -0.318484 -0.849291 
vn 0.42946 -0.317095 -0.845586 
vn 0.421039 -0.318484 -0.849291 
vn 0.349615 -0.328965 -0.877241 
vn 0.416598 -0.319203 -0.851208 
vn 0.324856 -0.33208 -0.885546 
vn 0.270587 -0.338025 -0.9014 
vn 0.316555 -0.333067 -0.888178 
vn 0.225966 -0.342042 -0.912111 
vn 0.323325 -0.332264 -0.886037 
vn 0.225966 -0.342042 -0.912111 
vn 0.191151 -0.344649 -0.919064 
vn 0.212982 -0.343067 -0.914846 
vn 0.123232 -0.348447 -0.929192 
vn 0.205737 -0.343612 -0.916299 
vn 0.175901 -0.345649 -0.92173 
vn 0.123232 -0.348447 -0.929192 
vn 0.0797322 -0.350006 -0.933348 
vn 0.1071 -0.349104 -0.930944 
vn 0.111175 -0.348947 -0.930525 
vn 0.0196849 -0.351055 -0.936148 
vn 0.0474752 -0.350728 -0.935273 
vn 0.0336943 -0.350924 -0.935798 
vn 0.0610174 -0.350469 -0.934585 
vn 0.0992005 -0.349392 -0.931711 
vn 0.0741258 -0.350157 -0.933753 
vn 0.0336785 -0.350924 -0.935798 
vn 0.0196849 -0.351055 -0.936148 
vn -0.0837112 -0.349891 -0.933043 
vn -0.164536 -0.346338 -0.923568 
vn -0.107087 -0.349104 -0.930945 
vn -0.136757 -0.347825 -0.927532 
vn -0.186529 -0.344961 -0.919896 
vn -0.110766 -0.348963 -0.930567 
vn -0.186529 -0.344961 -0.919896 
vn -0.0840291 -0.349882 -0.933018 
vn -0.281886 -0.336885 -0.898359 
vn -0.212981 -0.343067 -0.914846 
vn -0.198929 -0.344106 -0.917616 
vn -0.205215 -0.34365 -0.916401 
vn -0.287464 -0.336303 -0.896808 
vn -0.287464 -0.336303 -0.896808 
vn -0.36261 -0.327226 -0.872603 
vn -0.316544 -0.333068 -0.888181 
vn -0.322856 -0.33232 -0.886187 
vn -0.384171 -0.324179 -0.864477 
vn -0.416564 -0.319209 -0.851223 
vn -0.429296 -0.317122 -0.845659 
vn -0.477304 -0.308546 -0.822788 
vn -0.403071 -0.321337 -0.856899 
vn -0.511917 -0.301627 -0.804339 
vn -0.527813 -0.29823 -0.795281 
vn -0.56597 -0.289475 -0.771934 
vn -0.488353 -0.306407 -0.817084 
vn -0.644654 -0.268425 -0.715799 
vn -0.601506 -0.280501 -0.748003 
vn -0.618785 -0.275829 -0.735543 
vn -0.647668 -0.267529 -0.71341 
vn -0.568819 -0.288786 -0.770096 
vn -0.684224 -0.256064 -0.682838 
vn -0.701689 -0.250169 -0.667119 
vn -0.722775 -0.242655 -0.647081 
vn -0.722775 -0.242655 -0.647081 
vn -0.662131 -0.263128 -0.701674 
vn -0.759077 -0.228582 -0.609551 
vn -0.775868 -0.221522 -0.590726 
vn -0.790703 -0.214958 -0.573221 
vn -0.733697 -0.23858 -0.636214 
vn -0.790703 -0.214958 -0.573221 
vn -0.849572 -0.185208 -0.493888 
vn -0.820933 -0.2005 -0.534667 
vn -0.840567 -0.190206 -0.507216 
vn -0.825171 -0.198344 -0.528916 
vn -0.804145 -0.208719 -0.556585 
vn -0.849572 -0.185208 -0.493888 
vn -0.899117 -0.15369 -0.40984 
vn -0.875312 -0.169789 -0.45277 
vn -0.895068 -0.156577 -0.417537 
vn -0.881629 -0.16571 -0.441894 
vn -0.864803 -0.176303 -0.470142 
vn -0.939767 -0.12002 -0.320052 
vn -0.920473 -0.137221 -0.365923 
vn -0.938713 -0.121032 -0.322752 
vn -0.927727 -0.13106 -0.349494 
vn -0.899117 -0.15369 -0.40984 
vn -0.912491 -0.143643 -0.383049 
vn -0.95617 -0.102813 -0.274169 
vn -0.970083 -0.0852433 -0.227316 
vn -0.962868 -0.0947938 -0.252784 
vn -0.939767 -0.12002 -0.320052 
vn -0.955334 -0.103767 -0.276713 
vn -0.970963 -0.0839989 -0.223997 
vn -0.989859 -0.049878 -0.133008 
vn -0.986569 -0.0573543 -0.152945 
vn -0.970083 -0.0852433 -0.227316 
vn -0.98382 -0.0629069 -0.167752 
vn -0.981216 -0.0677352 -0.180627 
vn -0.995872 -0.0318714 -0.0849904 
vn -0.999259 -0.013515 -0.03604 
vn -0.998505 -0.0191956 -0.0511883 
vn -0.989859 -0.049878 -0.133008 
vn -0.991409 -0.0459276 -0.122474 
vn -0.998166 -0.0212556 -0.0566816 
vn -0.999259 -0.013515 -0.03604 
vn -0.999298 0.0131506 0.0350682 
vn -1 -6.36113e-08 -1.6963e-07 
vn -0.999999 -0.000536812 -0.0014315 
vn -0.999784 -0.00729637 -0.019457 
vn -0.997876 0.0228728 0.0609942 
vn -0.999908 0.00474985 0.0126663 
vn -0.995984 0.0314381 0.0838348 
vn -0.985878 0.0588005 0.156801 
vn -0.990109 0.0492626 0.131367 
vn -0.993191 0.0409038 0.109077 
vn -0.995487 0.0333196 0.0888523 
vn -0.963264 0.0942959 0.251456 
vn -0.97011 0.0852054 0.227214 
vn -0.985878 0.0588005 0.156801 
vn -0.980059 0.0697712 0.186056 
vn -0.981544 0.0671474 0.17906 
vn -0.975817 0.0767518 0.204671 
vn -0.929958 0.129096 0.344256 
vn -0.939944 0.119849 0.319597 
vn -0.963264 0.0942959 0.251456 
vn -0.952218 0.10724 0.285972 
vn -0.958682 0.0998879 0.266368 
vn -0.947793 0.111968 0.298582 
vn -0.886991 0.162144 0.432384 
vn -0.89994 0.153094 0.408252 
vn -0.929958 0.129096 0.344256 
vn -0.912812 0.143392 0.382378 
vn -0.909562 0.145916 0.389109 
vn -0.922013 0.13594 0.362507 
vn -0.834659 0.193387 0.515699 
vn -0.849862 0.185044 0.49345 
vn -0.886991 0.162144 0.432384 
vn -0.862335 0.177787 0.4741 
vn -0.874203 0.170492 0.454645 
vn -0.861695 0.178169 0.475118 
vn -0.772469 0.222982 0.594618 
vn -0.804434 0.208582 0.556219 
vn -0.801402 0.210016 0.560043 
vn -0.790802 0.214913 0.573101 
vn -0.834659 0.193387 0.515699 
vn -0.822427 0.199744 0.532651 
vn -0.702482 0.249895 0.666387 
vn -0.72398 0.242212 0.6459 
vn -0.772469 0.222982 0.594618 
vn -0.730644 0.239732 0.639286 
vn -0.702482 0.249895 0.666387 
vn -0.762889 0.227012 0.605364 
vn -0.6355 0.271103 0.72294 
vn -0.648702 0.26722 0.712586 
vn -0.650942 0.266547 0.710793 
vn -0.699354 0.250974 0.669265 
vn -0.6355 0.271103 0.72294 
vn -0.551534 0.29289 0.781041 
vn -0.566232 0.289412 0.771766 
vn -0.562986 0.290192 0.773845 
vn -0.551534 0.29289 0.781041 
vn -0.619352 0.275672 0.735125 
vn -0.461726 0.311454 0.830545 
vn -0.478902 0.30824 0.821974 
vn -0.467391 0.310411 0.827763 
vn -0.461726 0.311454 0.830545 
vn -0.535876 0.296452 0.79054 
vn -0.367996 0.326484 0.870625 
vn -0.3858 0.32394 0.863841 
vn -0.446405 0.314196 0.837856 
vn -0.26966 0.338116 0.901643 
vn -0.287722 0.336276 0.896735 
vn -0.364277 0.326998 0.871994 
vn -0.352904 0.328532 0.876085 
vn -0.26966 0.338116 0.901643 
vn -0.167858 0.346141 0.923044 
vn -0.18798 0.344864 0.919637 
vn -0.251299 0.339856 0.906282 
vn -0.167858 0.346141 0.923044 
vn -0.253407 0.339663 0.905767 
vn -0.0653634 0.350373 0.934327 
vn -0.118796 0.348637 0.929699 
vn -0.09287 0.349606 0.932283 
vn -0.118937 0.348631 0.929683 
vn -0.085761 0.34983 0.932879 
vn -0.0653634 0.350373 0.934327 
vn -0.151188 0.347087 0.925566 
vn 0.751246 -0.231749 -0.617998 
vn 0.786615 -0.216799 -0.578131 
vn 0.7591 -0.228572 -0.609526 
vn 0.801388 -0.210022 -0.56006 
vn 0.815642 -0.203145 -0.54172 
vn 0.815642 -0.203145 -0.54172 
vn 0.678801 -0.257838 -0.687567 
vn 0.715728 -0.245217 -0.653913 
vn 0.684242 -0.256058 -0.682822 
vn 0.751246 -0.231749 -0.617998 
vn 0.730679 -0.239719 -0.639252 
vn 0.599279 -0.281088 -0.749569 
vn 0.643176 -0.268862 -0.716964 
vn 0.60151 -0.2805 -0.748001 
vn 0.678801 -0.257838 -0.687567 
vn 0.650939 -0.266548 -0.710796 
vn 0.562933 -0.290204 -0.773878 
vn 0.599279 -0.281088 -0.749569 
vn 0.5706 -0.288352 -0.76894 
vn 0.513547 -0.301286 -0.803428 
vn 0.421039 -0.318484 -0.849291 
vn 0.491815 -0.305723 -0.815262 
vn 0.423496 -0.318082 -0.848219 
vn 0.51192 -0.301627 -0.804338 
vn 0.467256 -0.310436 -0.827829 
vn 0.513547 -0.301286 -0.803428 
vn 0.416591 -0.319204 -0.851211 
vn 0.363958 -0.327042 -0.872111 
vn 0.324856 -0.33208 -0.885546 
vn 0.421039 -0.318484 -0.849291 
vn 0.358333 -0.327807 -0.874151 
vn 0.316548 -0.333067 -0.88818 
vn 0.225966 -0.342042 -0.912111 
vn 0.251401 -0.339846 -0.906257 
vn 0.324856 -0.33208 -0.885546 
vn 0.299222 -0.335036 -0.89343 
vn 0.237111 -0.34111 -0.909627 
vn 0.212998 -0.343066 -0.914843 
vn 0.175776 -0.345657 -0.921751 
vn 0.123232 -0.348447 -0.929192 
vn 0.225966 -0.342042 -0.912111 
vn 0.179143 -0.345443 -0.921182 
vn 0.0196849 -0.351055 -0.936148 
vn 0.120872 -0.348549 -0.929464 
vn 0.107104 -0.349104 -0.930943 
vn 0.118748 -0.348639 -0.929704 
vn 0.0609651 -0.35047 -0.934588 
vn 0.0741037 -0.350158 -0.933755 
vn 0.0992854 -0.349389 -0.931703 
vn 0.0337998 -0.350923 -0.935794 
vn 0.0475445 -0.350726 -0.93527 
vn 0.123232 -0.348447 -0.929192 
vn 0.0621467 -0.350445 -0.934519 
vn -0.011017 -0.351102 -0.936272 
vn -0.0218844 -0.351039 -0.936105 
vn -0.0109351 -0.351102 -0.936273 
vn -0.0326085 -0.350937 -0.935831 
vn 3.63218e-07 -0.351123 -0.936329 
vn -0.0335558 -0.350926 -0.935802 
vn 0.00986072 -0.351106 -0.936284 
vn 0.0196849 -0.351055 -0.936148 
vn -0.0639387 -0.350405 -0.934413 
vn -0.0431976 -0.350796 -0.935455 
vn -0.0837112 -0.349891 -0.933043 
vn 0.00341643 -0.351121 -0.936324 
vn 3.04923e-06 -0.351123 -0.936329 
vn -0.0219883 -0.351039 -0.936103 
vn -0.0110207 -0.351102 -0.936272 
vn -0.0327659 -0.350935 -0.935826 
vn -0.0638681 -0.350407 -0.934418 
vn -0.0433246 -0.350794 -0.93545 
vn 3.63218e-07 -0.351123 -0.936329 
vn -0.0572923 -0.350547 -0.934791 
vn -0.0837112 -0.349891 -0.933043 
vn 3.63219e-07 -0.351123 -0.936329 
vn -0.00269963 -0.351122 -0.936326 
vn -3.86506e-06 -0.351123 -0.936329 
vn 0.00990333 -0.351106 -0.936283 
vn -0.186529 -0.344961 -0.919896 
vn -0.119609 -0.348603 -0.929607 
vn -0.18295 -0.345197 -0.920526 
vn -0.118642 -0.348643 -0.929716 
vn -0.110972 -0.348955 -0.930546 
vn -0.107105 -0.349104 -0.930943 
vn -0.136966 -0.347814 -0.927505 
vn -0.186529 -0.344961 -0.919896 
vn -0.212996 -0.343066 -0.914843 
vn -0.287464 -0.336303 -0.896808 
vn -0.250981 -0.339885 -0.906359 
vn -0.242459 -0.340647 -0.908391 
vn -0.384171 -0.324179 -0.864477 
vn -0.303626 -0.334547 -0.892126 
vn -0.316546 -0.333068 -0.88818 
vn -0.287464 -0.336303 -0.896808 
vn -0.364053 -0.327029 -0.872077 
vn -0.36832 -0.326439 -0.870504 
vn -0.384171 -0.324179 -0.864477 
vn -0.41659 -0.319204 -0.851212 
vn -0.477304 -0.308546 -0.822788 
vn -0.467375 -0.310414 -0.827771 
vn -0.436089 -0.315977 -0.842606 
vn -0.56597 -0.289475 -0.771934 
vn -0.506171 -0.302821 -0.807522 
vn -0.511931 -0.301624 -0.804332 
vn -0.477304 -0.308546 -0.822788 
vn -0.563019 -0.290184 -0.773824 
vn -0.647668 -0.267529 -0.71341 
vn -0.581116 -0.285752 -0.762004 
vn -0.6015 -0.280503 -0.748008 
vn -0.56597 -0.289475 -0.771934 
vn -0.722775 -0.242655 -0.647081 
vn -0.657515 -0.264551 -0.705469 
vn -0.684222 -0.256065 -0.68284 
vn -0.65097 -0.266539 -0.710771 
vn -0.647668 -0.267529 -0.71341 
vn -0.790703 -0.214958 -0.573221 
vn -0.736899 -0.23736 -0.632961 
vn -0.759075 -0.228583 -0.609554 
vn -0.730671 -0.239723 -0.63926 
vn -0.722775 -0.242655 -0.647081 
vn -0.849572 -0.185208 -0.493888 
vn -0.8095 -0.206152 -0.549737 
vn -0.825168 -0.198345 -0.52892 
vn -0.790703 -0.214958 -0.573221 
vn -0.820981 -0.200476 -0.534603 
vn -0.801386 -0.210024 -0.560063 
vn -0.849572 -0.185208 -0.493888 
vn -0.875206 -0.169856 -0.452949 
vn -0.862332 -0.177789 -0.474105 
vn -0.899117 -0.15369 -0.40984 
vn -0.872429 -0.171608 -0.457622 
vn -0.881626 -0.165713 -0.4419 
vn -0.899117 -0.15369 -0.40984 
vn -0.92058 -0.137132 -0.365686 
vn -0.912812 -0.143392 -0.382378 
vn -0.939767 -0.12002 -0.320052 
vn -0.924376 -0.133947 -0.357193 
vn -0.927733 -0.131055 -0.34948 
vn -0.939767 -0.12002 -0.320052 
vn -0.956082 -0.102915 -0.274439 
vn -0.95222 -0.107237 -0.285967 
vn -0.970083 -0.0852433 -0.227316 
vn -0.962888 -0.0947688 -0.252717 
vn -0.966748 -0.0897934 -0.239449 
vn -0.970083 -0.0852433 -0.227316 
vn -0.981244 -0.0676867 -0.180498 
vn -0.98006 -0.0697689 -0.18605 
vn -0.989859 -0.049878 -0.133008 
vn -0.98658 -0.0573302 -0.152881 
vn -0.989859 -0.049878 -0.133008 
vn -0.999259 -0.013515 -0.03604 
vn -0.992083 -0.0440952 -0.117587 
vn -0.998505 -0.0191912 -0.0511765 
vn -0.995985 -0.0314321 -0.083819 
vn -0.995896 -0.0317803 -0.0847474 
vn -0.999259 -0.013515 -0.03604 
vn -0.997876 0.0228728 0.0609942 
vn -0.999785 0.00728666 0.0194311 
vn -1 -6.36113e-08 -1.6963e-07 
vn -0.999914 0.00461741 0.0123131 
vn -0.994418 0.0370463 0.09879 
vn -0.985878 0.0588005 0.156801 
vn -0.991409 0.0459259 0.122469 
vn -0.993162 0.0409924 0.109313 
vn -0.977741 0.0736719 0.196458 
vn -0.963264 0.0942959 0.251456 
vn -0.970961 0.0840026 0.224007 
vn -0.97584 0.076715 0.204573 
vn -0.950189 0.109436 0.291829 
vn -0.938711 0.121034 0.322758 
vn -0.947833 0.111927 0.298472 
vn -0.929958 0.129096 0.344256 
vn -0.929958 0.129096 0.344256 
vn -0.9121 0.143949 0.383864 
vn -0.886991 0.162144 0.432384 
vn -0.895064 0.15658 0.417545 
vn -0.909494 0.145968 0.389248 
vn -0.863955 0.176815 0.471507 
vn -0.834659 0.193387 0.515699 
vn -0.840565 0.190207 0.50722 
vn -0.861806 0.178103 0.474943 
vn -0.806356 0.207665 0.553773 
vn -0.775881 0.221517 0.590711 
vn -0.804275 0.208658 0.556421 
vn -0.772469 0.222982 0.594618 
vn -0.73996 0.236183 0.629822 
vn -0.702482 0.249895 0.666387 
vn -0.665593 0.262049 0.698796 
vn -0.6355 0.271103 0.72294 
vn -0.701716 0.25016 0.667094 
vn -0.702482 0.249895 0.666387 
vn -0.6355 0.271103 0.72294 
vn -0.584106 0.284999 0.759997 
vn -0.551534 0.29289 0.781041 
vn -0.618794 0.275826 0.735536 
vn -0.496407 0.304807 0.812818 
vn -0.527863 0.298219 0.795252 
vn -0.461726 0.311454 0.830545 
vn -0.403483 0.321273 0.856729 
vn -0.367996 0.326484 0.870625 
vn -0.429316 0.317119 0.84565 
vn -0.306334 0.334243 0.891314 
vn -0.26966 0.338116 0.901643 
vn -0.322768 0.332331 0.886215 
vn -0.206016 0.343591 0.916244 
vn -0.20451 0.343702 0.916539 
vn -0.167858 0.346141 0.923044 
vn -0.103534 0.349236 0.931297 
vn -0.118493 0.34865 0.929733 
vn -0.0653634 0.350373 0.934327 
vn -0.0926177 0.349614 0.932305 
vn -0.0084724 0.351111 0.936296 
vn -0.0168525 0.351074 0.936196 
vn -0.00842722 0.351111 0.936296 
vn -0.0251465 0.351012 0.936033 
vn -1.19443e-06 0.351123 0.936329 
vn -0.0333578 0.350928 0.935808 
vn -0.0336223 0.350925 0.9358 
vn 0.0101786 0.351105 0.936281 
vn 0.0202223 0.351052 0.936138 
vn 0.010103 0.351106 0.936281 
vn -1.19443e-06 0.351123 0.936329 
vn -0.0653634 0.350373 0.934327 
vn -0.0495477 0.350692 0.935179 
vn -1.19443e-06 0.351123 0.936329 
vn 0.0101341 0.351105 0.936281 
vn 0.010103 0.351106 0.936281 
vn 0.0202223 0.351052 0.936138 
vn -1.19443e-06 0.351123 0.936329 
vn -0.049215 0.350698 0.935195 
vn 0.0177642 0.351068 0.936181 
vn -0.0169224 0.351073 0.936195 
vn -0.00847583 0.351111 0.936296 
vn -0.0253062 0.351011 0.936029 
vn 0.0101785 0.351105 0.936281 
vn -0.0496779 0.35069 0.935173 
vn -0.0335549 0.350926 0.935802 
vn -1.19443e-06 0.351123 0.936329 
vn 0.0695819 0.350272 0.93406 
vn 0.0481526 0.350716 0.935243 
vn 0.0343089 0.350917 0.935778 
vn 0.0617418 0.350454 0.934543 
vn 0.100113 0.349359 0.931625 
vn 0.0749055 0.350137 0.933699 
vn 0.118689 0.348642 0.929711 
vn 0.12425 0.348403 0.929073 
vn 0.0335373 0.350926 0.935802 
vn 0.0343089 0.350917 0.935778 
vn 0.0481526 0.350716 0.935243 
vn 0.0617418 0.350454 0.934543 
vn 0.0749055 0.350137 0.933699 
vn 0.100113 0.349359 0.931625 
vn 0.205745 0.343611 0.916297 
vn 0.17651 0.34561 0.921628 
vn 0.226104 0.34203 0.912081 
vn 0.251407 0.339846 0.906256 
vn 0.324648 0.332105 0.885613 
vn 0.323332 0.332263 0.886035 
vn 0.363956 0.327042 0.872112 
vn 0.421101 0.318474 0.849263 
vn 0.429449 0.317096 0.845591 
vn 0.467247 0.310438 0.827834 
vn 0.512667 0.30147 0.803921 
vn 0.527872 0.298217 0.795247 
vn 0.562936 0.290204 0.773877 
vn 0.597873 0.281457 0.750553 
vn 0.650957 0.266543 0.710781 
vn 0.6775 0.258259 0.688691 
vn 0.618773 0.275832 0.735552 
vn 0.701663 0.250179 0.667143 
vn 0.730673 0.239722 0.639258 
vn 0.749962 0.232262 0.619364 
vn 0.77584 0.221534 0.590758 
vn 0.80139 0.210022 0.560057 
vn 0.813878 0.204015 0.544041 
vn 0.842527 0.189134 0.504358 
vn 0.840582 0.190198 0.507195 
vn 0.869324 0.17354 0.462773 
vn 0.842527 0.189134 0.504358 
vn 0.862325 0.177793 0.474116 
vn 0.869324 0.17354 0.462773 
vn 0.916021 0.140846 0.37559 
vn 0.893659 0.157566 0.420175 
vn 0.912815 0.143389 0.382371 
vn 0.895066 0.156578 0.417541 
vn 0.893659 0.157566 0.420175 
vn 0.952458 0.106977 0.285272 
vn 0.935276 0.124269 0.331384 
vn 0.952219 0.107238 0.285969 
vn 0.938711 0.121034 0.322757 
vn 0.916021 0.140846 0.37559 
vn 0.935276 0.124269 0.331384 
vn 0.970963 0.0839992 0.223998 
vn 0.952458 0.106977 0.285272 
vn 0.966787 0.0897417 0.239311 
vn 0.978658 0.0721537 0.19241 
vn 0.991406 0.0459345 0.122492 
vn 0.980059 0.0697711 0.186056 
vn 0.987935 0.0543776 0.145007 
vn 0.994657 0.0362494 0.0966651 
vn 0.999785 0.00728704 0.0194321 
vn 0.995983 0.0314397 0.0838391 
vn 1 -4.43491e-11 -1.18264e-10 
vn 0.998652 0.018222 0.0485919 
vn 0.999784 -0.00729683 -0.0194582 
vn 0.995169 -0.034472 -0.0919253 
vn 0.995985 -0.0314341 -0.0838243 
vn 1 -4.43549e-11 -1.1828e-10 
vn 0.998784 -0.0173086 -0.0461562 
vn 0.991409 -0.0459275 -0.122473 
vn 0.979632 -0.0705061 -0.188016 
vn 0.980059 -0.0697699 -0.186053 
vn 0.995169 -0.034472 -0.0919253 
vn 0.988727 -0.0525738 -0.140197 
vn 0.979632 -0.0705061 -0.188016 
vn 0.970963 -0.0839998 -0.224 
vn 0.953814 -0.105477 -0.281271 
vn 0.967885 -0.0882704 -0.235388 
vn 0.936724 -0.122917 -0.327779 
vn 0.952215 -0.107243 -0.285981 
vn 0.938713 -0.121032 -0.322751 
vn 0.917335 -0.139788 -0.372768 
vn 0.936724 -0.122917 -0.327779 
vn 0.870898 -0.172564 -0.460172 
vn 0.895096 -0.156556 -0.417484 
vn 0.895067 -0.156577 -0.417539 
vn 0.917335 -0.139788 -0.372768 
vn 0.895055 -0.156585 -0.417561 
vn 0.912815 -0.14339 -0.382372 
vn 0.870898 -0.172564 -0.460172 
vn 0.844085 -0.188276 -0.502069 
vn 0.862333 -0.177788 -0.474102 
vn 0.845005 -0.187766 -0.50071 
vn 0.840569 -0.190205 -0.507213 
vn 0.817471 -0.202237 -0.539298 
vn 0.421101 0.318474 0.849263 
vn 1 -5.856e-23 1.69869e-23 
vn -1 5.856e-23 -1.69869e-23 
vn 9.17184e-24 -0.419889 -0.907575 
vn 2.60063e-24 -0.319302 -0.947653 
vn -9.17184e-24 0.419889 0.907575 
vn -2.60063e-24 0.319302 0.947653 
vn 1.53283e-23 -0.511084 -0.859531 
vn 1.56355e-23 -0.515554 -0.856857 
vn 1.43852e-23 -0.497311 -0.867572 
vn 1.38229e-23 -0.489065 -0.872247 
vn 1.30809e-23 -0.478144 -0.878281 
vn 1.32072e-23 -0.480007 -0.877265 
vn 1.30024e-23 -0.476986 -0.878911 
vn 1.29758e-23 -0.476594 -0.879123 
vn 1.33762e-23 -0.482495 -0.875899 
vn 1.56355e-23 -0.515554 -0.856857 
vn 1.63688e-23 -0.526193 -0.850365 
vn 2.19159e-23 -0.605174 -0.796093 
vn 1.86189e-23 -0.558555 -0.829468 
vn 2.19164e-23 -0.605182 -0.796087 
vn 2.37764e-23 -0.631044 -0.775747 
vn 2.79393e-23 -0.687699 -0.725995 
vn 2.79403e-23 -0.687712 -0.725983 
vn 2.90301e-23 -0.702247 -0.711933 
vn 3.36352e-23 -0.762162 -0.647386 
vn 3.3636e-23 -0.762172 -0.647374 
vn 3.41824e-23 -0.769109 -0.639118 
vn 3.89367e-23 -0.827689 -0.561187 
vn 3.8937e-23 -0.827693 -0.561181 
vn 3.90995e-23 -0.829634 -0.558308 
vn 4.37817e-23 -0.883512 -0.468408 
vn 4.36001e-23 -0.881504 -0.472177 
vn 4.37813e-23 -0.883508 -0.468416 
vn 4.76863e-23 -0.924726 -0.380632 
vn 4.81134e-23 -0.928977 -0.370138 
vn 4.81127e-23 -0.92897 -0.370155 
vn 5.13179e-23 -0.958767 -0.284193 
vn 5.18811e-23 -0.96355 -0.267528 
vn 5.1881e-23 -0.963549 -0.26753 
vn 5.29071e-23 -0.971832 -0.235675 
vn 5.50404e-23 -0.986827 -0.161782 
vn 5.43884e-23 -0.982616 -0.18565 
vn 5.50404e-23 -0.986826 -0.161782 
vn 5.56928e-23 -0.990638 -0.136517 
vn 5.75545e-23 -0.998533 -0.0541389 
vn 5.68858e-23 -0.996309 -0.0858392 
vn 5.856e-23 -1 -1.38778e-17 
vn 5.75545e-23 -0.998534 -0.0541371 
vn 5.79288e-23 -0.999386 -0.0350451 
vn 5.93938e-23 -0.998533 0.0541389 
vn 5.88308e-23 -0.999865 0.0164024 
vn 5.93939e-23 -0.998533 0.0541418 
vn 5.95641e-23 -0.997766 0.0668074 
vn 6.05368e-23 -0.986827 0.161782 
vn 6.0154e-23 -0.99303 0.117864 
vn 6.05368e-23 -0.986826 0.161784 
vn 6.05791e-23 -0.985847 0.16765 
vn 6.097e-23 -0.96355 0.267528 
vn 6.08515e-23 -0.976134 0.217171 
vn 6.09693e-23 -0.963811 0.266586 
vn 6.097e-23 -0.96355 0.267528 
vn 6.09284e-23 -0.94892 0.315518 
vn 6.06884e-23 -0.928977 0.370138 
vn 6.07307e-23 -0.931714 0.363193 
vn 5.96953e-23 -0.883512 0.468408 
vn 6.03742e-23 -0.911981 0.410232 
vn 5.98621e-23 -0.889933 0.45609 
vn 6.06884e-23 -0.928978 0.370135 
vn 5.80023e-23 -0.827689 0.561187 
vn 5.92044e-23 -0.865906 0.500208 
vn 5.8383e-23 -0.839249 0.543748 
vn 5.96953e-23 -0.883513 0.468406 
vn 5.56293e-23 -0.762162 0.647386 
vn 5.74173e-23 -0.810628 0.585561 
vn 5.62822e-23 -0.779341 0.626599 
vn 5.80024e-23 -0.82769 0.561186 
vn 5.26041e-23 -0.687699 0.725995 
vn 5.50111e-23 -0.746328 0.665579 
vn 5.35887e-23 -0.711181 0.703009 
vn 5.56293e-23 -0.762162 0.647387 
vn 4.89622e-23 -0.605174 0.796093 
vn 5.20572e-23 -0.674906 0.737904 
vn 5.03675e-23 -0.636331 0.771416 
vn 5.26041e-23 -0.687698 0.725997 
vn 4.47462e-23 -0.515554 0.856857 
vn 4.85729e-23 -0.596672 0.802485 
vn 4.65836e-23 -0.553989 0.832524 
vn 4.89621e-23 -0.605172 0.796095 
vn 4.00056e-23 -0.419889 0.907575 
vn 4.47461e-23 -0.515552 0.856858 
vn 4.4526e-23 -0.511004 0.859579 
vn 4.00543e-23 -0.420849 0.907131 
vn 3.4796e-23 -0.319302 0.947653 
vn 4.00057e-23 -0.419891 0.907575 
vn 3.58379e-23 -0.339096 0.940752 
vn 2.91784e-23 -0.21497 0.976621 
vn 3.47971e-23 -0.319322 0.947646 
vn 3.06273e-23 -0.241518 0.970396 
vn 2.32188e-23 -0.108119 0.994138 
vn 2.91795e-23 -0.21499 0.976616 
vn 2.5152e-23 -0.142388 0.989811 
vn 1.69869e-23 1.38778e-17 1 
vn 2.32195e-23 -0.108133 0.994136 
vn 1.95735e-23 -0.0444563 0.999011 
vn 1.05559e-23 0.108119 0.994138 
vn 1.69871e-23 -3.28385e-06 1 
vn 1.39555e-23 0.0513817 0.998679 
vn 4.00107e-24 0.21497 0.976621 
vn 4.65676e-24 0.204429 0.978881 
vn 4.28278e-24 0.210445 0.977606 
vn 8.64565e-24 0.139599 0.990208 
vn 6.45943e-24 0.175281 0.984518 
vn 1.05553e-23 0.108128 0.994137 
vn 5.48981e-24 0.19099 0.981592 
vn -2.60063e-24 0.319302 0.947653 
vn 3.99639e-24 0.215046 0.976604 
vn 3.89153e-24 0.216728 0.976232 
vn 3.81465e-24 0.217961 0.975957 
vn 3.76744e-24 0.218719 0.975788 
vn 4.00107e-24 0.21497 0.976621 
vn -1.56295e-23 0.515466 0.85691 
vn -1.56355e-23 0.515554 0.856857 
vn -1.46823e-23 0.501658 0.865066 
vn -1.38611e-23 0.489626 0.871933 
vn -1.30383e-23 0.477516 0.878623 
vn -1.31147e-23 0.478643 0.87801 
vn -1.29915e-23 0.476826 0.878998 
vn -1.29758e-23 0.476594 0.879123 
vn -1.32184e-23 0.480171 0.877175 
vn -1.34983e-23 0.484293 0.874906 
vn -1.56355e-23 0.515554 0.856857 
vn -1.77368e-23 0.545919 0.837838 
vn -2.19159e-23 0.605174 0.796093 
vn -2.19166e-23 0.605185 0.796085 
vn -2.2832e-23 0.617953 0.786215 
vn -2.79393e-23 0.687699 0.725995 
vn -3.36352e-23 0.762162 0.647386 
vn -2.81395e-23 0.690379 0.723448 
vn -3.33176e-23 0.758113 0.652123 
vn -2.79396e-23 0.687704 0.725991 
vn -3.36346e-23 0.762155 0.647395 
vn -3.82994e-23 0.820034 0.572314 
vn -3.89367e-23 0.827689 0.561187 
vn -3.89358e-23 0.827678 0.561203 
vn -4.29324e-23 0.87406 0.485819 
vn -4.37817e-23 0.883512 0.468408 
vn -4.37811e-23 0.883505 0.468421 
vn -4.65883e-23 0.913547 0.406732 
vn -4.81134e-23 0.928977 0.370138 
vn -4.8113e-23 0.928972 0.37015 
vn -5.03505e-23 0.950205 0.311625 
vn -5.18811e-23 0.96355 0.267528 
vn -5.18811e-23 0.963551 0.267526 
vn -5.20401e-23 0.964871 0.262723 
vn -5.50404e-23 0.986827 0.161782 
vn -5.36194e-23 0.977209 0.21228 
vn -5.50079e-23 0.986625 0.163005 
vn -5.50404e-23 0.986826 0.161783 
vn -5.62848e-23 0.993688 0.112181 
vn -5.75545e-23 0.998533 0.0541389 
vn -5.73967e-23 0.998084 0.0618778 
vn -5.75545e-23 0.998533 0.0541418 
vn -5.83745e-23 0.999942 0.0107274 
vn -5.93938e-23 0.998533 -0.0541389 
vn -5.9196e-23 0.999191 -0.0402259 
vn -5.93938e-23 0.998534 -0.0541359 
vn -5.98726e-23 0.995774 -0.0918397 
vn -6.05368e-23 0.986827 -0.161782 
vn -6.03793e-23 0.989858 -0.142057 
vn -6.05368e-23 0.986827 -0.16178 
vn -6.07347e-23 0.981298 -0.192494 
vn -6.097e-23 0.96355 -0.267528 
vn -6.09297e-23 0.970333 -0.241774 
vn -6.097e-23 0.96355 -0.267529 
vn -6.09693e-23 0.956851 -0.29058 
vn -6.06884e-23 0.928977 -0.370138 
vn -6.08525e-23 0.940914 -0.338647 
vn -5.96953e-23 0.883512 -0.468408 
vn -6.05768e-23 0.922403 -0.386229 
vn -6.01397e-23 0.901338 -0.433116 
vn -6.06884e-23 0.928976 -0.37014 
vn -5.80023e-23 0.827689 -0.561187 
vn -5.95533e-23 0.87824 -0.478219 
vn -5.8815e-23 0.852924 -0.522035 
vn -5.96953e-23 0.883511 -0.468411 
vn -5.56293e-23 0.762162 -0.647386 
vn -5.68904e-23 0.795849 -0.605495 
vn -5.57043e-23 0.764108 -0.645088 
vn -5.79346e-23 0.825673 -0.564149 
vn -5.80023e-23 0.827688 -0.561189 
vn -5.26041e-23 0.687699 -0.725995 
vn -5.43477e-23 0.729733 -0.683732 
vn -5.28793e-23 0.694202 -0.719781 
vn -5.56294e-23 0.762163 -0.647385 
vn -4.89622e-23 0.605174 -0.796093 
vn -5.127e-23 0.656768 -0.754093 
vn -4.95564e-23 0.618256 -0.785977 
vn -5.26042e-23 0.687702 -0.725993 
vn -4.47462e-23 0.515554 -0.856857 
vn -4.89623e-23 0.605176 -0.796092 
vn -4.7671e-23 0.57717 -0.816624 
vn -4.57046e-23 0.535492 -0.84454 
vn -4.00056e-23 0.419889 -0.907575 
vn -4.47472e-23 0.515574 -0.856845 
vn -4.13433e-23 0.446433 -0.894817 
vn -3.4796e-23 0.319302 -0.947653 
vn -4.00065e-23 0.419907 -0.907567 
vn -3.66002e-23 0.353674 -0.935369 
vn -2.91784e-23 0.21497 -0.976621 
vn -3.47967e-23 0.319315 -0.947649 
vn -3.15181e-23 0.25796 -0.966156 
vn -2.32188e-23 0.108119 -0.994138 
vn -2.91788e-23 0.214977 -0.976619 
vn -2.60943e-23 0.159224 -0.987243 
vn -1.69869e-23 -1.36342e-16 -1 
vn -2.32186e-23 0.108117 -0.994138 
vn -2.05257e-23 0.0609698 -0.99814 
vn -1.05559e-23 -0.108119 -0.994138 
vn -1.69862e-23 -1.15768e-05 -1 
vn -1.49484e-23 -0.0346366 -0.9994 
vn -4.00107e-24 -0.21497 -0.976621 
vn -4.61949e-24 -0.205029 -0.978756 
vn -4.15822e-24 -0.212447 -0.977173 
vn -9.55948e-24 -0.124575 -0.99221 
vn -7.22384e-24 -0.162846 -0.986651 
vn -6.15403e-24 -0.180237 -0.983623 
vn -1.0555e-23 -0.108133 -0.994136 
vn -5.19378e-24 -0.195772 -0.980649 
vn -4.00107e-24 -0.21497 -0.976621 
vn 2.60063e-24 -0.319302 -0.947653 
vn -3.98563e-24 -0.215218 -0.976566 
vn -3.85774e-24 -0.21727 -0.976111 
vn -3.77849e-24 -0.218541 -0.975828 
vn -3.75139e-24 -0.218976 -0.97573 
vn 3.75139e-24 0.218976 0.97573 
vn -1 5.856e-23 -1.69869e-23 
vn 2.60063e-24 -0.319302 -0.947653 
vn 9.17184e-24 -0.419889 -0.907575 
vn -2.60063e-24 0.319302 0.947653 
vn -9.17184e-24 0.419889 0.907575 
vn 4.00107e-24 0.21497 0.976621 
vn 3.84222e-24 0.217519 0.976056 
vn 3.75139e-24 0.218976 0.97573 
vn 3.7745e-24 0.218605 0.975813 
vn 1.05559e-23 0.108119 0.994138 
vn 6.69407e-24 0.171469 0.98519 
vn 9.06328e-24 0.13274 0.991151 
vn 4.92393e-24 0.200125 0.97977 
vn 5.75523e-24 0.186697 0.982418 
vn 4.25432e-24 0.210903 0.977507 
vn 4.56414e-24 0.20592 0.978569 
vn 4.01028e-24 0.214823 0.976653 
vn 4.00107e-24 0.21497 0.976621 
vn 1.05559e-23 0.108118 0.994138 
vn 1.15949e-23 0.0908762 0.995862 
vn 1.69869e-23 -1.08587e-16 1 
vn 2.32188e-23 -0.108119 0.994138 
vn 1.70602e-23 -0.001252 0.999999 
vn 2.2715e-23 -0.0992491 0.995063 
vn 1.6987e-23 -2.09797e-06 1 
vn 2.3218e-23 -0.108105 0.994139 
vn 2.82443e-23 -0.197979 0.980206 
vn 2.91784e-23 -0.21497 0.976621 
vn 2.91774e-23 -0.214951 0.976625 
vn 3.34915e-23 -0.294726 0.955582 
vn 3.4796e-23 -0.319302 0.947653 
vn 3.47949e-23 -0.319281 0.94766 
vn 3.84751e-23 -0.3899 0.920857 
vn 4.00056e-23 -0.419889 0.907575 
vn 4.00048e-23 -0.419873 0.907583 
vn 4.30787e-23 -0.481377 0.876514 
vn 4.47462e-23 -0.515554 0.856857 
vn 4.47457e-23 -0.515543 0.856863 
vn 4.72099e-23 -0.567297 0.823513 
vn 4.89622e-23 -0.605174 0.796093 
vn 4.89622e-23 -0.605176 0.796092 
vn 4.90904e-23 -0.607986 0.793948 
vn 5.26041e-23 -0.687699 0.725995 
vn 5.08694e-23 -0.64765 0.761938 
vn 5.25086e-23 -0.685452 0.728118 
vn 5.26041e-23 -0.687698 0.725997 
vn 5.40386e-23 -0.722127 0.691761 
vn 5.56293e-23 -0.762162 0.647386 
vn 5.53858e-23 -0.755878 0.654712 
vn 5.56292e-23 -0.76216 0.647389 
vn 5.66181e-23 -0.788391 0.615175 
vn 5.80023e-23 -0.827689 0.561187 
vn 5.76831e-23 -0.818286 0.574811 
vn 5.80023e-23 -0.827688 0.561189 
vn 5.86073e-23 -0.846265 0.532763 
vn 5.96953e-23 -0.883512 0.468408 
vn 5.93823e-23 -0.872096 0.489334 
vn 5.96953e-23 -0.883512 0.468409 
vn 6.00116e-23 -0.895945 0.444164 
vn 6.06884e-23 -0.928977 0.370138 
vn 6.04801e-23 -0.917238 0.39834 
vn 6.097e-23 -0.96355 0.267528 
vn 6.0796e-23 -0.936329 0.351123 
vn 6.095e-23 -0.952215 0.305427 
vn 6.06884e-23 -0.928977 0.370137 
vn 6.05368e-23 -0.986827 0.161782 
vn 6.097e-23 -0.963551 0.267526 
vn 6.09618e-23 -0.965797 0.259298 
vn 6.08203e-23 -0.977757 0.20974 
vn 5.93938e-23 -0.998533 0.0541389 
vn 6.00648e-23 -0.99402 0.109198 
vn 5.94645e-23 -0.998239 0.059315 
vn 6.05213e-23 -0.987165 0.159703 
vn 6.05368e-23 -0.986827 0.161781 
vn 5.75545e-23 -0.998533 -0.0541389 
vn 5.86901e-23 -0.99997 0.00776223 
vn 5.77728e-23 -0.999069 -0.0431377 
vn 5.856e-23 -1 -1.38778e-17 
vn 5.93938e-23 -0.998533 0.0541413 
vn 5.50404e-23 -0.986827 -0.161782 
vn 5.66854e-23 -0.995494 -0.0948224 
vn 5.5475e-23 -0.989414 -0.145121 
vn 5.75546e-23 -0.998534 -0.0541357 
vn 5.18811e-23 -0.96355 -0.267528 
vn 5.50405e-23 -0.986827 -0.16178 
vn 5.41064e-23 -0.980685 -0.195595 
vn 5.26281e-23 -0.969639 -0.244541 
vn 4.81134e-23 -0.928977 -0.370138 
vn 5.18818e-23 -0.963556 -0.267506 
vn 4.92175e-23 -0.939682 -0.342048 
vn 4.37817e-23 -0.883512 -0.468408 
vn 4.81142e-23 -0.928984 -0.37012 
vn 4.52999e-23 -0.900003 -0.435883 
vn 3.89367e-23 -0.827689 -0.561187 
vn 4.37823e-23 -0.883519 -0.468395 
vn 4.0938e-23 -0.851282 -0.524708 
vn 3.36352e-23 -0.762162 -0.647386 
vn 3.8937e-23 -0.827693 -0.561181 
vn 3.61936e-23 -0.794292 -0.607536 
vn 2.79393e-23 -0.687699 -0.725995 
vn 3.36351e-23 -0.762162 -0.647387 
vn 3.1064e-23 -0.72902 -0.684493 
vn 2.19159e-23 -0.605174 -0.796093 
vn 2.79388e-23 -0.687693 -0.726002 
vn 2.57874e-23 -0.65863 -0.752467 
vn 1.56355e-23 -0.515554 -0.856857 
vn 2.1915e-23 -0.605162 -0.796102 
vn 2.05691e-23 -0.586248 -0.810132 
vn 1.8108e-23 -0.551245 -0.834344 
vn 1.58041e-23 -0.518004 -0.855378 
vn 9.17184e-24 -0.419889 -0.907575 
vn 1.30602e-23 -0.477839 -0.878448 
vn 1.29971e-23 -0.476908 -0.878953 
vn 1.32218e-23 -0.480222 -0.877147 
vn 1.40982e-23 -0.493106 -0.869969 
vn 1.37509e-23 -0.488008 -0.872839 
vn 1.56355e-23 -0.515554 -0.856857 
vn 1.4903e-23 -0.504882 -0.863189 
vn 1.34556e-23 -0.483665 -0.875253 
vn -4.00107e-24 -0.21497 -0.976621 
vn -3.83756e-24 -0.217594 -0.976039 
vn -3.75139e-24 -0.218976 -0.97573 
vn -3.7733e-24 -0.218625 -0.975809 
vn -1.05559e-23 -0.108119 -0.994138 
vn -6.65136e-24 -0.172163 -0.985068 
vn -9.03608e-24 -0.133188 -0.991091 
vn -4.90029e-24 -0.200506 -0.979692 
vn -5.72198e-24 -0.187235 -0.982315 
vn -4.24043e-24 -0.211126 -0.977459 
vn -4.54527e-24 -0.206224 -0.978505 
vn -4.00125e-24 -0.214967 -0.976621 
vn -4.00107e-24 -0.21497 -0.976621 
vn -1.05559e-23 -0.108118 -0.994138 
vn -1.15877e-23 -0.090996 -0.995851 
vn -1.69869e-23 -1.38778e-17 -1 
vn -2.32188e-23 0.108119 -0.994138 
vn -1.70721e-23 0.0014557 -0.999999 
vn -2.27113e-23 0.0991837 -0.995069 
vn -1.6987e-23 2.44028e-06 -1 
vn -2.32179e-23 0.108105 -0.99414 
vn -2.82986e-23 0.198963 -0.980007 
vn -2.91784e-23 0.21497 -0.976621 
vn -2.91773e-23 0.214951 -0.976625 
vn -3.35788e-23 0.296363 -0.955075 
vn -3.4796e-23 0.319302 -0.947653 
vn -3.47949e-23 0.319281 -0.94766 
vn -3.8556e-23 0.391477 -0.920188 
vn -4.00056e-23 0.419889 -0.907575 
vn -4.00047e-23 0.419871 -0.907584 
vn -4.31621e-23 0.483071 -0.875581 
vn -4.47462e-23 0.515554 -0.856857 
vn -4.47456e-23 0.515541 -0.856865 
vn -4.7325e-23 0.569756 -0.821814 
vn -4.89622e-23 0.605174 -0.796093 
vn -4.89623e-23 0.605176 -0.796092 
vn -4.92008e-23 0.610413 -0.792083 
vn -5.26041e-23 0.687699 -0.725995 
vn -5.09741e-23 0.650027 -0.759911 
vn -5.26041e-23 0.687699 -0.725995 
vn -5.26066e-23 0.687758 -0.72594 
vn -5.56293e-23 0.762162 -0.647386 
vn -5.41296e-23 0.724359 -0.689423 
vn -5.54831e-23 0.758381 -0.651811 
vn -5.56293e-23 0.76216 -0.647388 
vn -5.67175e-23 0.7911 -0.611687 
vn -5.80023e-23 0.827689 -0.561187 
vn -5.77726e-23 0.820896 -0.571077 
vn -5.80023e-23 0.827687 -0.56119 
vn -5.86859e-23 0.848765 -0.528771 
vn -5.96953e-23 0.883512 -0.468408 
vn -5.94486e-23 0.874456 -0.485104 
vn -6.06884e-23 0.928977 -0.370138 
vn -6.00647e-23 0.898153 -0.439683 
vn -6.04995e-23 0.918245 -0.396013 
vn -5.96953e-23 0.883511 -0.46841 
vn -6.06884e-23 0.928977 -0.370137 
vn -6.0796e-23 0.936329 -0.351123 
vn -6.097e-23 0.96355 -0.267528 
vn -6.09541e-23 0.952979 -0.303037 
vn -6.05368e-23 0.986827 -0.161782 
vn -6.09549e-23 0.967081 -0.254471 
vn -6.07987e-23 0.978762 -0.205 
vn -6.097e-23 0.963551 -0.267526 
vn -5.93938e-23 0.998533 -0.0541389 
vn -6.00163e-23 0.994508 -0.10466 
vn -5.94044e-23 0.998492 -0.054906 
vn -6.04857e-23 0.987906 -0.155051 
vn -6.05368e-23 0.986827 -0.161779 
vn -5.75545e-23 0.998533 0.0541389 
vn -5.86267e-23 0.999992 -0.00395127 
vn -5.77094e-23 0.998925 0.0463663 
vn -5.93938e-23 0.998533 -0.0541394 
vn -5.50404e-23 0.986827 0.161782 
vn -5.66134e-23 0.995186 0.0980007 
vn -5.53956e-23 0.988956 0.148211 
vn -5.75546e-23 0.998534 0.054136 
vn -5.18811e-23 0.96355 0.267528 
vn -5.50405e-23 0.986827 0.161779 
vn -5.40204e-23 0.980084 0.198585 
vn -5.25359e-23 0.968904 0.247438 
vn -4.81134e-23 0.928977 0.370138 
vn -5.18818e-23 0.963556 0.267507 
vn -4.91478e-23 0.939019 0.343865 
vn -4.37817e-23 0.883512 0.468408 
vn -4.81142e-23 0.928984 0.370119 
vn -4.523e-23 0.899256 0.437424 
vn -3.89367e-23 0.827689 0.561187 
vn -4.37824e-23 0.88352 0.468394 
vn -4.08604e-23 0.850381 0.526167 
vn -3.36352e-23 0.762162 0.647386 
vn -3.89371e-23 0.827694 0.56118 
vn -3.61443e-23 0.793682 0.608333 
vn -2.79393e-23 0.687699 0.725995 
vn -3.36352e-23 0.762162 0.647386 
vn -3.10675e-23 0.729064 0.684445 
vn -2.19159e-23 0.605174 0.796093 
vn -2.79388e-23 0.687693 0.726002 
vn -2.57761e-23 0.658477 0.752601 
vn -1.56355e-23 0.515554 0.856857 
vn -2.1915e-23 0.605162 0.796102 
vn -2.0576e-23 0.586345 0.810061 
vn -1.81342e-23 0.55162 0.834096 
vn -1.58456e-23 0.518607 0.855013 
vn -9.17184e-24 0.419889 0.907575 
vn -1.30647e-23 0.477906 0.878411 
vn -1.29982e-23 0.476925 0.878944 
vn -1.32307e-23 0.480352 0.877076 
vn -1.41215e-23 0.493447 0.869776 
vn -1.37692e-23 0.488277 0.872689 
vn -1.56355e-23 0.515554 0.856857 
vn -1.49355e-23 0.505356 0.862911 
vn -1.34691e-23 0.483863 0.875144 
vn -1.29758e-23 0.476594 0.879123 
vn 1.29758e-23 -0.476594 -0.879123 
vn 1 -5.856e-23 1.69869e-23 
vn -9.12671e-15 1 1.38778e-17 
vn -0.0595212 0.998227 1.38532e-17 
vn -0.0588019 0.99827 1.38538e-17 
vn -0.0541389 0.998533 1.38574e-17 
vn -0.108125 0.994137 1.37964e-17 
vn -0.108119 0.994138 1.37964e-17 
vn -0.190513 0.981685 1.36236e-17 
vn -0.163357 0.986567 1.36914e-17 
vn -0.161782 0.986827 1.3695e-17 
vn -0.214971 0.97662 1.35533e-17 
vn -0.21497 0.976621 1.35533e-17 
vn -0.124674 0.992198 1.37695e-17 
vn -0.287011 0.957927 1.32939e-17 
vn -0.264702 0.96433 1.33828e-17 
vn -0.220025 0.975494 1.35377e-17 
vn -0.267528 0.96355 1.33719e-17 
vn -0.319301 0.947653 1.31513e-17 
vn -0.319302 0.947653 1.31513e-17 
vn -0.363768 0.93149 1.2927e-17 
vn -0.370138 0.928977 1.28921e-17 
vn -0.419889 0.907575 1.25951e-17 
vn -0.419889 0.907575 1.25951e-17 
vn -0.353633 0.935384 1.29811e-17 
vn -0.447854 0.894107 1.24082e-17 
vn -0.42008 0.907487 1.25939e-17 
vn -0.459691 0.888079 1.23246e-17 
vn -0.468408 0.883512 1.22612e-17 
vn -0.51556 0.856854 1.18912e-17 
vn -0.515554 0.856857 1.18913e-17 
vn -0.590597 0.806967 1.11989e-17 
vn -0.549265 0.835649 1.15969e-17 
vn -0.561187 0.827689 1.14865e-17 
vn -0.605163 0.796102 1.10481e-17 
vn -0.605174 0.796093 1.1048e-17 
vn -0.520255 0.854011 1.18518e-17 
vn -0.658687 0.752417 1.04419e-17 
vn -0.632901 0.774232 1.07446e-17 
vn -0.673147 0.739508 1.02627e-17 
vn -0.647386 0.762162 1.05771e-17 
vn -0.687682 0.726012 1.00754e-17 
vn -0.687699 0.725995 1.00752e-17 
vn -0.747543 0.664214 9.21781e-18 
vn -0.705071 0.709137 9.84124e-18 
vn -0.725995 0.687699 9.54373e-18 
vn -0.762145 0.647406 8.98455e-18 
vn -0.762162 0.647386 8.98428e-18 
vn -0.81504 0.579404 8.04084e-18 
vn -0.774804 0.632201 8.77354e-18 
vn -0.796093 0.605174 8.39847e-18 
vn -0.827674 0.561208 7.78832e-18 
vn -0.827689 0.561187 7.78802e-18 
vn -0.873063 0.487607 6.76689e-18 
vn -0.835648 0.549265 7.62257e-18 
vn -0.856857 0.515554 7.15473e-18 
vn -0.883512 0.468408 6.50045e-18 
vn -0.883512 0.468408 6.50046e-18 
vn -0.890261 0.455451 6.32063e-18 
vn -0.888026 0.459793 6.38089e-18 
vn -0.907575 0.419889 5.82712e-18 
vn -0.928989 0.370107 5.13625e-18 
vn -0.928977 0.370138 5.13668e-18 
vn -0.937942 0.346793 4.8127e-18 
vn -0.93091 0.365249 5.06883e-18 
vn -0.947653 0.319302 4.43118e-18 
vn -0.963558 0.267501 3.7123e-18 
vn -0.963323 0.268346 3.72403e-18 
vn -0.976621 0.21497 2.9833e-18 
vn -0.98683 0.161762 2.24488e-18 
vn -0.985803 0.167906 2.33015e-18 
vn -0.96355 0.267528 3.71269e-18 
vn -0.972094 0.234593 3.25561e-18 
vn -0.994138 0.108119 1.50044e-18 
vn -0.998534 0.0541302 7.5119e-19 
vn -0.997867 0.0652855 9.06001e-19 
vn -0.986827 0.161782 2.24516e-18 
vn -0.992862 0.119267 1.65514e-18 
vn -1 -1.83697e-16 -1.69869e-23 
vn -0.998533 -0.0541389 -7.51345e-19 
vn -0.998533 -0.0541421 -7.5139e-19 
vn -0.999272 -0.0381441 -5.29373e-19 
vn -0.999999 -0.00151475 -2.10384e-20 
vn -1 -7.28912e-15 -1.69869e-23 
vn -0.999999 0.00117582 1.63008e-20 
vn -0.998533 0.0541389 7.51311e-19 
vn -0.994138 -0.108119 -1.50047e-18 
vn -0.986821 -0.161813 -2.24563e-18 
vn -0.990051 -0.140712 -1.95279e-18 
vn -0.998201 -0.0599597 -8.32126e-19 
vn -0.986827 -0.161782 -2.24519e-18 
vn -0.976621 -0.21497 -2.98333e-18 
vn -0.96354 -0.267563 -3.7132e-18 
vn -0.970622 -0.240609 -3.33914e-18 
vn -0.984124 -0.177484 -2.46311e-18 
vn -0.96355 -0.267528 -3.71272e-18 
vn -0.947653 -0.319302 -4.43121e-18 
vn -0.928965 -0.370167 -5.13711e-18 
vn -0.940799 -0.338966 -4.70411e-18 
vn -0.956123 -0.292965 -4.06572e-18 
vn -0.928977 -0.370138 -5.13671e-18 
vn -0.907575 -0.419889 -5.82715e-18 
vn -0.883503 -0.468425 -6.50072e-18 
vn -0.900781 -0.434274 -6.02677e-18 
vn -0.913932 -0.405868 -5.63256e-18 
vn -0.883512 -0.468408 -6.50049e-18 
vn -0.856857 -0.515554 -7.15476e-18 
vn -0.827676 -0.561206 -7.78832e-18 
vn -0.851843 -0.523798 -7.26917e-18 
vn -0.866863 -0.498546 -6.91873e-18 
vn -0.762148 -0.647403 -8.98453e-18 
vn -0.793541 -0.608516 -8.44488e-18 
vn -0.827689 -0.561187 -7.78805e-18 
vn -0.796093 -0.605174 -8.39849e-18 
vn -0.806842 -0.590767 -8.19856e-18 
vn -0.687685 -0.726009 -1.00754e-17 
vn -0.726093 -0.687597 -9.54234e-18 
vn -0.762162 -0.647386 -8.9843e-18 
vn -0.725995 -0.687699 -9.54376e-18 
vn -0.736922 -0.675978 -9.38109e-18 
vn -0.687699 -0.725995 -1.00752e-17 
vn -0.648266 -0.761414 -1.05667e-17 
vn -0.651272 -0.758844 -1.05311e-17 
vn -0.605168 -0.796098 -1.10481e-17 
vn -0.647386 -0.762162 -1.05771e-17 
vn -0.665682 -0.746235 -1.03561e-17 
vn -0.515538 -0.856867 -1.18914e-17 
vn -0.569669 -0.821874 -1.14058e-17 
vn -0.605174 -0.796093 -1.1048e-17 
vn -0.561187 -0.827689 -1.14865e-17 
vn -0.572514 -0.819895 -1.13783e-17 
vn -0.515554 -0.856857 -1.18913e-17 
vn -0.419872 -0.907584 -1.25953e-17 
vn -0.480855 -0.8768 -1.21681e-17 
vn -0.468408 -0.883512 -1.22612e-17 
vn -0.49191 -0.870646 -1.20826e-17 
vn -0.419889 -0.907575 -1.25951e-17 
vn -0.365608 -0.930769 -1.2917e-17 
vn -0.387324 -0.921944 -1.27945e-17 
vn -0.319296 -0.947655 -1.31514e-17 
vn -0.370138 -0.928977 -1.28921e-17 
vn -0.319302 -0.947653 -1.31513e-17 
vn -0.406324 -0.913729 -1.26805e-17 
vn -0.284364 -0.958716 -1.33049e-17 
vn -0.289988 -0.95703 -1.32815e-17 
vn -0.214956 -0.976624 -1.35534e-17 
vn -0.267528 -0.96355 -1.33719e-17 
vn -0.21497 -0.976621 -1.35533e-17 
vn -0.166058 -0.986116 -1.36851e-17 
vn -0.188287 -0.982114 -1.36296e-17 
vn -0.108107 -0.994139 -1.37965e-17 
vn -0.161782 -0.986827 -1.3695e-17 
vn -0.108119 -0.994138 -1.37964e-17 
vn -0.200775 -0.979637 -1.35952e-17 
vn -0.00273186 -0.999996 -1.38777e-17 
vn -0.0844901 -0.996424 -1.38282e-17 
vn -0.0541389 -0.998533 -1.38574e-17 
vn -0.0848108 -0.996397 -1.38278e-17 
vn -4.27907e-06 -1 -1.38778e-17 
vn 1.22465e-16 -1 -1.38778e-17 
vn 0.0804708 -0.996757 -1.38328e-17 
vn 0.0198838 -0.999802 -1.3875e-17 
vn 0.0541389 -0.998533 -1.38574e-17 
vn 0.10812 -0.994138 -1.37964e-17 
vn 0.108119 -0.994138 -1.37964e-17 
vn 0.192928 -0.981213 -1.36171e-17 
vn 0.124385 -0.992234 -1.377e-17 
vn 0.112232 -0.993682 -1.37901e-17 
vn 0.161782 -0.986827 -1.3695e-17 
vn 0.214958 -0.976623 -1.35534e-17 
vn 0.21497 -0.976621 -1.35533e-17 
vn 0.27297 -0.962023 -1.33507e-17 
vn 0.228036 -0.973653 -1.35121e-17 
vn 0.267528 -0.96355 -1.33719e-17 
vn 0.319307 -0.947651 -1.31513e-17 
vn 0.319302 -0.947653 -1.31513e-17 
vn 0.352538 -0.935797 -1.29868e-17 
vn 0.327664 -0.944794 -1.31116e-17 
vn 0.370138 -0.928977 -1.28921e-17 
vn 0.419908 -0.907567 -1.2595e-17 
vn 0.419889 -0.907575 -1.25951e-17 
vn 0.440784 -0.897613 -1.24569e-17 
vn 0.424384 -0.905482 -1.25661e-17 
vn 0.468408 -0.883512 -1.22612e-17 
vn 0.515558 -0.856855 -1.18912e-17 
vn 0.515554 -0.856857 -1.18913e-17 
vn 0.517833 -0.855482 -1.18722e-17 
vn 0.517166 -0.855885 -1.18778e-17 
vn 0.592289 -0.805726 -1.11817e-17 
vn 0.602926 -0.797797 -1.10717e-17 
vn 0.561187 -0.827689 -1.14865e-17 
vn 0.605159 -0.796104 -1.10482e-17 
vn 0.605174 -0.796093 -1.1048e-17 
vn 0.68228 -0.731091 -1.01459e-17 
vn 0.647386 -0.762162 -1.05771e-17 
vn 0.687687 -0.726008 -1.00754e-17 
vn 0.665839 -0.746095 -1.03541e-17 
vn 0.687699 -0.725995 -1.00752e-17 
vn 0.754347 -0.656476 -9.11042e-18 
vn 0.725995 -0.687699 -9.54373e-18 
vn 0.762156 -0.647394 -8.98438e-18 
vn 0.735067 -0.677994 -9.40905e-18 
vn 0.762162 -0.647386 -8.98428e-18 
vn 0.81821 -0.57492 -7.9786e-18 
vn 0.796093 -0.605174 -8.39847e-18 
vn 0.827687 -0.56119 -7.78806e-18 
vn 0.798586 -0.601881 -8.35276e-18 
vn 0.827689 -0.561187 -7.78802e-18 
vn 0.856857 -0.515554 -7.15473e-18 
vn 0.883511 -0.46841 -6.50047e-18 
vn 0.872887 -0.487923 -6.77127e-18 
vn 0.857379 -0.514686 -7.14269e-18 
vn 0.907575 -0.419889 -5.82712e-18 
vn 0.928976 -0.37014 -5.13671e-18 
vn 0.918703 -0.394949 -5.481e-18 
vn 0.883512 -0.468408 -6.50046e-18 
vn 0.907918 -0.419149 -5.81684e-18 
vn 0.947653 -0.319302 -4.43118e-18 
vn 0.963552 -0.267522 -3.71259e-18 
vn 0.954621 -0.297822 -4.1331e-18 
vn 0.928977 -0.370138 -5.13668e-18 
vn 0.948536 -0.31667 -4.39466e-18 
vn 0.976621 -0.21497 -2.9833e-18 
vn 0.98683 -0.16176 -2.24486e-18 
vn 0.980003 -0.198982 -2.76142e-18 
vn 0.96355 -0.267528 -3.71269e-18 
vn 0.97216 -0.234318 -3.2518e-18 
vn 0.994138 -0.108119 -1.50044e-18 
vn 0.998534 -0.0541288 -7.51172e-19 
vn 0.995261 -0.0972425 -1.34949e-18 
vn 0.986827 -0.161782 -2.24516e-18 
vn 0.992829 -0.119546 -1.65901e-18 
vn 1 6.12323e-17 1.69869e-23 
vn 0.998533 0.0541389 7.51345e-19 
vn 0.998535 0.0541173 7.51045e-19 
vn 0.999999 0.00117586 1.63354e-20 
vn 1 3.07034e-14 1.69869e-23 
vn 0.999999 -0.00151563 -2.10166e-20 
vn 0.998533 -0.0541389 -7.51311e-19 
vn 0.991201 0.132367 1.83698e-18 
vn 0.994777 0.102074 1.41657e-18 
vn 0.994138 0.108119 1.50047e-18 
vn 0.986834 0.161734 2.24453e-18 
vn 0.986827 0.161782 2.24519e-18 
vn 0.964319 0.264743 3.67406e-18 
vn 0.979213 0.202837 2.81494e-18 
vn 0.976621 0.21497 2.98333e-18 
vn 0.963551 0.267526 3.71269e-18 
vn 0.96355 0.267528 3.71272e-18 
vn 0.946216 0.323534 4.48996e-18 
vn 0.953159 0.302469 4.19762e-18 
vn 0.947653 0.319302 4.43121e-18 
vn 0.928983 0.370124 5.13651e-18 
vn 0.928977 0.370138 5.13671e-18 
vn 0.900287 0.435297 6.04097e-18 
vn 0.916963 0.398973 5.53688e-18 
vn 0.907575 0.419889 5.82715e-18 
vn 0.883526 0.468382 6.50011e-18 
vn 0.883512 0.468408 6.50049e-18 
vn 0.841147 0.540807 7.50521e-18 
vn 0.871554 0.4903 6.8043e-18 
vn 0.856857 0.515554 7.15476e-18 
vn 0.82771 0.561156 7.78762e-18 
vn 0.827689 0.561187 7.78805e-18 
vn 0.768947 0.639313 8.87226e-18 
vn 0.81647 0.577388 8.01288e-18 
vn 0.796093 0.605174 8.39849e-18 
vn 0.762162 0.647386 8.9843e-18 
vn 0.762162 0.647386 8.9843e-18 
vn 0.725995 0.687699 9.54376e-18 
vn 0.687687 0.726007 1.00754e-17 
vn 0.75225 0.658878 9.14378e-18 
vn 0.757195 0.653189 9.06482e-18 
vn 0.687699 0.725995 1.00752e-17 
vn 0.647386 0.762162 1.05771e-17 
vn 0.605162 0.796103 1.10482e-17 
vn 0.680284 0.732948 1.01717e-17 
vn 0.681385 0.731925 1.01575e-17 
vn 0.605174 0.796093 1.1048e-17 
vn 0.59894 0.800794 1.11133e-17 
vn 0.601045 0.799215 1.10914e-17 
vn 0.515554 0.856857 1.18913e-17 
vn 0.522693 0.852521 1.18311e-17 
vn 0.561187 0.827689 1.14865e-17 
vn 0.515554 0.856857 1.18913e-17 
vn 0.503951 0.863732 1.19867e-17 
vn 0.514377 0.857564 1.19011e-17 
vn 0.429536 0.90305 1.25323e-17 
vn 0.419899 0.907571 1.25951e-17 
vn 0.423157 0.906057 1.25741e-17 
vn 0.468408 0.883512 1.22612e-17 
vn 0.419889 0.907575 1.25951e-17 
vn 0.319302 0.947653 1.31513e-17 
vn 0.327106 0.944988 1.31143e-17 
vn 0.370138 0.928977 1.28921e-17 
vn 0.35304 0.935608 1.29842e-17 
vn 0.319302 0.947653 1.31513e-17 
vn 0.214963 0.976622 1.35534e-17 
vn 0.226292 0.974059 1.35178e-17 
vn 0.267528 0.96355 1.33719e-17 
vn 0.27135 0.962481 1.33571e-17 
vn 0.21497 0.976621 1.35533e-17 
vn 0.283177 0.959068 1.33097e-17 
vn 0.135017 0.990843 1.37507e-17 
vn 0.203503 0.979074 1.35874e-17 
vn 0.108124 0.994137 1.37964e-17 
vn 0.123599 0.992332 1.37714e-17 
vn 0.161782 0.986827 1.3695e-17 
vn 0.108119 0.994138 1.37964e-17 
vn 0.00529046 0.999986 1.38776e-17 
vn 0.0200872 0.999798 1.3875e-17 
vn 4.27271e-06 1 1.38778e-17 
vn 0.0541389 0.998533 1.38574e-17 
vn 0.0654913 0.997853 1.3848e-17 
vn 5.75545e-23 -0.998533 -0.0541389 
vn 5.50404e-23 -0.986827 -0.161782 
vn 5.18811e-23 -0.96355 -0.267528 
vn 4.81134e-23 -0.928977 -0.370138 
vn 4.37817e-23 -0.883512 -0.468408 
vn 3.89367e-23 -0.827689 -0.561187 
vn 3.36352e-23 -0.762162 -0.647386 
vn 2.79393e-23 -0.687699 -0.725995 
vn 2.19159e-23 -0.605174 -0.796093 
vn 1.56355e-23 -0.515554 -0.856857 
vn 9.17184e-24 -0.419889 -0.907575 
vn 2.60063e-24 -0.319302 -0.947653 
vn -4.00107e-24 -0.21497 -0.976621 
vn -1.05559e-23 -0.108119 -0.994138 
vn -1.69869e-23 -1.36342e-16 -1 
vn -2.32188e-23 0.108119 -0.994138 
vn -2.91784e-23 0.21497 -0.976621 
vn -3.4796e-23 0.319302 -0.947653 
vn -4.00056e-23 0.419889 -0.907575 
vn -4.47462e-23 0.515554 -0.856857 
vn -4.89622e-23 0.605174 -0.796093 
vn -5.26041e-23 0.687699 -0.725995 
vn -5.56293e-23 0.762162 -0.647386 
vn -5.80023e-23 0.827689 -0.561187 
vn -5.96953e-23 0.883512 -0.468408 
vn -6.06884e-23 0.928977 -0.370138 
vn -6.097e-23 0.96355 -0.267528 
vn -6.05368e-23 0.986827 -0.161782 
vn -5.93938e-23 0.998533 -0.0541389 
vn -5.75545e-23 0.998533 0.0541389 
vn -5.63802e-23 0.994138 0.108119 
vn -5.50404e-23 0.986827 0.161782 
vn -5.35393e-23 0.976621 0.21497 
vn -5.18811e-23 0.96355 0.267528 
vn -5.00707e-23 0.947653 0.319302 
vn -4.81134e-23 0.928977 0.370138 
vn -4.6015e-23 0.907575 0.419889 
vn -4.37817e-23 0.883512 0.468408 
vn -4.14199e-23 0.856857 0.515554 
vn -3.89367e-23 0.827689 0.561187 
vn -3.63392e-23 0.796093 0.605174 
vn -3.36352e-23 0.762162 0.647386 
vn -3.08325e-23 0.725995 0.687699 
vn -2.79393e-23 0.687699 0.725995 
vn -2.49642e-23 0.647386 0.762162 
vn -2.19159e-23 0.605174 0.796093 
vn -1.88033e-23 0.561187 0.827689 
vn -1.56355e-23 0.515554 0.856857 
vn -1.24219e-23 0.468408 0.883512 
vn -9.17184e-24 0.419889 0.907575 
vn -5.89488e-24 0.370138 0.928977 
vn -2.60063e-24 0.319302 0.947653 
vn 7.01246e-25 0.267528 0.96355 
vn 4.00107e-24 0.21497 0.976621 
vn 7.28915e-24 0.161782 0.986827 
vn 1.05559e-23 0.108119 0.994138 
vn 1.37916e-23 0.0541389 0.998533 
vn 1.69869e-23 1.38778e-17 1 
vn 2.32188e-23 -0.108119 0.994138 
vn 2.01324e-23 -0.0541389 0.998533 
vn 2.91784e-23 -0.21497 0.976621 
vn 2.32188e-23 -0.108119 0.994138 
vn 2.62371e-23 -0.161782 0.986827 
vn 3.4796e-23 -0.319302 0.947653 
vn 2.91784e-23 -0.21497 0.976621 
vn 3.20342e-23 -0.267528 0.96355 
vn 4.00056e-23 -0.419889 0.907575 
vn 3.4796e-23 -0.319302 0.947653 
vn 3.74557e-23 -0.370138 0.928977 
vn 4.47462e-23 -0.515554 0.856857 
vn 4.00056e-23 -0.419889 0.907575 
vn 4.24381e-23 -0.468408 0.883512 
vn 4.89622e-23 -0.605174 0.796093 
vn 4.47462e-23 -0.515554 0.856857 
vn 4.6923e-23 -0.561187 0.827689 
vn 5.26041e-23 -0.687699 0.725995 
vn 4.89622e-23 -0.605174 0.796093 
vn 5.08577e-23 -0.647386 0.762162 
vn 5.56293e-23 -0.762162 0.647386 
vn 5.26041e-23 -0.687699 0.725995 
vn 5.41962e-23 -0.725995 0.687699 
vn 5.80023e-23 -0.827689 0.561187 
vn 5.56293e-23 -0.762162 0.647386 
vn 5.68993e-23 -0.796093 0.605174 
vn 5.96953e-23 -0.883512 0.468408 
vn 5.80023e-23 -0.827689 0.561187 
vn 5.89353e-23 -0.856857 0.515554 
vn 6.06884e-23 -0.928977 0.370138 
vn 5.96953e-23 -0.883512 0.468408 
vn 6.02803e-23 -0.907575 0.419889 
vn 6.097e-23 -0.96355 0.267528 
vn 6.06884e-23 -0.928977 0.370138 
vn 6.09186e-23 -0.947653 0.319302 
vn 6.05368e-23 -0.986827 0.161782 
vn 6.097e-23 -0.96355 0.267528 
vn 6.08426e-23 -0.976621 0.21497 
vn 5.93938e-23 -0.998533 0.0541389 
vn 6.05368e-23 -0.986827 0.161782 
vn 6.00534e-23 -0.994138 0.108119 
vn 5.856e-23 -1 -1.7469e-16 
vn 5.93938e-23 -0.998533 0.0541389 
vn 6.00534e-23 -0.994138 0.108119 
vn 6.05368e-23 -0.986827 0.161782 
vn 6.08426e-23 -0.976621 0.21497 
vn 6.097e-23 -0.96355 0.267528 
vn 6.09186e-23 -0.947653 0.319302 
vn 6.06884e-23 -0.928977 0.370138 
vn 6.02803e-23 -0.907575 0.419889 
vn 5.96953e-23 -0.883512 0.468408 
vn 5.89353e-23 -0.856857 0.515554 
vn 5.80023e-23 -0.827689 0.561187 
vn 5.68993e-23 -0.796093 0.605174 
vn 5.56293e-23 -0.762162 0.647386 
vn 5.41962e-23 -0.725995 0.687699 
vn 5.26041e-23 -0.687699 0.725995 
vn 5.08577e-23 -0.647386 0.762162 
vn 4.89622e-23 -0.605174 0.796093 
vn 4.6923e-23 -0.561187 0.827689 
vn 4.47462e-23 -0.515554 0.856857 
vn 4.24381e-23 -0.468408 0.883512 
vn 4.00056e-23 -0.419889 0.907575 
vn 3.74557e-23 -0.370138 0.928977 
vn 3.4796e-23 -0.319302 0.947653 
vn 3.20342e-23 -0.267528 0.96355 
vn 2.91784e-23 -0.21497 0.976621 
vn 2.62371e-23 -0.161782 0.986827 
vn 2.32188e-23 -0.108119 0.994138 
vn 2.01324e-23 -0.0541389 0.998533 
vn 1.69869e-23 1.38778e-17 1 
vn 1.05559e-23 0.108119 0.994138 
vn 1.37916e-23 0.0541389 0.998533 
vn 4.00107e-24 0.21497 0.976621 
vn 1.05559e-23 0.108119 0.994138 
vn 7.28915e-24 0.161782 0.986827 
vn -2.60063e-24 0.319302 0.947653 
vn 4.00107e-24 0.21497 0.976621 
vn 7.01246e-25 0.267528 0.96355 
vn -9.17184e-24 0.419889 0.907575 
vn -2.60063e-24 0.319302 0.947653 
vn -5.89488e-24 0.370138 0.928977 
vn -1.56355e-23 0.515554 0.856857 
vn -9.17184e-24 0.419889 0.907575 
vn -1.24219e-23 0.468408 0.883512 
vn -2.19159e-23 0.605174 0.796093 
vn -1.56355e-23 0.515554 0.856857 
vn -1.88033e-23 0.561187 0.827689 
vn -2.79393e-23 0.687699 0.725995 
vn -2.19159e-23 0.605174 0.796093 
vn -2.49642e-23 0.647386 0.762162 
vn -3.36352e-23 0.762162 0.647386 
vn -2.79393e-23 0.687699 0.725995 
vn -3.08325e-23 0.725995 0.687699 
vn -3.89367e-23 0.827689 0.561187 
vn -3.36352e-23 0.762162 0.647386 
vn -3.63392e-23 0.796093 0.605174 
vn -4.37817e-23 0.883512 0.468408 
vn -3.89367e-23 0.827689 0.561187 
vn -4.14199e-23 0.856857 0.515554 
vn -4.81134e-23 0.928977 0.370138 
vn -4.37817e-23 0.883512 0.468408 
vn -4.6015e-23 0.907575 0.419889 
vn -5.18811e-23 0.96355 0.267528 
vn -4.81134e-23 0.928977 0.370138 
vn -5.00707e-23 0.947653 0.319302 
vn -5.50404e-23 0.986827 0.161782 
vn -5.18811e-23 0.96355 0.267528 
vn -5.35393e-23 0.976621 0.21497 
vn -5.75545e-23 0.998533 0.0541389 
vn -5.50404e-23 0.986827 0.161782 
vn -5.63802e-23 0.994138 0.108119 
vn -5.93938e-23 0.998533 -0.0541389 
vn -5.856e-23 1 -1.69819e-16 
vn -5.75545e-23 0.998533 0.0541389 
vn 1 -5.856e-23 1.69869e-23 
vn -1 5.856e-23 -1.69869e-23 
vn 6.05368e-23 -0.986827 0.161782 
vn 5.93938e-23 -0.998533 0.0541389 
vn 6.097e-23 -0.96355 0.267528 
vn 6.05368e-23 -0.986827 0.161782 
vn 6.06884e-23 -0.928977 0.370138 
vn 6.097e-23 -0.96355 0.267528 
vn 5.96953e-23 -0.883512 0.468408 
vn 6.06884e-23 -0.928977 0.370138 
vn 5.80023e-23 -0.827689 0.561187 
vn 5.96953e-23 -0.883512 0.468408 
vn 5.56293e-23 -0.762162 0.647386 
vn 5.80023e-23 -0.827689 0.561187 
vn 5.26041e-23 -0.687699 0.725995 
vn 5.56293e-23 -0.762162 0.647386 
vn 4.89622e-23 -0.605174 0.796093 
vn 5.26041e-23 -0.687699 0.725995 
vn 4.47462e-23 -0.515554 0.856857 
vn 4.89622e-23 -0.605174 0.796093 
vn 4.00056e-23 -0.419889 0.907575 
vn 4.47462e-23 -0.515554 0.856857 
vn 3.4796e-23 -0.319302 0.947653 
vn 4.00056e-23 -0.419889 0.907575 
vn 2.91784e-23 -0.21497 0.976621 
vn 3.4796e-23 -0.319302 0.947653 
vn 2.32188e-23 -0.108119 0.994138 
vn 2.91784e-23 -0.21497 0.976621 
vn 1.69869e-23 5.80432e-16 1 
vn 2.32188e-23 -0.108119 0.994138 
vn 1.05559e-23 0.108119 0.994138 
vn 1.69869e-23 1.36342e-16 1 
vn 4.00107e-24 0.21497 0.976621 
vn 1.05559e-23 0.108119 0.994138 
vn -2.60063e-24 0.319302 0.947653 
vn 4.00107e-24 0.21497 0.976621 
vn -9.17184e-24 0.419889 0.907575 
vn -2.60063e-24 0.319302 0.947653 
vn -1.56355e-23 0.515554 0.856857 
vn -9.17184e-24 0.419889 0.907575 
vn -2.19159e-23 0.605174 0.796093 
vn -1.56355e-23 0.515554 0.856857 
vn -2.79393e-23 0.687699 0.725995 
vn -2.19159e-23 0.605174 0.796093 
vn -3.36352e-23 0.762162 0.647386 
vn -2.79393e-23 0.687699 0.725995 
vn -3.89367e-23 0.827689 0.561187 
vn -3.36352e-23 0.762162 0.647386 
vn -4.37817e-23 0.883512 0.468408 
vn -3.89367e-23 0.827689 0.561187 
vn -4.81134e-23 0.928977 0.370138 
vn -4.37817e-23 0.883512 0.468408 
vn -5.18811e-23 0.96355 0.267528 
vn -4.81134e-23 0.928977 0.370138 
vn -5.50404e-23 0.986827 0.161782 
vn -5.18811e-23 0.96355 0.267528 
vn -5.75545e-23 0.998533 0.0541389 
vn -5.50404e-23 0.986827 0.161782 
vn 5.75545e-23 -0.998533 -0.0541389 
vn 5.6374e-23 -0.994109 -0.108382 
vn 5.50404e-23 -0.986827 -0.161782 
vn 5.75545e-23 -0.998533 -0.0541389 
vn 5.35295e-23 -0.976549 -0.215297 
vn 5.18811e-23 -0.96355 -0.267528 
vn 5.00547e-23 -0.947507 -0.319736 
vn 4.81132e-23 -0.928975 -0.370143 
vn 4.81134e-23 -0.928977 -0.370138 
vn 4.78047e-23 -0.92591 -0.377744 
vn 4.37817e-23 -0.883512 -0.468408 
vn 3.94476e-23 -0.833778 -0.552099 
vn 3.89367e-23 -0.827689 -0.561187 
vn 3.36352e-23 -0.762162 -0.647386 
vn 3.13361e-23 -0.732565 -0.680697 
vn 2.79393e-23 -0.687699 -0.725995 
vn 2.31842e-23 -0.622844 -0.782346 
vn 2.19159e-23 -0.605174 -0.796093 
vn 1.88124e-23 -0.561317 -0.827601 
vn 1.56355e-23 -0.515554 -0.856857 
vn 1.56352e-23 -0.515549 -0.85686 
vn 1.50044e-23 -0.506362 -0.862321 
vn 9.17184e-24 -0.419889 -0.907575 
vn 6.84608e-24 -0.384664 -0.923057 
vn 2.60063e-24 -0.319302 -0.947653 
vn -1.2536e-24 -0.258788 -0.965934 
vn -4.00107e-24 -0.21497 -0.976621 
vn -9.22383e-24 -0.1301 -0.991501 
vn -1.05559e-23 -0.108119 -0.994138 
vn -1.38013e-23 -0.0539752 -0.998542 
vn -1.69869e-23 -2.58807e-16 -1 
vn -2.32188e-23 0.108119 -0.994138 
vn -2.01327e-23 0.0541454 -0.998533 
vn -2.91784e-23 0.21497 -0.976621 
vn -2.32193e-23 0.108129 -0.994137 
vn -2.44612e-23 0.1301 -0.991501 
vn -3.4796e-23 0.319302 -0.947653 
vn -2.91784e-23 0.21497 -0.976621 
vn -3.15628e-23 0.258788 -0.965934 
vn -4.00056e-23 0.419889 -0.907575 
vn -3.4796e-23 0.319302 -0.947653 
vn -3.82058e-23 0.384664 -0.923057 
vn -4.47462e-23 0.515554 -0.856857 
vn -4.00056e-23 0.419889 -0.907575 
vn -4.43007e-23 0.506362 -0.862321 
vn -4.89622e-23 0.605174 -0.796093 
vn -4.47462e-23 0.515554 -0.856857 
vn -4.69312e-23 0.561361 -0.827571 
vn -5.26041e-23 0.687699 -0.725995 
vn -4.89625e-23 0.605181 -0.796088 
vn -4.97506e-23 0.62256 -0.782572 
vn -5.56293e-23 0.762162 -0.647386 
vn -5.26041e-23 0.687699 -0.725995 
vn -5.4462e-23 0.732565 -0.680697 
vn -5.80023e-23 0.827689 -0.561187 
vn -5.56293e-23 0.762162 -0.647386 
vn -5.96953e-23 0.883512 -0.468408 
vn -5.80028e-23 0.827703 -0.561166 
vn -5.81947e-23 0.833479 -0.552551 
vn -6.06884e-23 0.928977 -0.370138 
vn -5.96953e-23 0.883512 -0.468408 
vn -6.0638e-23 0.92591 -0.377744 
vn -6.097e-23 0.96355 -0.267528 
vn -6.06884e-23 0.928977 -0.370138 
vn -6.09172e-23 0.947482 -0.319809 
vn -6.05368e-23 0.986827 -0.161782 
vn -6.097e-23 0.96355 -0.267528 
vn -6.08432e-23 0.97659 -0.215107 
vn -5.93938e-23 0.998533 -0.0541389 
vn -6.05368e-23 0.986827 -0.161782 
vn -6.00569e-23 0.994102 -0.108447 
vn -5.75545e-23 0.998533 0.0541389 
vn -5.856e-23 1 1.7469e-16 
vn -5.93938e-23 0.998533 -0.0541389 
vn -6.00562e-23 0.994109 -0.108382 
vn -6.05368e-23 0.986827 -0.161782 
vn -5.93938e-23 0.998533 -0.0541389 
vn -6.0844e-23 0.976549 -0.215297 
vn -6.097e-23 0.96355 -0.267528 
vn -6.09174e-23 0.947507 -0.319736 
vn -6.06884e-23 0.928975 -0.370143 
vn -6.06884e-23 0.928977 -0.370138 
vn -6.0638e-23 0.92591 -0.377744 
vn -5.96953e-23 0.883512 -0.468408 
vn -5.82045e-23 0.833778 -0.552099 
vn -5.80023e-23 0.827689 -0.561187 
vn -5.56293e-23 0.762162 -0.647386 
vn -5.4462e-23 0.732565 -0.680697 
vn -5.26041e-23 0.687699 -0.725995 
vn -4.97634e-23 0.622844 -0.782346 
vn -4.89622e-23 0.605174 -0.796093 
vn -4.69291e-23 0.561317 -0.827601 
vn -4.47462e-23 0.515554 -0.856857 
vn -4.47459e-23 0.515549 -0.85686 
vn -4.43007e-23 0.506362 -0.862321 
vn -4.00056e-23 0.419889 -0.907575 
vn -3.82058e-23 0.384664 -0.923057 
vn -3.4796e-23 0.319302 -0.947653 
vn -3.15628e-23 0.258788 -0.965934 
vn -2.91784e-23 0.21497 -0.976621 
vn -2.44612e-23 0.1301 -0.991501 
vn -2.32188e-23 0.108119 -0.994138 
vn -2.01229e-23 0.0539752 -0.998542 
vn -1.69869e-23 -2.58807e-16 -1 
vn -1.05559e-23 -0.108119 -0.994138 
vn -1.37912e-23 -0.0541454 -0.998533 
vn -4.00107e-24 -0.21497 -0.976621 
vn -1.05553e-23 -0.108129 -0.994137 
vn -9.22383e-24 -0.1301 -0.991501 
vn 2.60063e-24 -0.319302 -0.947653 
vn -4.00107e-24 -0.21497 -0.976621 
vn -1.2536e-24 -0.258788 -0.965934 
vn 9.17184e-24 -0.419889 -0.907575 
vn 2.60063e-24 -0.319302 -0.947653 
vn 6.84608e-24 -0.384664 -0.923057 
vn 1.56355e-23 -0.515554 -0.856857 
vn 9.17184e-24 -0.419889 -0.907575 
vn 1.50044e-23 -0.506362 -0.862321 
vn 2.19159e-23 -0.605174 -0.796093 
vn 1.56355e-23 -0.515554 -0.856857 
vn 1.88154e-23 -0.561361 -0.827571 
vn 2.79393e-23 -0.687699 -0.725995 
vn 2.19164e-23 -0.605181 -0.796088 
vn 2.31637e-23 -0.62256 -0.782572 
vn 3.36352e-23 -0.762162 -0.647386 
vn 2.79393e-23 -0.687699 -0.725995 
vn 3.13361e-23 -0.732565 -0.680697 
vn 3.89367e-23 -0.827689 -0.561187 
vn 3.36352e-23 -0.762162 -0.647386 
vn 4.37817e-23 -0.883512 -0.468408 
vn 3.89379e-23 -0.827703 -0.561166 
vn 3.94225e-23 -0.833479 -0.552551 
vn 4.81134e-23 -0.928977 -0.370138 
vn 4.37817e-23 -0.883512 -0.468408 
vn 4.78047e-23 -0.92591 -0.377744 
vn 5.18811e-23 -0.96355 -0.267528 
vn 4.81134e-23 -0.928977 -0.370138 
vn 5.0052e-23 -0.947482 -0.319809 
vn 5.50404e-23 -0.986827 -0.161782 
vn 5.18811e-23 -0.96355 -0.267528 
vn 5.35352e-23 -0.97659 -0.215107 
vn 5.75545e-23 -0.998533 -0.0541389 
vn 5.50404e-23 -0.986827 -0.161782 
vn 5.63725e-23 -0.994102 -0.108447 
vn 5.856e-23 -1 1.69819e-16 
vn 5.75545e-23 -0.998533 -0.0541389 
vn -1.69869e-23 -1.38778e-17 -1 
vn 0.671805 0.740728 1.02797e-17 
vn 0.6 0.8 1.11022e-17 
vn 0.601561 0.798827 1.1086e-17 
vn 0.60624 0.795282 1.10368e-17 
vn 0.6138 0.789461 1.0956e-17 
vn 0.62419 0.781272 1.08423e-17 
vn 0.637029 0.77084 1.06976e-17 
vn 0.652271 0.757986 1.05192e-17 
vn 0.66909 0.743181 1.03137e-17 
vn 0.745252 0.666783 9.25349e-18 
vn 0.671805 0.740728 1.02797e-17 
vn 0.707404 0.70681 9.80897e-18 
vn 0.810603 0.585596 8.12679e-18 
vn 0.749561 0.661936 9.18622e-18 
vn 0.792609 0.60973 8.46171e-18 
vn 0.745252 0.666783 9.25349e-18 
vn 0.86715 0.498048 6.91182e-18 
vn 0.810601 0.585599 8.12683e-18 
vn 0.83506 0.55016 7.63501e-18 
vn 0.914277 0.40509 5.62176e-18 
vn 0.875062 0.484011 6.71702e-18 
vn 0.893487 0.449089 6.23237e-18 
vn 0.910983 0.412443 5.72381e-18 
vn 0.86715 0.498048 6.91182e-18 
vn 0.951473 0.307731 4.27064e-18 
vn 0.914277 0.40509 5.62176e-18 
vn 0.941894 0.335911 4.66172e-18 
vn 0.978335 0.20703 2.87314e-18 
vn 0.951473 0.307731 4.27064e-18 
vn 0.966825 0.255441 3.54498e-18 
vn 0.994569 0.10408 1.44442e-18 
vn 0.978335 0.20703 2.87314e-18 
vn 0.985101 0.171976 2.38667e-18 
vn 1 -3.82857e-16 1.69869e-23 
vn 0.996253 0.0864841 1.20022e-18 
vn 0.999061 0.0433163 6.01151e-19 
vn 0.994569 0.10408 1.44442e-18 
vn 0.996252 -0.0864952 -1.20035e-18 
vn 0.994569 -0.10408 -1.44439e-18 
vn 1 -3.82857e-16 1.69869e-23 
vn 0.999067 -0.0431801 -5.99228e-19 
vn 0.994569 -0.10408 -1.44439e-18 
vn 0.985101 -0.171976 -2.38663e-18 
vn 0.978335 -0.20703 -2.8731e-18 
vn 0.966825 -0.255441 -3.54494e-18 
vn 0.951473 -0.307731 -4.27061e-18 
vn 0.941894 -0.335911 -4.66169e-18 
vn 0.914277 -0.40509 -5.62173e-18 
vn 0.874991 -0.484139 -6.71877e-18 
vn 0.867154 -0.498039 -6.91167e-18 
vn 0.893505 -0.449053 -6.23185e-18 
vn 0.911009 -0.412386 -5.72299e-18 
vn 0.86715 -0.498048 -6.91179e-18 
vn 0.83506 -0.55016 -7.63498e-18 
vn 0.810601 -0.585599 -8.1268e-18 
vn 0.810603 -0.585596 -8.12676e-18 
vn 0.74937 -0.662151 -9.18918e-18 
vn 0.745254 -0.666781 -9.25343e-18 
vn 0.792609 -0.60973 -8.46169e-18 
vn 0.745252 -0.666783 -9.25347e-18 
vn 0.707404 -0.70681 -9.80894e-18 
vn 0.671805 -0.740728 -1.02797e-17 
vn 0.606232 -0.795287 -1.10368e-17 
vn 0.601561 -0.798827 -1.10859e-17 
vn 0.6138 -0.789461 -1.0956e-17 
vn 0.624232 -0.781239 -1.08419e-17 
vn 0.637029 -0.77084 -1.06975e-17 
vn 0.652248 -0.758005 -1.05194e-17 
vn 0.669241 -0.743045 -1.03118e-17 
vn 0.6 -0.8 -1.11022e-17 
vn -0.671805 -0.740728 -1.02797e-17 
vn -0.6 -0.8 -1.11022e-17 
vn -0.601561 -0.798827 -1.1086e-17 
vn -0.60624 -0.795282 -1.10368e-17 
vn -0.6138 -0.789461 -1.0956e-17 
vn -0.62419 -0.781272 -1.08423e-17 
vn -0.637029 -0.77084 -1.06976e-17 
vn -0.652271 -0.757986 -1.05192e-17 
vn -0.66909 -0.743181 -1.03137e-17 
vn -0.745252 -0.666783 -9.25349e-18 
vn -0.671805 -0.740728 -1.02797e-17 
vn -0.707404 -0.70681 -9.80897e-18 
vn -0.810603 -0.585596 -8.12679e-18 
vn -0.749561 -0.661936 -9.18622e-18 
vn -0.792609 -0.60973 -8.46171e-18 
vn -0.745252 -0.666783 -9.25349e-18 
vn -0.86715 -0.498048 -6.91182e-18 
vn -0.810601 -0.585599 -8.12683e-18 
vn -0.83506 -0.55016 -7.63501e-18 
vn -0.914277 -0.40509 -5.62176e-18 
vn -0.875062 -0.484011 -6.71702e-18 
vn -0.893487 -0.449089 -6.23237e-18 
vn -0.910983 -0.412443 -5.72381e-18 
vn -0.86715 -0.498048 -6.91182e-18 
vn -0.951473 -0.307731 -4.27064e-18 
vn -0.914277 -0.40509 -5.62176e-18 
vn -0.941894 -0.335911 -4.66172e-18 
vn -0.978335 -0.20703 -2.87314e-18 
vn -0.951473 -0.307731 -4.27064e-18 
vn -0.966825 -0.255441 -3.54498e-18 
vn -0.994569 -0.10408 -1.44442e-18 
vn -0.978335 -0.20703 -2.87314e-18 
vn -0.985101 -0.171976 -2.38667e-18 
vn -1 -1.83697e-16 -1.69869e-23 
vn -0.996253 -0.0864841 -1.20022e-18 
vn -0.999061 -0.0433163 -6.01151e-19 
vn -0.994569 -0.10408 -1.44442e-18 
vn -0.996252 0.0864952 1.20035e-18 
vn -0.994569 0.10408 1.44439e-18 
vn -1 -1.83697e-16 -1.69869e-23 
vn -0.999067 0.0431801 5.99228e-19 
vn -0.994569 0.10408 1.44439e-18 
vn -0.985101 0.171976 2.38663e-18 
vn -0.978335 0.20703 2.8731e-18 
vn -0.966825 0.255441 3.54494e-18 
vn -0.951473 0.307731 4.27061e-18 
vn -0.941894 0.335911 4.66169e-18 
vn -0.914277 0.40509 5.62173e-18 
vn -0.874991 0.484139 6.71877e-18 
vn -0.867154 0.498039 6.91167e-18 
vn -0.893505 0.449053 6.23185e-18 
vn -0.911009 0.412386 5.72299e-18 
vn -0.86715 0.498048 6.91179e-18 
vn -0.83506 0.55016 7.63498e-18 
vn -0.810601 0.585599 8.1268e-18 
vn -0.810603 0.585596 8.12676e-18 
vn -0.74937 0.662151 9.18918e-18 
vn -0.745254 0.666781 9.25343e-18 
vn -0.792609 0.60973 8.46169e-18 
vn -0.745252 0.666783 9.25347e-18 
vn -0.707404 0.70681 9.80894e-18 
vn -0.671805 0.740728 1.02797e-17 
vn -0.606232 0.795287 1.10368e-17 
vn -0.601561 0.798827 1.10859e-17 
vn -0.6138 0.789461 1.0956e-17 
vn -0.624232 0.781239 1.08419e-17 
vn -0.637029 0.77084 1.06975e-17 
vn -0.652248 0.758005 1.05194e-17 
vn -0.669241 0.743045 1.03118e-17 
vn -0.6 0.8 1.11022e-17 
vn -1 5.856e-23 -1.69869e-23 
vn 0.103532 0.136829 0.98517 
vn 0.0969049 0.136921 0.985831 
vn 0.120708 0.136562 0.98325 
vn 0.0587521 0.137331 0.988781 
vn 0.0718033 0.137213 0.987936 
vn 0.0177511 0.137547 0.990336 
vn 0.0317725 0.137499 0.989992 
vn 0.0454264 0.137426 0.98947 
vn 0.120708 0.136562 0.98325 
vn 0.222297 0.134126 0.965709 
vn 0.124674 0.136495 0.982764 
vn 0.172749 0.1355 0.975601 
vn 0.205998 0.134618 0.969249 
vn 0.222297 0.134126 0.965709 
vn 0.306355 0.130954 0.942867 
vn 0.255732 0.132994 0.957556 
vn 0.322631 0.130212 0.937526 
vn 0.322631 0.130212 0.937526 
vn 0.403483 0.125873 0.906288 
vn 0.367978 0.127916 0.920994 
vn 0.419174 0.124899 0.899274 
vn 0.419174 0.124899 0.899274 
vn 0.496409 0.119422 0.859835 
vn 0.471009 0.121353 0.873741 
vn 0.510346 0.118305 0.851793 
vn 0.584103 0.111661 0.803962 
vn 0.566415 0.113373 0.816284 
vn 0.596997 0.110363 0.794616 
vn 0.596997 0.110363 0.794616 
vn 0.665595 0.102669 0.739218 
vn 0.654123 0.104055 0.749197 
vn 0.677505 0.101184 0.728525 
vn 0.677505 0.101184 0.728525 
vn 0.739961 0.0925353 0.666254 
vn 0.733528 0.0934997 0.673198 
vn 0.749881 0.0910114 0.655282 
vn 0.806344 0.0813644 0.585824 
vn 0.803886 0.0818234 0.589128 
vn 0.81445 0.0798218 0.574717 
vn 0.870665 0.0676667 0.4872 
vn 0.843411 0.0739111 0.53216 
vn 0.864431 0.0691626 0.497971 
vn 0.863944 0.0692778 0.4988 
vn 0.916724 0.0549614 0.395722 
vn 0.894615 0.0614709 0.44259 
vn 0.914512 0.0556544 0.400712 
vn 0.912101 0.0563984 0.406069 
vn 0.870665 0.0676667 0.4872 
vn 0.950189 0.0428766 0.308712 
vn 0.916724 0.0549614 0.395722 
vn 0.936031 0.0484129 0.348573 
vn 0.953091 0.0416398 0.299806 
vn 0.97774 0.0288649 0.207827 
vn 0.953485 0.0414686 0.298574 
vn 0.967484 0.0347956 0.250528 
vn 0.953091 0.0416398 0.299806 
vn 0.979477 0.0277275 0.199638 
vn 0.994418 0.0145147 0.104506 
vn 0.980879 0.0267733 0.192768 
vn 0.995108 0.0135911 0.097856 
vn 0.988624 0.0206917 0.14898 
vn 0.996349 0.0117452 0.0845655 
vn 1 5.71495e-16 4.11477e-15 
vn 0.995108 0.0135911 0.097856 
vn 0.998769 0.00682433 0.0491352 
vn 1 6.5277e-10 4.69994e-09 
vn 0.999689 -0.00343031 -0.0246982 
vn 0.994673 -0.0141802 -0.102098 
vn 0.998506 -0.00751775 -0.0541278 
vn 0.999999 -0.000187331 -0.00134878 
vn 0.998657 -0.00712831 -0.0513239 
vn 0.994673 -0.0141802 -0.102098 
vn 0.990852 -0.0185649 -0.133667 
vn 0.978835 -0.0281533 -0.202703 
vn 0.986579 -0.0224628 -0.161732 
vn 0.988014 -0.0212353 -0.152894 
vn 0.991315 -0.0180913 -0.130257 
vn 0.978835 -0.0281533 -0.202703 
vn 0.969953 -0.0334695 -0.24098 
vn 0.95233 -0.0419681 -0.30217 
vn 0.962886 -0.0371306 -0.267341 
vn 0.968443 -0.034287 -0.246866 
vn 0.966844 -0.0351306 -0.25294 
vn 0.95233 -0.0419681 -0.30217 
vn 0.937265 -0.0479587 -0.345302 
vn 0.915536 -0.0553349 -0.398411 
vn 0.927758 -0.051338 -0.369633 
vn 0.93188 -0.0499051 -0.359317 
vn 0.934994 -0.0487906 -0.351292 
vn 0.869549 -0.0679378 -0.489152 
vn 0.893493 -0.0617788 -0.444807 
vn 0.893196 -0.0618601 -0.445393 
vn 0.915536 -0.0553349 -0.398411 
vn 0.881643 -0.0649208 -0.46743 
vn 0.882383 -0.0647304 -0.466059 
vn 0.813883 -0.0799313 -0.575505 
vn 0.84264 -0.0740775 -0.533358 
vn 0.8383 -0.0750035 -0.540025 
vn 0.869549 -0.0679378 -0.489152 
vn 0.825182 -0.0777078 -0.559496 
vn 0.852374 -0.0719389 -0.51796 
vn 0.813883 -0.0799313 -0.575505 
vn 0.773229 -0.0872357 -0.628097 
vn 0.749112 -0.0911313 -0.656146 
vn 0.759103 -0.0895529 -0.644781 
vn 0.749112 -0.0911313 -0.656146 
vn 0.793381 -0.0837413 -0.602938 
vn 0.676795 -0.101274 -0.729173 
vn 0.684228 -0.100324 -0.722334 
vn 0.698685 -0.0984204 -0.708627 
vn 0.676795 -0.101274 -0.729173 
vn 0.727907 -0.0943273 -0.679156 
vn 0.59739 -0.110323 -0.794326 
vn 0.601528 -0.109897 -0.791257 
vn 0.615479 -0.108425 -0.780659 
vn 0.619561 -0.107984 -0.777485 
vn 0.59739 -0.110323 -0.794326 
vn 0.65657 -0.103763 -0.747094 
vn 0.510764 -0.11827 -0.851547 
vn 0.511933 -0.118175 -0.850858 
vn 0.524265 -0.117147 -0.843459 
vn 0.548121 -0.115062 -0.828447 
vn 0.510764 -0.11827 -0.851547 
vn 0.419832 -0.124857 -0.898973 
vn 0.474281 -0.121112 -0.872003 
vn 0.425606 -0.124487 -0.896305 
vn 0.419832 -0.124857 -0.898973 
vn 0.402696 -0.125921 -0.906631 
vn 0.416571 -0.125064 -0.900459 
vn 0.329637 -0.129879 -0.935132 
vn 0.324311 -0.130133 -0.936957 
vn 0.256062 -0.132982 -0.95747 
vn 0.316562 -0.130493 -0.939553 
vn 0.224261 -0.134064 -0.965264 
vn 0.319016 -0.13038 -0.938738 
vn 0.181805 -0.135276 -0.973985 
vn 0.213013 -0.134411 -0.96776 
vn 0.166625 -0.135645 -0.976645 
vn 0.122412 -0.136534 -0.983043 
vn 0.200927 -0.134763 -0.970292 
vn 0.174671 -0.135454 -0.975265 
vn 0.122412 -0.136534 -0.983043 
vn 0.091657 -0.136989 -0.986323 
vn 0.107073 -0.136778 -0.984798 
vn 0.0198793 -0.137541 -0.990297 
vn 0.0473846 -0.137414 -0.98938 
vn 0.0337438 -0.13749 -0.989928 
vn 0.0607931 -0.137314 -0.98866 
vn 0.0986179 -0.136898 -0.985664 
vn 0.0737779 -0.137193 -0.987793 
vn 0.0198793 -0.137541 -0.990297 
vn -0.0582563 -0.137335 -0.98881 
vn -0.107419 -0.136772 -0.984761 
vn -0.107105 -0.136777 -0.984795 
vn -0.112146 -0.136701 -0.984244 
vn -0.16184 -0.135755 -0.977435 
vn -0.0859694 -0.137059 -0.986825 
vn -0.0723506 -0.137208 -0.987896 
vn -0.16184 -0.135755 -0.977435 
vn -0.212985 -0.134412 -0.967766 
vn -0.199592 -0.1348 -0.970563 
vn -0.262372 -0.132749 -0.955792 
vn -0.188058 -0.135114 -0.97282 
vn -0.343485 -0.129198 -0.930229 
vn -0.316558 -0.130494 -0.939554 
vn -0.318551 -0.130402 -0.938893 
vn -0.360781 -0.128303 -0.923783 
vn -0.360781 -0.128303 -0.923783 
vn -0.266626 -0.132588 -0.954637 
vn -0.416577 -0.125063 -0.900457 
vn -0.425436 -0.124498 -0.896384 
vn -0.456253 -0.122415 -0.88139 
vn -0.406076 -0.125715 -0.905151 
vn -0.511924 -0.118175 -0.850864 
vn -0.524275 -0.117146 -0.843453 
vn -0.545616 -0.115287 -0.830067 
vn -0.489812 -0.119936 -0.863539 
vn -0.601503 -0.109899 -0.791275 
vn -0.615514 -0.108421 -0.780632 
vn -0.629244 -0.106919 -0.769818 
vn -0.569326 -0.113097 -0.814296 
vn -0.654146 -0.104052 -0.749177 
vn -0.698734 -0.0984139 -0.70858 
vn -0.701667 -0.0980181 -0.70573 
vn -0.648921 -0.10467 -0.753621 
vn -0.733502 -0.0935035 -0.673225 
vn -0.701667 -0.0980181 -0.70573 
vn -0.771855 -0.0874658 -0.629754 
vn -0.803862 -0.0818278 -0.58916 
vn -0.773231 -0.0872355 -0.628095 
vn -0.833206 -0.0760701 -0.547705 
vn -0.864441 -0.0691604 -0.497955 
vn -0.838296 -0.0750043 -0.540031 
vn -0.860703 -0.070037 -0.504266 
vn -0.886217 -0.0637314 -0.458866 
vn -0.860685 -0.0700414 -0.504298 
vn -0.833206 -0.0760701 -0.547705 
vn -0.914498 -0.0556588 -0.400743 
vn -0.893202 -0.0618585 -0.445381 
vn -0.908991 -0.0573405 -0.412852 
vn -0.886217 -0.0637314 -0.458866 
vn -0.92971 -0.0506653 -0.36479 
vn -0.909037 -0.0573267 -0.412752 
vn -0.953485 -0.0414689 -0.298576 
vn -0.937261 -0.0479603 -0.345314 
vn -0.962641 -0.0372509 -0.268206 
vn -0.947268 -0.0440827 -0.317396 
vn -0.947358 -0.0440461 -0.317132 
vn -0.980881 -0.0267721 -0.192759 
vn -0.962641 -0.0372509 -0.268206 
vn -0.969954 -0.0334689 -0.240976 
vn -0.985516 -0.0233293 -0.167971 
vn -0.975385 -0.0303351 -0.218412 
vn -0.975355 -0.030353 -0.218541 
vn -0.985516 -0.0233293 -0.167971 
vn -0.996349 -0.0117447 -0.0845622 
vn -0.990851 -0.0185663 -0.133678 
vn -0.992992 -0.016258 -0.117058 
vn -0.997832 -0.00905303 -0.0651818 
vn -0.993009 -0.016239 -0.116921 
vn -0.999689 0.0034311 0.0247039 
vn -0.999689 -0.00342991 -0.0246953 
vn -0.999298 0.00515408 0.0371094 
vn -0.999896 -0.00197974 -0.0142542 
vn -0.999902 -0.00192465 -0.0138575 
vn -0.996349 0.0117448 0.0845627 
vn -0.990108 0.0193018 0.138973 
vn -0.990852 0.0185648 0.133667 
vn -0.999298 0.00515408 0.0371094 
vn -0.996019 0.0122636 0.088298 
vn -0.996008 0.0122804 0.0884187 
vn -0.970113 0.0333812 0.240345 
vn -0.981425 0.026392 0.190023 
vn -0.980881 0.0267721 0.192759 
vn -0.981422 0.0263942 0.190038 
vn -0.990108 0.0193018 0.138973 
vn -0.939946 0.0469551 0.338077 
vn -0.956178 0.0402783 0.290004 
vn -0.953487 0.041468 0.29857 
vn -0.970113 0.0333812 0.240345 
vn -0.956154 0.0402887 0.290078 
vn -0.969955 0.0334682 0.240971 
vn -0.899939 0.0599819 0.431869 
vn -0.921053 0.0535741 0.385734 
vn -0.914511 0.0556547 0.400714 
vn -0.939946 0.0469551 0.338077 
vn -0.92102 0.0535851 0.385812 
vn -0.937263 0.0479596 0.345309 
vn -0.899939 0.0599819 0.431869 
vn -0.875806 0.0663992 0.478074 
vn -0.893194 0.0618605 0.445396 
vn -0.849849 0.0725022 0.522016 
vn -0.87578 0.0664056 0.47812 
vn -0.864429 0.0691632 0.497975 
vn -0.849849 0.0725022 0.522016 
vn -0.790795 0.084203 0.606262 
vn -0.821179 0.0785062 0.565244 
vn -0.803879 0.0818246 0.589137 
vn -0.821138 0.0785144 0.565304 
vn -0.838322 0.0749989 0.539992 
vn -0.733509 0.0935025 0.673218 
vn -0.773226 0.0872363 0.628101 
vn -0.723989 0.0948962 0.683253 
vn -0.790795 0.084203 0.606262 
vn -0.654135 0.104054 0.749186 
vn -0.648717 0.104694 0.753794 
vn -0.698707 0.0984175 0.708606 
vn -0.723989 0.0948962 0.683253 
vn -0.615468 0.108426 0.780669 
vn -0.648717 0.104694 0.753794 
vn -0.566517 0.113363 0.816215 
vn -0.566244 0.113389 0.816401 
vn -0.478918 0.120766 0.869513 
vn -0.524233 0.11715 0.843478 
vn -0.471134 0.121344 0.873675 
vn -0.385817 0.126917 0.913804 
vn -0.425415 0.124499 0.896394 
vn -0.368116 0.127908 0.92094 
vn -0.287743 0.13175 0.948602 
vn -0.318688 0.130395 0.938848 
vn -0.255579 0.132999 0.957596 
vn -0.187999 0.135115 0.972831 
vn -0.200679 0.13477 0.970343 
vn -0.287743 0.13175 0.948602 
vn -0.187999 0.135115 0.972831 
vn -0.0857802 0.137061 0.986841 
vn -0.124673 0.136495 0.982764 
vn -0.112811 0.13669 0.984169 
vn -0.138503 0.136242 0.980946 
vn -0.138648 0.13624 0.980926 
vn -0.112684 0.136692 0.984184 
vn 0.994673 -0.0141802 -0.102098 
vn 0.999999 -0.00016311 -0.00117439 
vn 0.998506 -0.0075176 -0.0541267 
vn 0.996349 -0.0117453 -0.0845664 
vn 1 -5.71495e-16 -4.11477e-15 
vn 0.998659 -0.00712264 -0.051283 
vn 0.994673 -0.0141802 -0.102098 
vn 0.978835 -0.0281533 -0.202703 
vn 0.991035 -0.0183796 -0.132333 
vn 0.986581 -0.0224608 -0.161718 
vn 0.980879 -0.0267731 -0.192766 
vn 0.988053 -0.0212013 -0.152649 
vn 0.978835 -0.0281533 -0.202703 
vn 0.95233 -0.0419681 -0.30217 
vn 0.963661 -0.0367482 -0.264587 
vn 0.962879 -0.0371342 -0.267366 
vn 0.953481 -0.0414704 -0.298587 
vn 0.96676 -0.0351743 -0.253255 
vn 0.95233 -0.0419681 -0.30217 
vn 0.915536 -0.0553349 -0.398411 
vn 0.945261 -0.0448908 -0.323214 
vn 0.927752 -0.0513402 -0.369649 
vn 0.935072 -0.0487621 -0.351087 
vn 0.915536 -0.0553349 -0.398411 
vn 0.893435 -0.0617947 -0.444922 
vn 0.914512 -0.0556543 -0.400711 
vn 0.869549 -0.0679378 -0.489152 
vn 0.898642 -0.0603489 -0.434512 
vn 0.881651 -0.0649188 -0.467415 
vn 0.869549 -0.0679378 -0.489152 
vn 0.813883 -0.0799313 -0.575505 
vn 0.838772 -0.0749037 -0.539307 
vn 0.825202 -0.0777037 -0.559467 
vn 0.842539 -0.0740991 -0.533513 
vn 0.864442 -0.06916 -0.497952 
vn 0.749112 -0.0911313 -0.656146 
vn 0.765939 -0.0884445 -0.6368 
vn 0.759114 -0.0895512 -0.644769 
vn 0.754114 -0.0903471 -0.650499 
vn 0.803878 -0.0818248 -0.589139 
vn 0.813883 -0.0799313 -0.575505 
vn 0.749112 -0.0911313 -0.656146 
vn 0.68423 -0.100324 -0.722333 
vn 0.676795 -0.101274 -0.729173 
vn 0.733528 -0.0934997 -0.673198 
vn 0.677903 -0.101134 -0.728162 
vn 0.601505 -0.109899 -0.791273 
vn 0.59739 -0.110323 -0.794326 
vn 0.654125 -0.104055 -0.749195 
vn 0.676795 -0.101274 -0.729173 
vn 0.59739 -0.110323 -0.794326 
vn 0.510764 -0.11827 -0.851547 
vn 0.519065 -0.117584 -0.846608 
vn 0.511939 -0.118174 -0.850854 
vn 0.595275 -0.110539 -0.795882 
vn 0.566415 -0.113373 -0.816285 
vn 0.500366 -0.119109 -0.857582 
vn 0.419832 -0.124857 -0.898973 
vn 0.471017 -0.121352 -0.873737 
vn 0.510764 -0.11827 -0.851547 
vn 0.4262 -0.124448 -0.896028 
vn 0.416593 -0.125062 -0.90045 
vn 0.368008 -0.127914 -0.920982 
vn 0.324311 -0.130133 -0.936957 
vn 0.419832 -0.124857 -0.898973 
vn 0.350114 -0.128861 -0.927801 
vn 0.224261 -0.134064 -0.965264 
vn 0.280701 -0.132037 -0.95067 
vn 0.26896 -0.132499 -0.953994 
vn 0.316551 -0.130494 -0.939557 
vn 0.255749 -0.132993 -0.957552 
vn 0.324311 -0.130133 -0.936957 
vn 0.213011 -0.134411 -0.96776 
vn 0.174555 -0.135456 -0.975286 
vn 0.124811 -0.136493 -0.982747 
vn 0.122412 -0.136534 -0.983043 
vn 0.224261 -0.134064 -0.965264 
vn 0.201647 -0.134742 -0.970146 
vn 0.133744 -0.136332 -0.981594 
vn 0.107088 -0.136777 -0.984796 
vn 0.098698 -0.136897 -0.985656 
vn 0.0607384 -0.137314 -0.988664 
vn 0.0737485 -0.137194 -0.987795 
vn 0.0198793 -0.137541 -0.990297 
vn 0.0338465 -0.13749 -0.989925 
vn 0.0474513 -0.137413 -0.989377 
vn 0.122412 -0.136534 -0.983043 
vn 0.0648883 -0.137278 -0.988405 
vn 0.00995876 -0.137562 -0.990443 
vn 0.00993724 -0.137562 -0.990443 
vn -0.0149547 -0.137553 -0.990382 
vn -0.0296381 -0.137508 -0.990057 
vn -0.0147999 -0.137553 -0.990384 
vn 0.0198793 -0.137541 -0.990297 
vn 9.98778e-07 -0.137568 -0.990492 
vn -0.0440675 -0.137435 -0.98953 
vn -0.0582563 -0.137335 -0.98881 
vn -0.0582563 -0.137335 -0.98881 
vn 0.00523037 -0.137566 -0.990479 
vn 5.22295e-06 -0.137568 -0.990492 
vn -0.0298064 -0.137507 -0.990052 
vn -0.014995 -0.137553 -0.990381 
vn -0.0442131 -0.137434 -0.989524 
vn 9.98778e-07 -0.137568 -0.990492 
vn -0.0582563 -0.137335 -0.98881 
vn -0.0564375 -0.137349 -0.988914 
vn 1.07621e-05 -0.137568 -0.990492 
vn 0.010002 -0.137561 -0.990443 
vn 9.97572e-07 -0.137568 -0.990492 
vn 0.0173978 -0.137548 -0.990342 
vn -0.16184 -0.135755 -0.977435 
vn -0.0589704 -0.137329 -0.988769 
vn -0.107111 -0.136777 -0.984794 
vn -0.123505 -0.136515 -0.982909 
vn -0.124151 -0.136504 -0.982829 
vn -0.112428 -0.136696 -0.984212 
vn -0.0861622 -0.137057 -0.986809 
vn -0.0724001 -0.137207 -0.987893 
vn -0.262372 -0.132749 -0.955792 
vn -0.188768 -0.135095 -0.972685 
vn -0.212998 -0.134412 -0.967763 
vn -0.16184 -0.135755 -0.977435 
vn -0.256331 -0.132972 -0.957399 
vn -0.218013 -0.134259 -0.966667 
vn -0.360781 -0.128303 -0.923783 
vn -0.284508 -0.131883 -0.949559 
vn -0.31655 -0.130494 -0.939557 
vn -0.350705 -0.128831 -0.927582 
vn -0.262372 -0.132749 -0.955792 
vn -0.360781 -0.128303 -0.923783 
vn -0.416595 -0.125062 -0.900449 
vn -0.456253 -0.122415 -0.88139 
vn -0.368285 -0.127899 -0.920873 
vn -0.416785 -0.12505 -0.900362 
vn -0.444441 -0.123235 -0.887291 
vn -0.456253 -0.122415 -0.88139 
vn -0.51195 -0.118173 -0.850848 
vn -0.545616 -0.115287 -0.830067 
vn -0.47108 -0.121348 -0.873704 
vn -0.516642 -0.117786 -0.848061 
vn -0.629244 -0.106919 -0.769818 
vn -0.586918 -0.111382 -0.801949 
vn -0.601505 -0.109899 -0.791274 
vn -0.545616 -0.115287 -0.830067 
vn -0.566415 -0.113373 -0.816285 
vn -0.701667 -0.0980181 -0.70573 
vn -0.669629 -0.102171 -0.735635 
vn -0.684223 -0.100325 -0.722339 
vn -0.629244 -0.106919 -0.769818 
vn -0.655106 -0.103938 -0.748354 
vn -0.654103 -0.104057 -0.749213 
vn -0.771855 -0.0874658 -0.629754 
vn -0.74438 -0.0918622 -0.661408 
vn -0.759078 -0.0895569 -0.64481 
vn -0.733502 -0.0935035 -0.673225 
vn -0.701667 -0.0980181 -0.70573 
vn -0.833206 -0.0760701 -0.547705 
vn -0.812426 -0.0802112 -0.577521 
vn -0.825171 -0.07771 -0.559512 
vn -0.803862 -0.0818278 -0.58916 
vn -0.771855 -0.0874658 -0.629754 
vn -0.886217 -0.0637314 -0.458866 
vn -0.871079 -0.0675658 -0.486474 
vn -0.881646 -0.06492 -0.467424 
vn -0.864441 -0.0691604 -0.497955 
vn -0.833206 -0.0760701 -0.547705 
vn -0.860591 -0.0700631 -0.504454 
vn -0.886217 -0.0637314 -0.458866 
vn -0.92971 -0.0506653 -0.36479 
vn -0.888485 -0.063131 -0.454543 
vn -0.927752 -0.05134 -0.369648 
vn -0.914498 -0.0556588 -0.400743 
vn -0.909058 -0.0573207 -0.412709 
vn -0.92971 -0.0506653 -0.36479 
vn -0.962641 -0.0372509 -0.268206 
vn -0.953485 -0.0414689 -0.298576 
vn -0.936851 -0.0481115 -0.346403 
vn -0.947323 -0.0440604 -0.317235 
vn -0.962641 -0.0372509 -0.268206 
vn -0.985516 -0.0233293 -0.167971 
vn -0.980881 -0.0267721 -0.192759 
vn -0.962885 -0.0371315 -0.267347 
vn -0.975327 -0.0303702 -0.218665 
vn -0.97158 -0.0325638 -0.234459 
vn -0.985516 -0.0233293 -0.167971 
vn -0.997832 -0.00905303 -0.0651818 
vn -0.996349 -0.0117448 -0.0845622 
vn -0.98658 -0.0224617 -0.161724 
vn -0.992727 -0.0165617 -0.119244 
vn -0.993023 -0.0162222 -0.1168 
vn -0.997832 -0.00905303 -0.0651818 
vn -0.999298 0.00515408 0.0371094 
vn -0.998505 -0.00751895 -0.0541364 
vn -0.999999 -0.000163122 -0.00117448 
vn -0.999689 0.0034311 0.0247039 
vn -0.999897 -0.00197566 -0.0142247 
vn -1 -1.23733e-07 -8.90879e-07 
vn -0.997875 0.00896395 0.0645405 
vn -0.990108 0.0193018 0.138973 
vn -0.990852 0.0185648 0.133667 
vn -0.995487 0.0130547 0.0939935 
vn -0.995996 0.0122987 0.0885509 
vn -0.990108 0.0193018 0.138973 
vn -0.985874 0.0230415 0.165899 
vn -0.970113 0.0333812 0.240345 
vn -0.981396 0.0264121 0.190167 
vn -0.981543 0.0263086 0.189422 
vn -0.970113 0.0333812 0.240345 
vn -0.956266 0.0402387 0.289719 
vn -0.969955 0.0334682 0.240971 
vn -0.96326 0.0369466 0.266016 
vn -0.939946 0.0469551 0.338077 
vn -0.958671 0.0391407 0.281813 
vn -0.939946 0.0469551 0.338077 
vn -0.920948 0.0536084 0.38598 
vn -0.937263 0.0479596 0.345309 
vn -0.929948 0.0505828 0.364196 
vn -0.899939 0.0599819 0.431869 
vn -0.922014 0.0532606 0.383476 
vn -0.875889 0.0663786 0.477926 
vn -0.893194 0.0618605 0.445396 
vn -0.886976 0.0635313 0.457425 
vn -0.849849 0.0725022 0.522016 
vn -0.874195 0.0667998 0.480959 
vn -0.849849 0.0725022 0.522016 
vn -0.821132 0.0785155 0.565312 
vn -0.838322 0.0749989 0.539992 
vn -0.834678 0.0757642 0.545503 
vn -0.790795 0.084203 0.606262 
vn -0.822459 0.0782523 0.563417 
vn -0.772452 0.0873659 0.629035 
vn -0.773226 0.0872363 0.628101 
vn -0.723989 0.0948962 0.683253 
vn -0.762892 0.0889415 0.640379 
vn -0.702477 0.0979083 0.70494 
vn -0.648717 0.104694 0.753794 
vn -0.698707 0.0984175 0.708606 
vn -0.723989 0.0948962 0.683253 
vn -0.699355 0.0983304 0.707979 
vn -0.635476 0.106219 0.764779 
vn -0.615468 0.108426 0.780669 
vn -0.566244 0.113389 0.816401 
vn -0.648717 0.104694 0.753794 
vn -0.619351 0.108007 0.77765 
vn -0.551513 0.114755 0.826235 
vn -0.524233 0.11715 0.843478 
vn -0.478918 0.120766 0.869513 
vn -0.566244 0.113389 0.816401 
vn -0.535875 0.116149 0.83627 
vn -0.461704 0.122028 0.8786 
vn -0.385817 0.126917 0.913804 
vn -0.425415 0.124499 0.896394 
vn -0.478918 0.120766 0.869513 
vn -0.446406 0.1231 0.886323 
vn -0.367958 0.127917 0.921002 
vn -0.287743 0.13175 0.948602 
vn -0.318688 0.130395 0.938848 
vn -0.385817 0.126917 0.913804 
vn -0.352883 0.128718 0.926771 
vn -0.269651 0.132473 0.953803 
vn -0.187999 0.135115 0.972831 
vn -0.200679 0.13477 0.970343 
vn -0.287743 0.13175 0.948602 
vn -0.253423 0.133078 0.958158 
vn -0.167832 0.135617 0.976443 
vn -0.138453 0.136243 0.980953 
vn -0.0857802 0.137061 0.986841 
vn -0.112617 0.136693 0.984191 
vn -0.187999 0.135115 0.972831 
vn -0.151188 0.135987 0.979107 
vn 0.00889933 0.137563 0.990453 
vn 0.00888457 0.137563 0.990453 
vn 0.0177511 0.137547 0.990336 
vn 1.03163e-06 0.137568 0.990492 
vn -0.0445341 0.137432 0.98951 
vn -0.0657521 0.137271 0.988349 
vn -0.0336001 0.137491 0.989933 
vn 1.03789e-06 0.137568 0.990492 
vn -0.0113402 0.13756 0.990429 
vn -0.0225378 0.137533 0.990241 
vn -0.0857802 0.137061 0.986841 
vn -0.0113099 0.13756 0.990429 
vn -0.0224611 0.137534 0.990242 
vn -0.0112342 0.13756 0.99043 
vn -0.0334627 0.137491 0.989938 
vn 1.03163e-06 0.137568 0.990492 
vn 0.0177511 0.137547 0.990336 
vn -0.0857802 0.137061 0.986841 
vn -0.0653405 0.137274 0.988376 
vn -0.0492155 0.137402 0.989292 
vn -0.0655655 0.137272 0.988361 
vn -0.0550527 0.13736 0.98899 
vn -0.0443234 0.137433 0.989519 
vn -0.0225681 0.137533 0.99024 
vn -0.011314 0.13756 0.990429 
vn -0.0336183 0.137491 0.989932 
vn 0.00893444 0.137563 0.990453 
vn -0.0654855 0.137273 0.988366 
vn -0.0444399 0.137432 0.989514 
vn 1.03163e-06 0.137568 0.990492 
vn 0.0202466 0.13754 0.990289 
vn 0.0587818 0.13733 0.98878 
vn 0.0453285 0.137427 0.989474 
vn 0.0968273 0.136922 0.985838 
vn 0.0718404 0.137213 0.987933 
vn 0.0528025 0.137376 0.989111 
vn 0.120708 0.136562 0.98325 
vn 0.0316527 0.137499 0.989996 
vn 0.200917 0.134763 0.970295 
vn 0.172853 0.135498 0.975583 
vn 0.124273 0.136502 0.982814 
vn 0.222297 0.134126 0.965709 
vn 0.155639 0.135892 0.978422 
vn 0.226125 0.134005 0.964837 
vn 0.322631 0.130212 0.937526 
vn 0.31908 0.130377 0.938717 
vn 0.255794 0.132992 0.95754 
vn 0.322631 0.130212 0.937526 
vn 0.324681 0.130115 0.936831 
vn 0.419174 0.124899 0.899274 
vn 0.354113 0.128654 0.926311 
vn 0.419174 0.124899 0.899274 
vn 0.421121 0.124775 0.898381 
vn 0.510346 0.118305 0.851793 
vn 0.4256 0.124487 0.896308 
vn 0.44865 0.122946 0.88521 
vn 0.510346 0.118305 0.851793 
vn 0.512688 0.118113 0.850412 
vn 0.596997 0.110363 0.794616 
vn 0.524281 0.117146 0.843449 
vn 0.53971 0.115812 0.833847 
vn 0.596997 0.110363 0.794616 
vn 0.597893 0.110272 0.793955 
vn 0.677505 0.101184 0.728525 
vn 0.615478 0.108425 0.780661 
vn 0.62028 0.107906 0.776923 
vn 0.677505 0.101184 0.728525 
vn 0.677536 0.10118 0.728496 
vn 0.749881 0.0910114 0.655282 
vn 0.698685 0.0984205 0.708627 
vn 0.699865 0.0982616 0.707484 
vn 0.81445 0.0798218 0.574717 
vn 0.770357 0.0877154 0.631551 
vn 0.813891 0.0799296 0.575493 
vn 0.749881 0.0910114 0.655282 
vn 0.749977 0.0909966 0.655175 
vn 0.773198 0.087241 0.628135 
vn 0.81445 0.0798218 0.574717 
vn 0.843516 0.0738886 0.531998 
vn 0.838314 0.0750006 0.540004 
vn 0.870665 0.0676667 0.4872 
vn 0.829241 0.0768858 0.553577 
vn 0.86933 0.0679907 0.489533 
vn 0.870665 0.0676667 0.4872 
vn 0.894666 0.0614567 0.442488 
vn 0.893196 0.0618601 0.445393 
vn 0.916724 0.0549614 0.395722 
vn 0.875821 0.0663955 0.478048 
vn 0.916026 0.0551811 0.397304 
vn 0.916724 0.0549614 0.395722 
vn 0.953091 0.0416398 0.299806 
vn 0.919352 0.0541245 0.389696 
vn 0.952464 0.0419104 0.301755 
vn 0.937262 0.0479598 0.345311 
vn 0.935958 0.0484394 0.348763 
vn 0.953091 0.0416398 0.299806 
vn 0.979477 0.0277275 0.199638 
vn 0.955502 0.0405808 0.292182 
vn 0.978657 0.0282705 0.203548 
vn 0.969952 0.03347 0.240984 
vn 0.967566 0.0347522 0.250216 
vn 0.979477 0.0277275 0.199638 
vn 0.995108 0.0135911 0.097856 
vn 0.979933 0.0274208 0.19743 
vn 0.994658 0.0142008 0.102246 
vn 0.994988 0.0137558 0.0990414 
vn 0.990852 0.0185648 0.133667 
vn 0.988585 0.0207266 0.149231 
vn 0.995108 0.0135911 0.097856 
vn 1 6.52767e-10 4.69992e-09 
vn 0.999689 0.00343052 0.0246998 
vn 0.998768 0.00682719 0.0491558 
vn 1 -5.856e-23 1.69869e-23 
vn -1 5.856e-23 -1.69869e-23 
vn -4.00107e-24 -0.21497 -0.976621 
vn -1.05559e-23 -0.108119 -0.994138 
vn -1.69869e-23 -1.36342e-16 -1 
vn 4.00107e-24 0.21497 0.976621 
vn 1.05559e-23 0.108119 0.994138 
vn 1.69869e-23 1.38778e-17 1 
vn 2.09033e-24 -0.311354 -0.950294 
vn 2.60058e-24 -0.319301 -0.947653 
vn 3.42929e-25 -0.283989 -0.958827 
vn 7.16594e-25 -0.28986 -0.957069 
vn 1.14072e-24 -0.296511 -0.955029 
vn 4.149e-26 -0.279246 -0.96022 
vn -1.88549e-25 -0.275621 -0.961266 
vn -3.34887e-25 -0.273313 -0.961925 
vn -3.85103e-25 -0.272521 -0.96215 
vn 2.60063e-24 -0.319302 -0.947653 
vn 4.24562e-24 -0.344789 -0.93868 
vn 9.17184e-24 -0.419889 -0.907575 
vn 1.56355e-23 -0.515554 -0.856857 
vn 9.48912e-24 -0.424662 -0.905352 
vn 1.51809e-23 -0.508935 -0.860805 
vn 9.17224e-24 -0.419895 -0.907573 
vn 1.56348e-23 -0.515543 -0.856864 
vn 2.0988e-23 -0.592153 -0.805826 
vn 2.19159e-23 -0.605174 -0.796093 
vn 2.19148e-23 -0.605159 -0.796105 
vn 2.66027e-23 -0.669701 -0.742631 
vn 2.79393e-23 -0.687699 -0.725995 
vn 2.79382e-23 -0.687684 -0.72601 
vn 3.19996e-23 -0.741173 -0.671314 
vn 3.36352e-23 -0.762162 -0.647386 
vn 3.36345e-23 -0.762153 -0.647397 
vn 3.67892e-23 -0.801641 -0.597806 
vn 3.89367e-23 -0.827689 -0.561187 
vn 3.89364e-23 -0.827685 -0.561193 
vn 4.1556e-23 -0.858423 -0.512943 
vn 4.37817e-23 -0.883512 -0.468408 
vn 4.81134e-23 -0.928977 -0.370138 
vn 4.58572e-23 -0.905915 -0.42346 
vn 4.7832e-23 -0.926183 -0.377073 
vn 4.37817e-23 -0.883512 -0.468408 
vn 4.81133e-23 -0.928976 -0.370141 
vn 4.97254e-23 -0.944461 -0.328623 
vn 5.18811e-23 -0.96355 -0.267528 
vn 5.14592e-23 -0.959982 -0.280062 
vn 5.1881e-23 -0.963549 -0.267531 
vn 5.30808e-23 -0.973173 -0.230075 
vn 5.50404e-23 -0.986827 -0.161782 
vn 5.45191e-23 -0.983489 -0.180969 
vn 5.50404e-23 -0.986826 -0.161784 
vn 5.58382e-23 -0.991425 -0.130673 
vn 5.75545e-23 -0.998533 -0.0541389 
vn 5.70058e-23 -0.996767 -0.0803488 
vn 5.856e-23 -1 -1.38778e-17 
vn 5.75545e-23 -0.998533 -0.0541387 
vn 5.80393e-23 -0.999574 -0.0291883 
vn 5.93938e-23 -0.998533 0.0541389 
vn 5.89201e-23 -0.999757 0.0220344 
vn 6.05368e-23 -0.986827 0.161782 
vn 5.96483e-23 -0.997306 0.0733484 
vn 6.02104e-23 -0.992335 0.123577 
vn 5.93938e-23 -0.998533 0.0541409 
vn 6.097e-23 -0.96355 0.267528 
vn 6.06218e-23 -0.984764 0.173896 
vn 6.08767e-23 -0.974611 0.223904 
vn 6.05368e-23 -0.986826 0.161785 
vn 6.06884e-23 -0.928977 0.370138 
vn 6.09117e-23 -0.946832 0.321728 
vn 6.06922e-23 -0.929213 0.369544 
vn 6.09729e-23 -0.962117 0.272635 
vn 6.097e-23 -0.963549 0.267531 
vn 5.96953e-23 -0.883512 0.468408 
vn 6.03167e-23 -0.909256 0.416237 
vn 5.97884e-23 -0.887061 0.461653 
vn 6.06884e-23 -0.928977 0.370138 
vn 5.80023e-23 -0.827689 0.561187 
vn 5.90999e-23 -0.86235 0.506313 
vn 5.82769e-23 -0.835985 0.548753 
vn 5.96953e-23 -0.883513 0.468406 
vn 5.56293e-23 -0.762162 0.647386 
vn 5.72774e-23 -0.806657 0.59102 
vn 5.61456e-23 -0.775703 0.631099 
vn 5.80024e-23 -0.827691 0.561185 
vn 5.26041e-23 -0.687699 0.725995 
vn 5.56294e-23 -0.762163 0.647385 
vn 5.4848e-23 -0.742213 0.670164 
vn 5.34375e-23 -0.707535 0.706678 
vn 4.89622e-23 -0.605174 0.796093 
vn 5.26048e-23 -0.687714 0.725981 
vn 5.02142e-23 -0.632894 0.774239 
vn 4.47462e-23 -0.515554 0.856857 
vn 4.89628e-23 -0.605187 0.796083 
vn 4.64442e-23 -0.551041 0.834478 
vn 4.00056e-23 -0.419889 0.907575 
vn 4.47466e-23 -0.515562 0.856852 
vn 4.21963e-23 -0.463534 0.886079 
vn 3.4796e-23 -0.319302 0.947653 
vn 4.00057e-23 -0.41989 0.907575 
vn 3.76145e-23 -0.373206 0.927748 
vn 2.91784e-23 -0.21497 0.976621 
vn 3.47956e-23 -0.319294 0.947656 
vn 3.26872e-23 -0.279682 0.960093 
vn 2.32188e-23 -0.108119 0.994138 
vn 2.91776e-23 -0.214955 0.976624 
vn 2.75443e-23 -0.185307 0.982681 
vn 1.78616e-23 -0.0149703 0.999888 
vn 1.7613e-23 -0.0107082 0.999943 
vn 1.73982e-23 -0.00703087 0.999975 
vn 1.84349e-23 -0.0248165 0.999692 
vn 1.7224e-23 -0.00405091 0.999992 
vn 1.70946e-23 -0.00184053 0.999998 
vn 1.70144e-23 -0.000469324 1 
vn 2.25812e-23 -0.0968967 0.995294 
vn 2.03769e-23 -0.0583835 0.998294 
vn 1.93575e-23 -0.0407215 0.999171 
vn 2.32181e-23 -0.108107 0.994139 
vn -2.10575e-24 0.311594 0.950215 
vn -2.60063e-24 0.319302 0.947653 
vn -1.12815e-24 0.296314 0.955091 
vn -5.25599e-25 0.286861 0.957972 
vn 2.71816e-25 0.274308 0.961642 
vn 1.35836e-25 0.276452 0.961028 
vn 3.56466e-25 0.272973 0.962022 
vn 3.85103e-25 0.272521 0.96215 
vn -4.57998e-26 0.279313 0.9602 
vn -2.60063e-24 0.319302 0.947653 
vn -3.18394e-24 0.328363 0.944552 
vn -9.17184e-24 0.419889 0.907575 
vn -5.52478e-24 0.364468 0.931216 
vn -9.17251e-24 0.419899 0.907571 
vn -1.09202e-23 0.446094 0.894986 
vn -1.56355e-23 0.515554 0.856857 
vn -1.56366e-23 0.515569 0.856848 
vn -1.66832e-23 0.530741 0.847534 
vn -2.19159e-23 0.605174 0.796093 
vn -2.79393e-23 0.687699 0.725995 
vn -2.23982e-23 0.611911 0.790927 
vn -2.79217e-23 0.687464 0.726219 
vn -2.19166e-23 0.605185 0.796085 
vn -2.79393e-23 0.687699 0.725996 
vn -3.32772e-23 0.757597 0.652723 
vn -3.36352e-23 0.762162 0.647386 
vn -3.36345e-23 0.762154 0.647396 
vn -3.82912e-23 0.819935 0.572457 
vn -3.89367e-23 0.827689 0.561187 
vn -3.89358e-23 0.827678 0.561203 
vn -4.28683e-23 0.873339 0.487113 
vn -4.37817e-23 0.883512 0.468408 
vn -4.37817e-23 0.883512 0.468409 
vn -4.50001e-23 0.89679 0.442457 
vn -4.81134e-23 0.928977 0.370138 
vn -4.70537e-23 0.91833 0.395816 
vn -4.81135e-23 0.928977 0.370137 
vn -4.89485e-23 0.937113 0.349026 
vn -5.18811e-23 0.96355 0.267528 
vn -5.0761e-23 0.953889 0.300159 
vn -5.18811e-23 0.963551 0.267526 
vn -5.23932e-23 0.967758 0.251883 
vn -5.50404e-23 0.986827 0.161782 
vn -5.39088e-23 0.979295 0.202437 
vn -5.50405e-23 0.986827 0.161779 
vn -5.5272e-23 0.988229 0.152984 
vn -5.75545e-23 0.998533 0.0541389 
vn -5.65144e-23 0.994751 0.102327 
vn -5.75545e-23 0.998533 0.0541374 
vn -5.76101e-23 0.99868 0.0513725 
vn -5.93938e-23 0.998533 -0.0541389 
vn -5.8558e-23 1 0.000119001 
vn -5.93421e-23 0.998728 -0.0504241 
vn -5.93938e-23 0.998534 -0.054137 
vn -5.99769e-23 0.994881 -0.101055 
vn -6.05368e-23 0.986827 -0.161782 
vn -6.0455e-23 0.988507 -0.151172 
vn -6.097e-23 0.96355 -0.267528 
vn -6.07803e-23 0.979547 -0.201215 
vn -6.095e-23 0.967857 -0.251503 
vn -6.05368e-23 0.986827 -0.161779 
vn -6.06884e-23 0.928977 -0.370138 
vn -6.09581e-23 0.953786 -0.300488 
vn -6.08072e-23 0.937186 -0.348829 
vn -6.097e-23 0.963551 -0.267526 
vn -5.96953e-23 0.883512 -0.468408 
vn -6.05003e-23 0.918289 -0.395911 
vn -6.00369e-23 0.896994 -0.442043 
vn -6.06884e-23 0.928977 -0.370137 
vn -5.80023e-23 0.827689 -0.561187 
vn -5.94257e-23 0.873638 -0.486576 
vn -5.86381e-23 0.847241 -0.531209 
vn -5.96953e-23 0.883511 -0.46841 
vn -5.56293e-23 0.762162 -0.647386 
vn -5.7713e-23 0.819156 -0.57357 
vn -5.66221e-23 0.7885 -0.615035 
vn -5.80023e-23 0.827688 -0.561189 
vn -5.26041e-23 0.687699 -0.725995 
vn -5.56293e-23 0.76216 -0.647388 
vn -5.53993e-23 0.756224 -0.654312 
vn -4.89622e-23 0.605174 -0.796093 
vn -5.2538e-23 0.686144 -0.727466 
vn -4.91085e-23 0.608384 -0.793643 
vn -5.2604e-23 0.687696 -0.725999 
vn -4.47462e-23 0.515554 -0.856857 
vn -4.89624e-23 0.60518 -0.796089 
vn -4.54499e-23 0.530173 -0.84789 
vn -4.00056e-23 0.419889 -0.907575 
vn -4.47471e-23 0.515572 -0.856846 
vn -4.11195e-23 0.44197 -0.89703 
vn -3.4796e-23 0.319302 -0.947653 
vn -4.00065e-23 0.419907 -0.907567 
vn -3.64156e-23 0.350136 -0.936699 
vn -2.91784e-23 0.21497 -0.976621 
vn -3.47968e-23 0.319317 -0.947648 
vn -3.13627e-23 0.255085 -0.966919 
vn -2.32188e-23 0.108119 -0.994138 
vn -2.91787e-23 0.214976 -0.976619 
vn -2.62415e-23 0.161861 -0.986814 
vn -1.84409e-23 0.024919 -0.999689 
vn -1.80408e-23 0.0180443 -0.999837 
vn -1.93396e-23 0.0404125 -0.999183 
vn -1.76849e-23 0.0119398 -0.999929 
vn -1.73936e-23 0.00695138 -0.999976 
vn -2.13843e-23 0.0759291 -0.997113 
vn -2.32183e-23 0.108111 -0.994139 
vn -1.71735e-23 0.00318772 -0.999995 
vn -1.70349e-23 0.000819175 -1 
vn -1.69869e-23 -1.38778e-17 -1 
vn 1.69869e-23 1.38778e-17 1 
vn -1 5.856e-23 -1.69869e-23 
vn -1.69869e-23 -1.38778e-17 -1 
vn -1.05559e-23 -0.108119 -0.994138 
vn -4.00107e-24 -0.21497 -0.976621 
vn 1.69869e-23 1.38778e-17 1 
vn 1.05559e-23 0.108119 0.994138 
vn 4.00107e-24 0.21497 0.976621 
vn -2.32188e-23 0.108119 -0.994138 
vn -1.97308e-23 0.0471793 -0.998886 
vn -2.19625e-23 0.0860409 -0.996292 
vn -1.80803e-23 0.0187227 -0.999825 
vn -1.88561e-23 0.0320693 -0.999486 
vn -1.74553e-23 0.00800797 -0.999968 
vn -1.77443e-23 0.0129584 -0.999916 
vn -1.72279e-23 0.00411807 -0.999992 
vn -1.70084e-23 0.000367171 -1 
vn -1.70714e-23 0.00144384 -0.999999 
vn -2.32188e-23 0.108119 -0.994138 
vn -2.43298e-23 0.127769 -0.991804 
vn -2.91784e-23 0.21497 -0.976621 
vn -3.4796e-23 0.319302 -0.947653 
vn -2.94471e-23 0.219876 -0.975528 
vn -3.44874e-23 0.313467 -0.949599 
vn -2.91788e-23 0.214978 -0.976619 
vn -3.47955e-23 0.319292 -0.947657 
vn -3.92921e-23 0.405861 -0.913935 
vn -4.00056e-23 0.419889 -0.907575 
vn -4.00047e-23 0.419871 -0.907584 
vn -4.38111e-23 0.496312 -0.868144 
vn -4.47462e-23 0.515554 -0.856857 
vn -4.47453e-23 0.515535 -0.856868 
vn -4.78631e-23 0.581302 -0.813688 
vn -4.89622e-23 0.605174 -0.796093 
vn -4.89615e-23 0.605158 -0.796105 
vn -5.14411e-23 0.660683 -0.750665 
vn -5.26041e-23 0.687699 -0.725995 
vn -5.26036e-23 0.687688 -0.726006 
vn -5.45149e-23 0.733879 -0.67928 
vn -5.56293e-23 0.762162 -0.647386 
vn -5.56294e-23 0.762164 -0.647384 
vn -5.5824e-23 0.767232 -0.64137 
vn -5.80023e-23 0.827689 -0.561187 
vn -5.70056e-23 0.799037 -0.601282 
vn -5.80023e-23 0.827689 -0.561187 
vn -5.80145e-23 0.828054 -0.560649 
vn -5.96953e-23 0.883512 -0.468408 
vn -5.8893e-23 0.855467 -0.517858 
vn -5.96152e-23 0.88052 -0.474008 
vn -5.96953e-23 0.883511 -0.468411 
vn -6.01961e-23 0.903796 -0.427964 
vn -6.06884e-23 0.928977 -0.370138 
vn -6.06118e-23 0.92438 -0.381472 
vn -6.06884e-23 0.928976 -0.370141 
vn -6.08718e-23 0.942671 -0.333724 
vn -6.097e-23 0.96355 -0.267528 
vn -6.09722e-23 0.958227 -0.286009 
vn -6.097e-23 0.963549 -0.26753 
vn -6.09177e-23 0.971499 -0.237046 
vn -6.05368e-23 0.986827 -0.161782 
vn -6.07079e-23 0.982218 -0.187742 
vn -5.93938e-23 0.998533 -0.0541389 
vn -6.03401e-23 0.990492 -0.137568 
vn -5.98418e-23 0.996014 -0.0891983 
vn -6.05368e-23 0.986827 -0.161782 
vn -5.75545e-23 0.998533 0.0541389 
vn -5.93938e-23 0.998534 -0.0541364 
vn -5.9206e-23 0.999163 -0.0409104 
vn -5.8385e-23 0.999949 0.0101297 
vn -5.50404e-23 0.986827 0.161782 
vn -5.74132e-23 0.998133 0.0610796 
vn -5.62731e-23 0.993632 0.112678 
vn -5.75545e-23 0.998533 0.0541417 
vn -5.18811e-23 0.96355 0.267528 
vn -5.35897e-23 0.976992 0.213278 
vn -5.20535e-23 0.964983 0.262314 
vn -5.50067e-23 0.986618 0.16305 
vn -5.50404e-23 0.986826 0.161783 
vn -4.81134e-23 0.928977 0.370138 
vn -5.03575e-23 0.950268 0.311432 
vn -4.85709e-23 0.933463 0.358674 
vn -5.18811e-23 0.963551 0.267526 
vn -4.37817e-23 0.883512 0.468408 
vn -4.81135e-23 0.928978 0.370135 
vn -4.65881e-23 0.913546 0.406735 
vn -4.45241e-23 0.891644 0.452737 
vn -3.89367e-23 0.827689 0.561187 
vn -4.37827e-23 0.883523 0.468389 
vn -4.00472e-23 0.840867 0.541242 
vn -3.36352e-23 0.762162 0.647386 
vn -3.89377e-23 0.827701 0.561169 
vn -3.51773e-23 0.781635 0.623736 
vn -2.79393e-23 0.687699 0.725995 
vn -3.36362e-23 0.762175 0.647371 
vn -2.99017e-23 0.713778 0.700372 
vn -2.19159e-23 0.605174 0.796093 
vn -2.79401e-23 0.68771 0.725986 
vn -2.43678e-23 0.639198 0.769042 
vn -1.56355e-23 0.515554 0.856857 
vn -2.19162e-23 0.605179 0.796089 
vn -1.87071e-23 0.559814 0.828619 
vn -9.17184e-24 0.419889 0.907575 
vn -1.56353e-23 0.515551 0.856859 
vn -1.29321e-23 0.475949 0.879473 
vn -2.60063e-24 0.319302 0.947653 
vn -9.17108e-24 0.419878 0.907581 
vn -7.30494e-24 0.391647 0.920116 
vn -4.76866e-24 0.352851 0.93568 
vn 4.00107e-24 0.21497 0.976621 
vn 3.14878e-25 0.273629 0.961835 
vn 3.67409e-25 0.2728 0.962071 
vn 1.62014e-25 0.276039 0.961146 
vn -7.00308e-25 0.289604 0.957146 
vn -3.5553e-25 0.284187 0.958769 
vn -6.49291e-26 0.279615 0.960112 
vn -2.42207e-24 0.316523 0.948585 
vn -1.509e-24 0.302275 0.953221 
vn -2.60059e-24 0.319301 0.947653 
vn 2.32188e-23 -0.108119 0.994138 
vn 1.96646e-23 -0.0460331 0.99894 
vn 2.18794e-23 -0.0845865 0.996416 
vn 1.80276e-23 -0.0178179 0.999841 
vn 1.8795e-23 -0.0310164 0.999519 
vn 1.74168e-23 -0.00734976 0.999973 
vn 1.76976e-23 -0.0121583 0.999926 
vn 1.71994e-23 -0.00363157 0.999993 
vn 1.7004e-23 -0.000292488 1 
vn 1.70543e-23 -0.00115174 0.999999 
vn 2.32188e-23 -0.108119 0.994138 
vn 2.42341e-23 -0.126072 0.992021 
vn 2.91784e-23 -0.21497 0.976621 
vn 3.4796e-23 -0.319302 0.947653 
vn 2.93586e-23 -0.218259 0.975891 
vn 3.44525e-23 -0.312809 0.949816 
vn 2.91787e-23 -0.214976 0.976619 
vn 3.47954e-23 -0.319291 0.947657 
vn 3.92699e-23 -0.405424 0.914129 
vn 4.00056e-23 -0.419889 0.907575 
vn 4.00047e-23 -0.419871 0.907584 
vn 4.37908e-23 -0.495895 0.868382 
vn 4.47462e-23 -0.515554 0.856857 
vn 4.47453e-23 -0.515535 0.856869 
vn 4.78987e-23 -0.582069 0.813139 
vn 4.89622e-23 -0.605174 0.796093 
vn 4.89614e-23 -0.605158 0.796106 
vn 5.14785e-23 -0.66154 0.74991 
vn 5.26041e-23 -0.687699 0.725995 
vn 5.26036e-23 -0.687687 0.726007 
vn 5.45404e-23 -0.734515 0.678592 
vn 5.56293e-23 -0.762162 0.647386 
vn 5.56294e-23 -0.762164 0.647384 
vn 5.58628e-23 -0.768247 0.640154 
vn 5.80023e-23 -0.827689 0.561187 
vn 5.7054e-23 -0.800385 0.599486 
vn 5.80024e-23 -0.82769 0.561186 
vn 5.80626e-23 -0.829492 0.558519 
vn 5.96953e-23 -0.883512 0.468408 
vn 5.89387e-23 -0.856972 0.515363 
vn 5.96495e-23 -0.881795 0.471634 
vn 5.96953e-23 -0.883511 0.46841 
vn 6.02197e-23 -0.90484 0.425752 
vn 6.06884e-23 -0.928977 0.370138 
vn 6.063e-23 -0.925437 0.378902 
vn 6.06884e-23 -0.928976 0.370141 
vn 6.08825e-23 -0.943708 0.33078 
vn 6.097e-23 -0.96355 0.267528 
vn 6.09735e-23 -0.959269 0.282494 
vn 6.05368e-23 -0.986827 0.161782 
vn 6.0906e-23 -0.972493 0.232931 
vn 6.06955e-23 -0.982619 0.185632 
vn 6.097e-23 -0.963549 0.267531 
vn 6.05368e-23 -0.986827 0.161782 
vn 6.03401e-23 -0.990492 0.137568 
vn 5.93938e-23 -0.998533 0.0541389 
vn 5.98168e-23 -0.996201 0.0870793 
vn 5.75545e-23 -0.998533 -0.0541389 
vn 5.91437e-23 -0.999327 0.0366801 
vn 5.832e-23 -0.999905 -0.0138018 
vn 5.856e-23 -1 -1.38778e-17 
vn 5.93938e-23 -0.998534 0.0541367 
vn 5.50404e-23 -0.986827 -0.161782 
vn 5.73488e-23 -0.997937 -0.0641952 
vn 5.62076e-23 -0.993314 -0.11544 
vn 5.75544e-23 -0.998533 -0.054142 
vn 5.18811e-23 -0.96355 -0.267528 
vn 5.35116e-23 -0.976417 -0.215894 
vn 5.19608e-23 -0.964214 -0.265124 
vn 5.49422e-23 -0.986216 -0.165462 
vn 5.50404e-23 -0.986826 -0.161784 
vn 4.81134e-23 -0.928977 -0.370138 
vn 5.02685e-23 -0.94946 -0.313887 
vn 4.8488e-23 -0.932655 -0.360769 
vn 5.18811e-23 -0.96355 -0.267527 
vn 4.37817e-23 -0.883512 -0.468408 
vn 4.81135e-23 -0.928978 -0.370135 
vn 4.65261e-23 -0.912904 -0.408174 
vn 4.44851e-23 -0.89122 -0.453572 
vn 3.89367e-23 -0.827689 -0.561187 
vn 4.37826e-23 -0.883522 -0.468389 
vn 3.99946e-23 -0.840248 -0.542202 
vn 3.36352e-23 -0.762162 -0.647386 
vn 3.89377e-23 -0.827701 -0.561169 
vn 3.51302e-23 -0.781046 -0.624473 
vn 2.79393e-23 -0.687699 -0.725995 
vn 3.36361e-23 -0.762175 -0.647372 
vn 2.99272e-23 -0.714114 -0.700029 
vn 2.19159e-23 -0.605174 -0.796093 
vn 2.79401e-23 -0.68771 -0.725986 
vn 2.43945e-23 -0.639565 -0.768737 
vn 1.56355e-23 -0.515554 -0.856857 
vn 2.19162e-23 -0.605179 -0.79609 
vn 1.87473e-23 -0.560388 -0.82823 
vn 9.17184e-24 -0.419889 -0.907575 
vn 1.56353e-23 -0.51555 -0.85686 
vn 1.30308e-23 -0.477405 -0.878683 
vn 2.60063e-24 -0.319302 -0.947653 
vn 9.17102e-24 -0.419877 -0.907581 
vn 7.40847e-24 -0.39322 -0.919444 
vn 4.85677e-24 -0.354207 -0.935167 
vn -4.00107e-24 -0.21497 -0.976621 
vn -2.97068e-25 -0.27391 -0.961755 
vn -3.62908e-25 -0.272871 -0.962051 
vn -1.32501e-25 -0.276504 -0.961013 
vn 7.55683e-25 -0.290474 -0.956883 
vn 4.03675e-25 -0.284944 -0.958544 
vn 2.49198e-24 -0.317611 -0.948221 
vn 1.57335e-24 -0.303281 -0.952901 
vn 2.6006e-24 -0.319301 -0.947653 
vn 1.04514e-25 -0.280238 -0.959931 
vn -3.85103e-25 -0.272521 -0.96215 
vn 3.85103e-25 0.272521 0.96215 
vn 1 -5.856e-23 1.69869e-23 
vn -0.0541389 0.998533 1.38574e-17 
vn -9.12671e-15 1 1.38778e-17 
vn -0.108119 0.994138 1.37964e-17 
vn -0.161782 0.986827 1.3695e-17 
vn -0.21497 0.976621 1.35533e-17 
vn -0.267528 0.96355 1.33719e-17 
vn -0.319302 0.947653 1.31513e-17 
vn -0.370138 0.928977 1.28921e-17 
vn -0.419889 0.907575 1.25951e-17 
vn -0.468408 0.883512 1.22612e-17 
vn -0.515554 0.856857 1.18913e-17 
vn -0.561187 0.827689 1.14865e-17 
vn -0.605174 0.796093 1.1048e-17 
vn -0.647386 0.762162 1.05771e-17 
vn -0.687699 0.725995 1.00752e-17 
vn -0.725995 0.687699 9.54373e-18 
vn -0.762162 0.647386 8.98428e-18 
vn -0.796093 0.605174 8.39847e-18 
vn -0.827689 0.561187 7.78802e-18 
vn -0.856857 0.515554 7.15473e-18 
vn -0.883512 0.468408 6.50046e-18 
vn -0.907575 0.419889 5.82712e-18 
vn -0.928977 0.370138 5.13668e-18 
vn -0.947653 0.319302 4.43118e-18 
vn -0.96355 0.267528 3.71269e-18 
vn -0.976621 0.21497 2.9833e-18 
vn -0.986827 0.161782 2.24516e-18 
vn -0.994138 0.108119 1.50044e-18 
vn -0.998533 0.0541389 7.51311e-19 
vn -1 5.856e-23 -1.69869e-23 
vn -0.998533 -0.0541389 -7.51345e-19 
vn -0.994138 -0.108119 -1.50047e-18 
vn -0.986827 -0.161782 -2.24519e-18 
vn -0.976621 -0.21497 -2.98333e-18 
vn -0.96355 -0.267528 -3.71272e-18 
vn -0.947653 -0.319302 -4.43121e-18 
vn -0.928977 -0.370138 -5.13671e-18 
vn -0.96355 -0.267528 -3.71272e-18 
vn -0.907575 -0.419889 -5.82715e-18 
vn -0.883512 -0.468408 -6.50049e-18 
vn -0.856857 -0.515554 -7.15476e-18 
vn -0.827689 -0.561187 -7.78805e-18 
vn -0.883512 -0.468408 -6.50049e-18 
vn -0.796093 -0.605174 -8.39849e-18 
vn -0.762162 -0.647386 -8.9843e-18 
vn -0.827689 -0.561187 -7.78805e-18 
vn -0.725995 -0.687699 -9.54376e-18 
vn -0.687697 -0.725998 -1.00753e-17 
vn -0.762162 -0.647386 -8.9843e-18 
vn -0.632906 -0.774228 -1.07446e-17 
vn -0.652523 -0.757769 -1.05162e-17 
vn -0.605165 -0.7961 -1.10481e-17 
vn -0.687699 -0.725995 -1.00752e-17 
vn -0.647386 -0.762162 -1.05771e-17 
vn -0.515539 -0.856866 -1.18914e-17 
vn -0.549283 -0.835636 -1.15968e-17 
vn -0.605174 -0.796093 -1.1048e-17 
vn -0.561187 -0.827689 -1.14865e-17 
vn -0.57302 -0.819541 -1.13734e-17 
vn -0.515554 -0.856857 -1.18913e-17 
vn -0.419874 -0.907582 -1.25952e-17 
vn -0.459713 -0.888068 -1.23244e-17 
vn -0.468408 -0.883512 -1.22612e-17 
vn -0.493392 -0.869807 -1.2071e-17 
vn -0.419889 -0.907575 -1.25951e-17 
vn -0.346376 -0.938096 -1.30187e-17 
vn -0.363768 -0.93149 -1.2927e-17 
vn -0.31931 -0.94765 -1.31513e-17 
vn -0.370138 -0.928977 -1.28921e-17 
vn -0.319302 -0.947653 -1.31513e-17 
vn -0.409321 -0.91239 -1.2662e-17 
vn -0.21496 -0.976623 -1.35534e-17 
vn -0.264701 -0.964331 -1.33828e-17 
vn -0.267528 -0.96355 -1.33719e-17 
vn -0.26898 -0.963146 -1.33663e-17 
vn -0.21497 -0.976621 -1.35533e-17 
vn -0.108436 -0.994103 -1.3796e-17 
vn -0.163365 -0.986566 -1.36914e-17 
vn -0.108119 -0.994138 -1.37964e-17 
vn -0.161782 -0.986827 -1.3695e-17 
vn -0.108119 -0.994138 -1.37964e-17 
vn -0.189797 -0.981823 -1.36255e-17 
vn -0.0569671 -0.998376 -1.38553e-17 
vn -0.0588002 -0.99827 -1.38538e-17 
vn 9.87862e-06 -1 -1.38778e-17 
vn -0.0541389 -0.998533 -1.38574e-17 
vn 1.22465e-16 -1 -1.38778e-17 
vn 0.0925192 -0.995711 -1.38183e-17 
vn 0.0200891 -0.999798 -1.3875e-17 
vn 0.0175864 -0.999845 -1.38756e-17 
vn 0.0541389 -0.998533 -1.38574e-17 
vn 0.108108 -0.994139 -1.37964e-17 
vn 0.108119 -0.994138 -1.37964e-17 
vn 0.168158 -0.98576 -1.36802e-17 
vn 0.123588 -0.992334 -1.37714e-17 
vn 0.183474 -0.983025 -1.36422e-17 
vn 0.161782 -0.986827 -1.3695e-17 
vn 0.214966 -0.976622 -1.35533e-17 
vn 0.21497 -0.976621 -1.35533e-17 
vn 0.258358 -0.966049 -1.34066e-17 
vn 0.226304 -0.974057 -1.35177e-17 
vn 0.267528 -0.96355 -1.33719e-17 
vn 0.319312 -0.94765 -1.31513e-17 
vn 0.319302 -0.947653 -1.31513e-17 
vn 0.327109 -0.944987 -1.31143e-17 
vn 0.370138 -0.928977 -1.28921e-17 
vn 0.332457 -0.943119 -1.30884e-17 
vn 0.419889 -0.907575 -1.25951e-17 
vn 0.419878 -0.90758 -1.25952e-17 
vn 0.405947 -0.913897 -1.26829e-17 
vn 0.477801 -0.878468 -1.21912e-17 
vn 0.423143 -0.906063 -1.25741e-17 
vn 0.514397 -0.857552 -1.19009e-17 
vn 0.468408 -0.883512 -1.22612e-17 
vn 0.515554 -0.856857 -1.18913e-17 
vn 0.515554 -0.856857 -1.18913e-17 
vn 0.601053 -0.79921 -1.10912e-17 
vn 0.561187 -0.827689 -1.14865e-17 
vn 0.605186 -0.796084 -1.10479e-17 
vn 0.55179 -0.833983 -1.15738e-17 
vn 0.605174 -0.796093 -1.1048e-17 
vn 0.660144 -0.751139 -1.04241e-17 
vn 0.62319 -0.782071 -1.08534e-17 
vn 0.680279 -0.732953 -1.01718e-17 
vn 0.647386 -0.762162 -1.05771e-17 
vn 0.68769 -0.726004 -1.00753e-17 
vn 0.687699 -0.725995 -1.00752e-17 
vn 0.752248 -0.65888 -9.14379e-18 
vn 0.725995 -0.687699 -9.54373e-18 
vn 0.762159 -0.64739 -8.98432e-18 
vn 0.762162 -0.647386 -8.98428e-18 
vn 0.731178 -0.682187 -9.46723e-18 
vn 0.796093 -0.605174 -8.39847e-18 
vn 0.82769 -0.561185 -7.78799e-18 
vn 0.816466 -0.577394 -8.01294e-18 
vn 0.796199 -0.605035 -8.39653e-18 
vn 0.827689 -0.561187 -7.78802e-18 
vn 0.856857 -0.515554 -7.15473e-18 
vn 0.883513 -0.468407 -6.50044e-18 
vn 0.871553 -0.490301 -6.80428e-18 
vn 0.854592 -0.5193 -7.20673e-18 
vn 0.907575 -0.419889 -5.82712e-18 
vn 0.884243 -0.467026 -6.48128e-18 
vn 0.928986 -0.370115 -5.13636e-18 
vn 0.916967 -0.398964 -5.53672e-18 
vn 0.883512 -0.468408 -6.50046e-18 
vn 0.947653 -0.319302 -4.43118e-18 
vn 0.933043 -0.359766 -4.99274e-18 
vn 0.963559 -0.267496 -3.71223e-18 
vn 0.953153 -0.302487 -4.19784e-18 
vn 0.928977 -0.370138 -5.13668e-18 
vn 0.976621 -0.21497 -2.9833e-18 
vn 0.986832 -0.161749 -2.24471e-18 
vn 0.979214 -0.202828 -2.81478e-18 
vn 0.96355 -0.267528 -3.71269e-18 
vn 0.969014 -0.247005 -3.42786e-18 
vn 0.994138 -0.108119 -1.50044e-18 
vn 0.998535 -0.0541184 -7.51026e-19 
vn 0.994774 -0.102097 -1.41687e-18 
vn 0.986827 -0.161782 -2.24516e-18 
vn 0.991476 -0.130292 -1.80815e-18 
vn 0.998533 0.0541389 7.51345e-19 
vn 1 -5.856e-23 1.69869e-23 
vn 0.999999 -0.00135046 -1.87244e-20 
vn 0.998533 -0.0541389 -7.51311e-19 
vn 0.986827 0.161782 2.24519e-18 
vn 0.998533 0.0541389 7.51345e-19 
vn 0.994138 0.108119 1.50047e-18 
vn 0.96355 0.267528 3.71272e-18 
vn 0.986827 0.161782 2.24519e-18 
vn 0.976621 0.21497 2.98333e-18 
vn 0.928977 0.370138 5.13671e-18 
vn 0.96355 0.267528 3.71272e-18 
vn 0.947653 0.319302 4.43121e-18 
vn 0.883512 0.468408 6.50049e-18 
vn 0.928977 0.370138 5.13671e-18 
vn 0.907575 0.419889 5.82715e-18 
vn 0.827689 0.561187 7.78805e-18 
vn 0.883512 0.468408 6.50049e-18 
vn 0.856857 0.515554 7.15476e-18 
vn 0.762162 0.647386 8.9843e-18 
vn 0.827689 0.561187 7.78805e-18 
vn 0.796093 0.605174 8.39849e-18 
vn 0.687699 0.725995 1.00752e-17 
vn 0.762162 0.647386 8.9843e-18 
vn 0.725995 0.687699 9.54376e-18 
vn 0.605174 0.796093 1.1048e-17 
vn 0.687699 0.725995 1.00752e-17 
vn 0.647386 0.762162 1.05771e-17 
vn 0.515554 0.856857 1.18913e-17 
vn 0.605174 0.796093 1.1048e-17 
vn 0.561187 0.827689 1.14865e-17 
vn 0.419889 0.907575 1.25951e-17 
vn 0.515554 0.856857 1.18913e-17 
vn 0.468408 0.883512 1.22612e-17 
vn 0.319302 0.947653 1.31513e-17 
vn 0.419889 0.907575 1.25951e-17 
vn 0.370138 0.928977 1.28921e-17 
vn 0.21497 0.976621 1.35533e-17 
vn 0.319302 0.947653 1.31513e-17 
vn 0.267528 0.96355 1.33719e-17 
vn 0.108119 0.994138 1.37964e-17 
vn 0.21497 0.976621 1.35533e-17 
vn 0.161782 0.986827 1.3695e-17 
vn -5.856e-23 1 1.38778e-17 
vn 0.108119 0.994138 1.37964e-17 
vn 0.0541389 0.998533 1.38574e-17 
vn 1.69869e-23 1.38778e-17 1 
vn 1 -5.856e-23 1.69869e-23 
vn -5.856e-23 1 1.38778e-17 
vn -5.75545e-23 0.998533 0.0541389 
vn -5.50404e-23 0.986827 0.161782 
vn -5.18811e-23 0.96355 0.267528 
vn -4.81134e-23 0.928977 0.370138 
vn -4.37817e-23 0.883512 0.468408 
vn -3.89367e-23 0.827689 0.561187 
vn -3.36352e-23 0.762162 0.647386 
vn -2.79393e-23 0.687699 0.725995 
vn -2.19159e-23 0.605174 0.796093 
vn -1.56355e-23 0.515554 0.856857 
vn -9.17184e-24 0.419889 0.907575 
vn -2.60063e-24 0.319302 0.947653 
vn 4.00107e-24 0.21497 0.976621 
vn 1.05559e-23 0.108119 0.994138 
vn 1.69869e-23 1.38778e-17 1 
vn -5.93938e-23 0.998533 -0.0541389 
vn -5.856e-23 1 1.38778e-17 
vn -6.00534e-23 0.994138 -0.108119 
vn -6.05368e-23 0.986827 -0.161782 
vn -6.08426e-23 0.976621 -0.21497 
vn -6.097e-23 0.96355 -0.267528 
vn -6.09186e-23 0.947653 -0.319302 
vn -6.06884e-23 0.928977 -0.370138 
vn -6.02803e-23 0.907575 -0.419889 
vn -5.96953e-23 0.883512 -0.468408 
vn -5.89353e-23 0.856857 -0.515554 
vn -5.80023e-23 0.827689 -0.561187 
vn -5.68993e-23 0.796093 -0.605174 
vn -5.56293e-23 0.762162 -0.647386 
vn -5.41962e-23 0.725995 -0.687699 
vn -5.26041e-23 0.687699 -0.725995 
vn -5.08577e-23 0.647386 -0.762162 
vn -4.89622e-23 0.605174 -0.796093 
vn -4.6923e-23 0.561187 -0.827689 
vn -4.47462e-23 0.515554 -0.856857 
vn -4.24381e-23 0.468408 -0.883512 
vn -4.00056e-23 0.419889 -0.907575 
vn -3.74557e-23 0.370138 -0.928977 
vn -3.4796e-23 0.319302 -0.947653 
vn -3.20342e-23 0.267528 -0.96355 
vn -2.91784e-23 0.21497 -0.976621 
vn -2.62371e-23 0.161782 -0.986827 
vn -2.32188e-23 0.108119 -0.994138 
vn -2.01324e-23 0.0541389 -0.998533 
vn -1.69869e-23 -1.36342e-16 -1 
vn -1.05559e-23 -0.108119 -0.994138 
vn -1.37916e-23 -0.0541389 -0.998533 
vn -4.00107e-24 -0.21497 -0.976621 
vn -1.05559e-23 -0.108119 -0.994138 
vn -7.28915e-24 -0.161782 -0.986827 
vn 2.60063e-24 -0.319302 -0.947653 
vn -4.00107e-24 -0.21497 -0.976621 
vn -7.01246e-25 -0.267528 -0.96355 
vn 9.17184e-24 -0.419889 -0.907575 
vn 2.60063e-24 -0.319302 -0.947653 
vn 5.89488e-24 -0.370138 -0.928977 
vn 1.56355e-23 -0.515554 -0.856857 
vn 9.17184e-24 -0.419889 -0.907575 
vn 1.24219e-23 -0.468408 -0.883512 
vn 2.19159e-23 -0.605174 -0.796093 
vn 1.56355e-23 -0.515554 -0.856857 
vn 1.88033e-23 -0.561187 -0.827689 
vn 2.79393e-23 -0.687699 -0.725995 
vn 2.19159e-23 -0.605174 -0.796093 
vn 2.49642e-23 -0.647386 -0.762162 
vn 3.08327e-23 -0.725998 -0.687697 
vn 3.32906e-23 -0.757769 -0.652523 
vn 3.36349e-23 -0.762159 -0.64739 
vn 3.36352e-23 -0.762162 -0.647386 
vn 2.79393e-23 -0.687699 -0.725995 
vn 3.67892e-23 -0.801641 -0.597806 
vn 3.89367e-23 -0.827689 -0.561187 
vn 3.89364e-23 -0.827685 -0.561193 
vn 4.1556e-23 -0.858423 -0.512943 
vn 4.37817e-23 -0.883512 -0.468408 
vn 4.81134e-23 -0.928977 -0.370138 
vn 4.58572e-23 -0.905915 -0.42346 
vn 4.78388e-23 -0.926251 -0.376907 
vn 4.37817e-23 -0.883512 -0.468408 
vn 4.81133e-23 -0.928976 -0.370141 
vn 4.97254e-23 -0.944461 -0.328623 
vn 5.18811e-23 -0.96355 -0.267528 
vn 5.14577e-23 -0.959969 -0.280107 
vn 5.1881e-23 -0.963549 -0.267531 
vn 5.30808e-23 -0.973173 -0.230075 
vn 5.50404e-23 -0.986827 -0.161782 
vn 5.45145e-23 -0.983458 -0.181134 
vn 5.50404e-23 -0.986826 -0.161784 
vn 5.58382e-23 -0.991425 -0.130673 
vn 5.75545e-23 -0.998533 -0.0541389 
vn 5.70114e-23 -0.996787 -0.0800926 
vn 5.856e-23 -1 -1.38778e-17 
vn 5.75545e-23 -0.998533 -0.0541387 
vn 5.80393e-23 -0.999574 -0.0291883 
vn 5.93938e-23 -0.998533 0.0541389 
vn 5.89182e-23 -0.99976 0.0219144 
vn 6.05368e-23 -0.986827 0.161782 
vn 5.96483e-23 -0.997306 0.0733484 
vn 6.02101e-23 -0.992339 0.123548 
vn 5.93938e-23 -0.998533 0.0541409 
vn 6.097e-23 -0.96355 0.267528 
vn 6.06218e-23 -0.984764 0.173896 
vn 6.08763e-23 -0.974641 0.223776 
vn 6.05368e-23 -0.986826 0.161785 
vn 6.06884e-23 -0.928977 0.370138 
vn 6.09121e-23 -0.946874 0.321604 
vn 6.06922e-23 -0.929213 0.369544 
vn 6.09729e-23 -0.962117 0.272635 
vn 6.097e-23 -0.963549 0.267531 
vn 5.96953e-23 -0.883512 0.468408 
vn 6.03133e-23 -0.909101 0.416577 
vn 5.97884e-23 -0.887061 0.461653 
vn 6.06884e-23 -0.928977 0.370138 
vn 5.80023e-23 -0.827689 0.561187 
vn 5.91026e-23 -0.862441 0.506157 
vn 5.82769e-23 -0.835985 0.548753 
vn 5.96953e-23 -0.883513 0.468406 
vn 5.56293e-23 -0.762162 0.647386 
vn 5.72739e-23 -0.806557 0.591156 
vn 5.61456e-23 -0.775703 0.631099 
vn 5.80024e-23 -0.827691 0.561185 
vn 5.26041e-23 -0.687699 0.725995 
vn 5.56294e-23 -0.762163 0.647385 
vn 5.48483e-23 -0.742219 0.670157 
vn 5.34375e-23 -0.707535 0.706678 
vn 4.89622e-23 -0.605174 0.796093 
vn 5.26048e-23 -0.687714 0.725981 
vn 5.02142e-23 -0.632894 0.774239 
vn 4.47462e-23 -0.515554 0.856857 
vn 4.89628e-23 -0.605187 0.796083 
vn 4.64442e-23 -0.551041 0.834478 
vn 4.00056e-23 -0.419889 0.907575 
vn 4.47466e-23 -0.515562 0.856852 
vn 4.21963e-23 -0.463534 0.886079 
vn 3.4796e-23 -0.319302 0.947653 
vn 4.00057e-23 -0.41989 0.907575 
vn 3.76145e-23 -0.373206 0.927748 
vn 2.91784e-23 -0.21497 0.976621 
vn 3.47956e-23 -0.319294 0.947656 
vn 3.26872e-23 -0.279682 0.960093 
vn 2.32188e-23 -0.108119 0.994138 
vn 2.91776e-23 -0.214955 0.976624 
vn 2.75443e-23 -0.185307 0.982681 
vn 1.7402e-23 -0.00709622 0.999975 
vn 1.72259e-23 -0.00408374 0.999992 
vn 1.70954e-23 -0.00185302 0.999998 
vn 1.70145e-23 -0.000471838 1 
vn 1.78664e-23 -0.0150515 0.999887 
vn 2.25812e-23 -0.0968967 0.995294 
vn 2.03789e-23 -0.0584191 0.998292 
vn 1.936e-23 -0.0407649 0.999169 
vn 2.32181e-23 -0.108107 0.994139 
vn 1.84349e-23 -0.0248165 0.999692 
vn 1.69869e-23 1.38778e-17 1 
vn -1 5.856e-23 -1.69869e-23 
vn 5.75545e-23 -0.998533 -0.0541389 
vn 5.50404e-23 -0.986827 -0.161782 
vn 5.18811e-23 -0.96355 -0.267528 
vn 4.81134e-23 -0.928977 -0.370138 
vn 4.37817e-23 -0.883512 -0.468408 
vn 3.89367e-23 -0.827689 -0.561187 
vn 3.36352e-23 -0.762162 -0.647386 
vn 2.79393e-23 -0.687699 -0.725995 
vn 2.19159e-23 -0.605174 -0.796093 
vn 1.56355e-23 -0.515554 -0.856857 
vn 9.17184e-24 -0.419889 -0.907575 
vn 2.60063e-24 -0.319302 -0.947653 
vn -4.00107e-24 -0.21497 -0.976621 
vn -1.05559e-23 -0.108119 -0.994138 
vn -1.69869e-23 -1.36342e-16 -1 
vn -2.32188e-23 0.108119 -0.994138 
vn -2.91784e-23 0.21497 -0.976621 
vn -3.4796e-23 0.319302 -0.947653 
vn -4.00056e-23 0.419889 -0.907575 
vn -4.47462e-23 0.515554 -0.856857 
vn -4.89622e-23 0.605174 -0.796093 
vn -5.26041e-23 0.687699 -0.725995 
vn -5.56293e-23 0.762162 -0.647386 
vn -5.80023e-23 0.827689 -0.561187 
vn -5.96953e-23 0.883512 -0.468408 
vn -6.06884e-23 0.928977 -0.370138 
vn -6.097e-23 0.96355 -0.267528 
vn -6.05368e-23 0.986827 -0.161782 
vn -5.93938e-23 0.998533 -0.0541389 
vn -5.75545e-23 0.998533 0.0541389 
vn -5.63802e-23 0.994138 0.108119 
vn -5.50404e-23 0.986827 0.161782 
vn -5.35393e-23 0.976621 0.21497 
vn -5.18811e-23 0.96355 0.267528 
vn -5.00707e-23 0.947653 0.319302 
vn -4.81134e-23 0.928977 0.370138 
vn -4.6015e-23 0.907575 0.419889 
vn -4.37817e-23 0.883512 0.468408 
vn -4.14199e-23 0.856857 0.515554 
vn -3.89367e-23 0.827689 0.561187 
vn -3.63392e-23 0.796093 0.605174 
vn -3.36352e-23 0.762162 0.647386 
vn -3.08325e-23 0.725995 0.687699 
vn -2.79393e-23 0.687699 0.725995 
vn -2.49642e-23 0.647386 0.762162 
vn -2.19159e-23 0.605174 0.796093 
vn -1.88033e-23 0.561187 0.827689 
vn -1.56355e-23 0.515554 0.856857 
vn -1.24219e-23 0.468408 0.883512 
vn -9.17184e-24 0.419889 0.907575 
vn -5.89488e-24 0.370138 0.928977 
vn -2.60063e-24 0.319302 0.947653 
vn 7.01246e-25 0.267528 0.96355 
vn 4.00107e-24 0.21497 0.976621 
vn 7.28915e-24 0.161782 0.986827 
vn 1.05559e-23 0.108119 0.994138 
vn 1.37916e-23 0.0541389 0.998533 
vn 1.69869e-23 1.38778e-17 1 
vn 2.32188e-23 -0.108119 0.994138 
vn 2.01324e-23 -0.0541389 0.998533 
vn 2.91784e-23 -0.21497 0.976621 
vn 2.32188e-23 -0.108119 0.994138 
vn 2.62371e-23 -0.161782 0.986827 
vn 3.4796e-23 -0.319302 0.947653 
vn 2.91784e-23 -0.21497 0.976621 
vn 3.20342e-23 -0.267528 0.96355 
vn 4.00056e-23 -0.419889 0.907575 
vn 3.4796e-23 -0.319302 0.947653 
vn 3.74557e-23 -0.370138 0.928977 
vn 4.47462e-23 -0.515554 0.856857 
vn 4.00056e-23 -0.419889 0.907575 
vn 4.24381e-23 -0.468408 0.883512 
vn 4.89622e-23 -0.605174 0.796093 
vn 4.47462e-23 -0.515554 0.856857 
vn 4.6923e-23 -0.561187 0.827689 
vn 5.26041e-23 -0.687699 0.725995 
vn 4.89622e-23 -0.605174 0.796093 
vn 5.08577e-23 -0.647386 0.762162 
vn 5.56293e-23 -0.762162 0.647386 
vn 5.26041e-23 -0.687699 0.725995 
vn 5.41962e-23 -0.725995 0.687699 
vn 5.80023e-23 -0.827689 0.561187 
vn 5.56293e-23 -0.762162 0.647386 
vn 5.68993e-23 -0.796093 0.605174 
vn 5.96953e-23 -0.883512 0.468408 
vn 5.80023e-23 -0.827689 0.561187 
vn 5.89353e-23 -0.856857 0.515554 
vn 6.06884e-23 -0.928977 0.370138 
vn 5.96953e-23 -0.883512 0.468408 
vn 6.02803e-23 -0.907575 0.419889 
vn 6.097e-23 -0.96355 0.267528 
vn 6.06884e-23 -0.928977 0.370138 
vn 6.09186e-23 -0.947653 0.319302 
vn 6.05368e-23 -0.986827 0.161782 
vn 6.097e-23 -0.96355 0.267528 
vn 6.08426e-23 -0.976621 0.21497 
vn 5.93938e-23 -0.998533 0.0541389 
vn 6.05368e-23 -0.986827 0.161782 
vn 6.00534e-23 -0.994138 0.108119 
vn 5.856e-23 -1 -1.7469e-16 
vn 5.93938e-23 -0.998533 0.0541389 
vn 6.00534e-23 -0.994138 0.108119 
vn 6.05368e-23 -0.986827 0.161782 
vn 6.08426e-23 -0.976621 0.21497 
vn 6.097e-23 -0.96355 0.267528 
vn 6.09186e-23 -0.947653 0.319302 
vn 6.06884e-23 -0.928977 0.370138 
vn 6.02803e-23 -0.907575 0.419889 
vn 5.96953e-23 -0.883512 0.468408 
vn 5.89353e-23 -0.856857 0.515554 
vn 5.80023e-23 -0.827689 0.561187 
vn 5.68993e-23 -0.796093 0.605174 
vn 5.56293e-23 -0.762162 0.647386 
vn 5.41962e-23 -0.725995 0.687699 
vn 5.26041e-23 -0.687699 0.725995 
vn 5.08577e-23 -0.647386 0.762162 
vn 4.89622e-23 -0.605174 0.796093 
vn 4.6923e-23 -0.561187 0.827689 
vn 4.47462e-23 -0.515554 0.856857 
vn 4.24381e-23 -0.468408 0.883512 
vn 4.00056e-23 -0.419889 0.907575 
vn 3.74557e-23 -0.370138 0.928977 
vn 3.4796e-23 -0.319302 0.947653 
vn 3.20342e-23 -0.267528 0.96355 
vn 2.91784e-23 -0.21497 0.976621 
vn 2.62371e-23 -0.161782 0.986827 
vn 2.32188e-23 -0.108119 0.994138 
vn 2.01324e-23 -0.0541389 0.998533 
vn 1.69869e-23 1.38778e-17 1 
vn 1.05559e-23 0.108119 0.994138 
vn 1.37916e-23 0.0541389 0.998533 
vn 4.00107e-24 0.21497 0.976621 
vn 1.05559e-23 0.108119 0.994138 
vn 7.28915e-24 0.161782 0.986827 
vn -2.60063e-24 0.319302 0.947653 
vn 4.00107e-24 0.21497 0.976621 
vn 7.01246e-25 0.267528 0.96355 
vn -9.17184e-24 0.419889 0.907575 
vn -2.60063e-24 0.319302 0.947653 
vn -5.89488e-24 0.370138 0.928977 
vn -1.56355e-23 0.515554 0.856857 
vn -9.17184e-24 0.419889 0.907575 
vn -1.24219e-23 0.468408 0.883512 
vn -2.19159e-23 0.605174 0.796093 
vn -1.56355e-23 0.515554 0.856857 
vn -1.88033e-23 0.561187 0.827689 
vn -2.79393e-23 0.687699 0.725995 
vn -2.19159e-23 0.605174 0.796093 
vn -2.49642e-23 0.647386 0.762162 
vn -3.36352e-23 0.762162 0.647386 
vn -2.79393e-23 0.687699 0.725995 
vn -3.08325e-23 0.725995 0.687699 
vn -3.89367e-23 0.827689 0.561187 
vn -3.36352e-23 0.762162 0.647386 
vn -3.63392e-23 0.796093 0.605174 
vn -4.37817e-23 0.883512 0.468408 
vn -3.89367e-23 0.827689 0.561187 
vn -4.14199e-23 0.856857 0.515554 
vn -4.81134e-23 0.928977 0.370138 
vn -4.37817e-23 0.883512 0.468408 
vn -4.6015e-23 0.907575 0.419889 
vn -5.18811e-23 0.96355 0.267528 
vn -4.81134e-23 0.928977 0.370138 
vn -5.00707e-23 0.947653 0.319302 
vn -5.50404e-23 0.986827 0.161782 
vn -5.18811e-23 0.96355 0.267528 
vn -5.35393e-23 0.976621 0.21497 
vn -5.75545e-23 0.998533 0.0541389 
vn -5.50404e-23 0.986827 0.161782 
vn -5.63802e-23 0.994138 0.108119 
vn -5.93938e-23 0.998533 -0.0541389 
vn -5.856e-23 1 -1.69819e-16 
vn -5.75545e-23 0.998533 0.0541389 
vn 1 -5.856e-23 1.69869e-23 
vn -1 5.856e-23 -1.69869e-23 
vn 6.05368e-23 -0.986827 0.161782 
vn 5.93938e-23 -0.998533 0.0541389 
vn 6.097e-23 -0.96355 0.267528 
vn 6.05368e-23 -0.986827 0.161782 
vn 6.06884e-23 -0.928977 0.370138 
vn 6.097e-23 -0.96355 0.267528 
vn 5.96953e-23 -0.883512 0.468408 
vn 6.06884e-23 -0.928977 0.370138 
vn 5.80023e-23 -0.827689 0.561187 
vn 5.96953e-23 -0.883512 0.468408 
vn 5.56293e-23 -0.762162 0.647386 
vn 5.80023e-23 -0.827689 0.561187 
vn 5.26041e-23 -0.687699 0.725995 
vn 5.56293e-23 -0.762162 0.647386 
vn 4.89622e-23 -0.605174 0.796093 
vn 5.26041e-23 -0.687699 0.725995 
vn 4.47462e-23 -0.515554 0.856857 
vn 4.89622e-23 -0.605174 0.796093 
vn 4.00056e-23 -0.419889 0.907575 
vn 4.47462e-23 -0.515554 0.856857 
vn 3.4796e-23 -0.319302 0.947653 
vn 4.00056e-23 -0.419889 0.907575 
vn 2.91784e-23 -0.21497 0.976621 
vn 3.4796e-23 -0.319302 0.947653 
vn 2.32188e-23 -0.108119 0.994138 
vn 2.91784e-23 -0.21497 0.976621 
vn 1.69869e-23 1.38778e-17 1 
vn 2.32188e-23 -0.108119 0.994138 
vn 1.05559e-23 0.108119 0.994138 
vn 1.69869e-23 1.38778e-17 1 
vn 4.00107e-24 0.21497 0.976621 
vn 1.05559e-23 0.108119 0.994138 
vn -2.60063e-24 0.319302 0.947653 
vn 4.00107e-24 0.21497 0.976621 
vn -9.17184e-24 0.419889 0.907575 
vn -2.60063e-24 0.319302 0.947653 
vn -1.56355e-23 0.515554 0.856857 
vn -9.17184e-24 0.419889 0.907575 
vn -2.19159e-23 0.605174 0.796093 
vn -1.56355e-23 0.515554 0.856857 
vn -2.79393e-23 0.687699 0.725995 
vn -2.19159e-23 0.605174 0.796093 
vn -3.36352e-23 0.762162 0.647386 
vn -2.79393e-23 0.687699 0.725995 
vn -3.89367e-23 0.827689 0.561187 
vn -3.36352e-23 0.762162 0.647386 
vn -4.37817e-23 0.883512 0.468408 
vn -3.89367e-23 0.827689 0.561187 
vn -4.81134e-23 0.928977 0.370138 
vn -4.37817e-23 0.883512 0.468408 
vn -5.18811e-23 0.96355 0.267528 
vn -4.81134e-23 0.928977 0.370138 
vn -5.50404e-23 0.986827 0.161782 
vn -5.18811e-23 0.96355 0.267528 
vn -5.75545e-23 0.998533 0.0541389 
vn -5.50404e-23 0.986827 0.161782 
vn 5.75545e-23 -0.998533 -0.0541389 
vn 5.6374e-23 -0.994109 -0.108382 
vn 5.50404e-23 -0.986827 -0.161782 
vn 5.75545e-23 -0.998533 -0.0541389 
vn 5.35295e-23 -0.976549 -0.215297 
vn 5.18811e-23 -0.96355 -0.267528 
vn 5.00547e-23 -0.947507 -0.319736 
vn 4.81132e-23 -0.928975 -0.370143 
vn 4.81134e-23 -0.928977 -0.370138 
vn 4.78047e-23 -0.92591 -0.377744 
vn 4.37817e-23 -0.883512 -0.468408 
vn 3.94476e-23 -0.833778 -0.552099 
vn 3.89367e-23 -0.827689 -0.561187 
vn 3.36352e-23 -0.762162 -0.647386 
vn 3.13361e-23 -0.732565 -0.680697 
vn 2.79393e-23 -0.687699 -0.725995 
vn 2.31842e-23 -0.622844 -0.782346 
vn 2.19159e-23 -0.605174 -0.796093 
vn 1.88124e-23 -0.561317 -0.827601 
vn 1.56355e-23 -0.515554 -0.856857 
vn 1.56352e-23 -0.515549 -0.85686 
vn 1.50044e-23 -0.506362 -0.862321 
vn 9.17184e-24 -0.419889 -0.907575 
vn 6.84608e-24 -0.384664 -0.923057 
vn 2.60063e-24 -0.319302 -0.947653 
vn -1.2536e-24 -0.258788 -0.965934 
vn -4.00107e-24 -0.21497 -0.976621 
vn -9.22383e-24 -0.1301 -0.991501 
vn -1.05559e-23 -0.108119 -0.994138 
vn -1.38013e-23 -0.0539752 -0.998542 
vn -1.69869e-23 -2.58807e-16 -1 
vn -2.32188e-23 0.108119 -0.994138 
vn -2.01327e-23 0.0541454 -0.998533 
vn -2.91784e-23 0.21497 -0.976621 
vn -2.32193e-23 0.108129 -0.994137 
vn -2.44612e-23 0.1301 -0.991501 
vn -3.4796e-23 0.319302 -0.947653 
vn -2.91784e-23 0.21497 -0.976621 
vn -3.15628e-23 0.258788 -0.965934 
vn -4.00056e-23 0.419889 -0.907575 
vn -3.4796e-23 0.319302 -0.947653 
vn -3.82058e-23 0.384664 -0.923057 
vn -4.47462e-23 0.515554 -0.856857 
vn -4.00056e-23 0.419889 -0.907575 
vn -4.43007e-23 0.506362 -0.862321 
vn -4.89622e-23 0.605174 -0.796093 
vn -4.47462e-23 0.515554 -0.856857 
vn -4.69312e-23 0.561361 -0.827571 
vn -5.26041e-23 0.687699 -0.725995 
vn -4.89625e-23 0.605181 -0.796088 
vn -4.97506e-23 0.62256 -0.782572 
vn -5.56293e-23 0.762162 -0.647386 
vn -5.26041e-23 0.687699 -0.725995 
vn -5.4462e-23 0.732565 -0.680697 
vn -5.80023e-23 0.827689 -0.561187 
vn -5.56293e-23 0.762162 -0.647386 
vn -5.96953e-23 0.883512 -0.468408 
vn -5.80028e-23 0.827703 -0.561166 
vn -5.81947e-23 0.833479 -0.552551 
vn -6.06884e-23 0.928977 -0.370138 
vn -5.96953e-23 0.883512 -0.468408 
vn -6.0638e-23 0.92591 -0.377744 
vn -6.097e-23 0.96355 -0.267528 
vn -6.06884e-23 0.928977 -0.370138 
vn -6.09172e-23 0.947482 -0.319809 
vn -6.05368e-23 0.986827 -0.161782 
vn -6.097e-23 0.96355 -0.267528 
vn -6.08432e-23 0.97659 -0.215107 
vn -5.93938e-23 0.998533 -0.0541389 
vn -6.05368e-23 0.986827 -0.161782 
vn -6.00569e-23 0.994102 -0.108447 
vn -5.75545e-23 0.998533 0.0541389 
vn -5.856e-23 1 1.7469e-16 
vn -5.93938e-23 0.998533 -0.0541389 
vn -6.00562e-23 0.994109 -0.108382 
vn -6.05368e-23 0.986827 -0.161782 
vn -5.93938e-23 0.998533 -0.0541389 
vn -6.0844e-23 0.976549 -0.215297 
vn -6.097e-23 0.96355 -0.267528 
vn -6.09174e-23 0.947507 -0.319736 
vn -6.06884e-23 0.928975 -0.370143 
vn -6.06884e-23 0.928977 -0.370138 
vn -6.0638e-23 0.92591 -0.377744 
vn -5.96953e-23 0.883512 -0.468408 
vn -5.82045e-23 0.833778 -0.552099 
vn -5.80023e-23 0.827689 -0.561187 
vn -5.56293e-23 0.762162 -0.647386 
vn -5.4462e-23 0.732565 -0.680697 
vn -5.26041e-23 0.687699 -0.725995 
vn -4.97634e-23 0.622844 -0.782346 
vn -4.89622e-23 0.605174 -0.796093 
vn -4.69291e-23 0.561317 -0.827601 
vn -4.47462e-23 0.515554 -0.856857 
vn -4.47459e-23 0.515549 -0.85686 
vn -4.43007e-23 0.506362 -0.862321 
vn -4.00056e-23 0.419889 -0.907575 
vn -3.82058e-23 0.384664 -0.923057 
vn -3.4796e-23 0.319302 -0.947653 
vn -3.15628e-23 0.258788 -0.965934 
vn -2.91784e-23 0.21497 -0.976621 
vn -2.44612e-23 0.1301 -0.991501 
vn -2.32188e-23 0.108119 -0.994138 
vn -2.01229e-23 0.0539752 -0.998542 
vn -1.69869e-23 -2.58807e-16 -1 
vn -1.05559e-23 -0.108119 -0.994138 
vn -1.37912e-23 -0.0541454 -0.998533 
vn -4.00107e-24 -0.21497 -0.976621 
vn -1.05553e-23 -0.108129 -0.994137 
vn -9.22383e-24 -0.1301 -0.991501 
vn 2.60063e-24 -0.319302 -0.947653 
vn -4.00107e-24 -0.21497 -0.976621 
vn -1.2536e-24 -0.258788 -0.965934 
vn 9.17184e-24 -0.419889 -0.907575 
vn 2.60063e-24 -0.319302 -0.947653 
vn 6.84608e-24 -0.384664 -0.923057 
vn 1.56355e-23 -0.515554 -0.856857 
vn 9.17184e-24 -0.419889 -0.907575 
vn 1.50044e-23 -0.506362 -0.862321 
vn 2.19159e-23 -0.605174 -0.796093 
vn 1.56355e-23 -0.515554 -0.856857 
vn 1.88154e-23 -0.561361 -0.827571 
vn 2.79393e-23 -0.687699 -0.725995 
vn 2.19164e-23 -0.605181 -0.796088 
vn 2.31637e-23 -0.62256 -0.782572 
vn 3.36352e-23 -0.762162 -0.647386 
vn 2.79393e-23 -0.687699 -0.725995 
vn 3.13361e-23 -0.732565 -0.680697 
vn 3.89367e-23 -0.827689 -0.561187 
vn 3.36352e-23 -0.762162 -0.647386 
vn 4.37817e-23 -0.883512 -0.468408 
vn 3.89379e-23 -0.827703 -0.561166 
vn 3.94225e-23 -0.833479 -0.552551 
vn 4.81134e-23 -0.928977 -0.370138 
vn 4.37817e-23 -0.883512 -0.468408 
vn 4.78047e-23 -0.92591 -0.377744 
vn 5.18811e-23 -0.96355 -0.267528 
vn 4.81134e-23 -0.928977 -0.370138 
vn 5.0052e-23 -0.947482 -0.319809 
vn 5.50404e-23 -0.986827 -0.161782 
vn 5.18811e-23 -0.96355 -0.267528 
vn 5.35352e-23 -0.97659 -0.215107 
vn 5.75545e-23 -0.998533 -0.0541389 
vn 5.50404e-23 -0.986827 -0.161782 
vn 5.63725e-23 -0.994102 -0.108447 
vn 5.856e-23 -1 1.69819e-16 
vn 5.75545e-23 -0.998533 -0.0541389 
vn -1.69869e-23 -1.38778e-17 -1 
vn 0.671805 0.740728 1.02797e-17 
vn 0.6 0.8 1.11022e-17 
vn 0.601561 0.798827 1.1086e-17 
vn 0.60624 0.795282 1.10368e-17 
vn 0.6138 0.789461 1.0956e-17 
vn 0.62419 0.781272 1.08423e-17 
vn 0.637029 0.77084 1.06976e-17 
vn 0.652271 0.757986 1.05192e-17 
vn 0.66909 0.743181 1.03137e-17 
vn 0.745252 0.666783 9.25349e-18 
vn 0.671805 0.740728 1.02797e-17 
vn 0.707404 0.70681 9.80897e-18 
vn 0.810603 0.585596 8.12679e-18 
vn 0.749561 0.661936 9.18622e-18 
vn 0.792609 0.60973 8.46171e-18 
vn 0.745252 0.666783 9.25349e-18 
vn 0.86715 0.498048 6.91182e-18 
vn 0.810601 0.585599 8.12683e-18 
vn 0.83506 0.55016 7.63501e-18 
vn 0.914277 0.40509 5.62176e-18 
vn 0.875062 0.484011 6.71702e-18 
vn 0.893487 0.449089 6.23237e-18 
vn 0.910983 0.412443 5.72381e-18 
vn 0.86715 0.498048 6.91182e-18 
vn 0.951473 0.307731 4.27064e-18 
vn 0.914277 0.40509 5.62176e-18 
vn 0.941894 0.335911 4.66172e-18 
vn 0.978335 0.20703 2.87314e-18 
vn 0.951473 0.307731 4.27064e-18 
vn 0.966825 0.255441 3.54498e-18 
vn 0.994569 0.10408 1.44442e-18 
vn 0.978335 0.20703 2.87314e-18 
vn 0.985101 0.171976 2.38667e-18 
vn 1 6.12323e-17 1.69869e-23 
vn 0.996253 0.0864841 1.20022e-18 
vn 0.999061 0.0433163 6.01151e-19 
vn 0.994569 0.10408 1.44442e-18 
vn 0.996252 -0.0864952 -1.20035e-18 
vn 0.994569 -0.10408 -1.44439e-18 
vn 1 -5.856e-23 1.69869e-23 
vn 0.999067 -0.0431801 -5.99228e-19 
vn 0.994569 -0.10408 -1.44439e-18 
vn 0.985101 -0.171976 -2.38663e-18 
vn 0.978335 -0.20703 -2.8731e-18 
vn 0.966825 -0.255441 -3.54494e-18 
vn 0.951473 -0.307731 -4.27061e-18 
vn 0.941894 -0.335911 -4.66169e-18 
vn 0.914277 -0.40509 -5.62173e-18 
vn 0.874991 -0.484139 -6.71877e-18 
vn 0.867154 -0.498039 -6.91167e-18 
vn 0.893505 -0.449053 -6.23185e-18 
vn 0.911009 -0.412386 -5.72299e-18 
vn 0.86715 -0.498048 -6.91179e-18 
vn 0.83506 -0.55016 -7.63498e-18 
vn 0.810601 -0.585599 -8.1268e-18 
vn 0.810603 -0.585596 -8.12676e-18 
vn 0.74937 -0.662151 -9.18918e-18 
vn 0.745254 -0.666781 -9.25343e-18 
vn 0.792609 -0.60973 -8.46169e-18 
vn 0.745252 -0.666783 -9.25347e-18 
vn 0.707404 -0.70681 -9.80894e-18 
vn 0.671805 -0.740728 -1.02797e-17 
vn 0.606232 -0.795287 -1.10368e-17 
vn 0.601561 -0.798827 -1.10859e-17 
vn 0.6138 -0.789461 -1.0956e-17 
vn 0.624232 -0.781239 -1.08419e-17 
vn 0.637029 -0.77084 -1.06975e-17 
vn 0.652248 -0.758005 -1.05194e-17 
vn 0.669241 -0.743045 -1.03118e-17 
vn 0.6 -0.8 -1.11022e-17 
vn -0.671805 -0.740728 -1.02797e-17 
vn -0.6 -0.8 -1.11022e-17 
vn -0.601561 -0.798827 -1.1086e-17 
vn -0.60624 -0.795282 -1.10368e-17 
vn -0.6138 -0.789461 -1.0956e-17 
vn -0.62419 -0.781272 -1.08423e-17 
vn -0.637029 -0.77084 -1.06976e-17 
vn -0.652271 -0.757986 -1.05192e-17 
vn -0.66909 -0.743181 -1.03137e-17 
vn -0.745252 -0.666783 -9.25349e-18 
vn -0.671805 -0.740728 -1.02797e-17 
vn -0.707404 -0.70681 -9.80897e-18 
vn -0.810603 -0.585596 -8.12679e-18 
vn -0.749561 -0.661936 -9.18622e-18 
vn -0.792609 -0.60973 -8.46171e-18 
vn -0.745252 -0.666783 -9.25349e-18 
vn -0.86715 -0.498048 -6.91182e-18 
vn -0.810601 -0.585599 -8.12683e-18 
vn -0.83506 -0.55016 -7.63501e-18 
vn -0.914277 -0.40509 -5.62176e-18 
vn -0.875062 -0.484011 -6.71702e-18 
vn -0.893487 -0.449089 -6.23237e-18 
vn -0.910983 -0.412443 -5.72381e-18 
vn -0.86715 -0.498048 -6.91182e-18 
vn -0.951473 -0.307731 -4.27064e-18 
vn -0.914277 -0.40509 -5.62176e-18 
vn -0.941894 -0.335911 -4.66172e-18 
vn -0.978335 -0.20703 -2.87314e-18 
vn -0.951473 -0.307731 -4.27064e-18 
vn -0.966825 -0.255441 -3.54498e-18 
vn -0.994569 -0.10408 -1.44442e-18 
vn -0.978335 -0.20703 -2.87314e-18 
vn -0.985101 -0.171976 -2.38667e-18 
vn -1 8.69809e-15 -1.69869e-23 
vn -0.996253 -0.0864841 -1.20022e-18 
vn -0.999061 -0.0433163 -6.01151e-19 
vn -0.994569 -0.10408 -1.44442e-18 
vn -0.996252 0.0864952 1.20035e-18 
vn -0.994569 0.10408 1.44439e-18 
vn -1 5.856e-23 -1.69869e-23 
vn -0.999067 0.0431801 5.99228e-19 
vn -0.994569 0.10408 1.44439e-18 
vn -0.985101 0.171976 2.38663e-18 
vn -0.978335 0.20703 2.8731e-18 
vn -0.966825 0.255441 3.54494e-18 
vn -0.951473 0.307731 4.27061e-18 
vn -0.941894 0.335911 4.66169e-18 
vn -0.914277 0.40509 5.62173e-18 
vn -0.874991 0.484139 6.71877e-18 
vn -0.867154 0.498039 6.91167e-18 
vn -0.893505 0.449053 6.23185e-18 
vn -0.911009 0.412386 5.72299e-18 
vn -0.86715 0.498048 6.91179e-18 
vn -0.83506 0.55016 7.63498e-18 
vn -0.810601 0.585599 8.1268e-18 
vn -0.810603 0.585596 8.12676e-18 
vn -0.74937 0.662151 9.18918e-18 
vn -0.745254 0.666781 9.25343e-18 
vn -0.792609 0.60973 8.46169e-18 
vn -0.745252 0.666783 9.25347e-18 
vn -0.707404 0.70681 9.80894e-18 
vn -0.671805 0.740728 1.02797e-17 
vn -0.606232 0.795287 1.10368e-17 
vn -0.601561 0.798827 1.10859e-17 
vn -0.6138 0.789461 1.0956e-17 
vn -0.624232 0.781239 1.08419e-17 
vn -0.637029 0.77084 1.06975e-17 
vn -0.652248 0.758005 1.05194e-17 
vn -0.669241 0.743045 1.03118e-17 
vn -0.6 0.8 1.11022e-17 
vn -1 5.856e-23 -1.69869e-23 
usemtl 0.231373_0.380392_0.705882_0.000000_0.000000
o mesh11
f 124//45 65//45 66//45 
f 66//45 67//45 124//45 
f 67//45 68//45 124//45 
f 68//45 69//45 124//45 
f 69//45 70//45 124//45 
f 70//45 71//45 124//45 
f 71//45 72//45 124//45 
f 72//45 73//45 124//45 
f 73//45 74//45 124//45 
f 74//45 75//45 124//45 
f 75//45 76//45 124//45 
f 76//45 77//45 124//45 
f 77//45 78//45 124//45 
f 78//45 79//45 124//45 
f 79//45 80//45 124//45 
f 80//45 81//45 124//45 
f 81//45 82//45 124//45 
f 82//45 83//45 124//45 
f 83//45 84//45 124//45 
f 84//45 85//45 124//45 
f 85//45 86//45 124//45 
f 86//45 87//45 124//45 
f 87//45 88//45 124//45 
f 88//45 89//45 124//45 
f 89//45 90//45 124//45 
f 90//45 91//45 124//45 
f 91//45 92//45 124//45 
f 92//45 93//45 124//45 
f 93//45 94//45 124//45 
f 94//45 95//45 124//45 
f 95//45 96//45 124//45 
f 96//45 97//45 124//45 
f 97//45 98//45 124//45 
f 98//45 99//45 124//45 
f 99//45 100//45 124//45 
f 100//45 101//45 124//45 
f 101//45 102//45 124//45 
f 102//45 103//45 124//45 
f 103//45 104//45 124//45 
f 104//45 105//45 124//45 
f 105//45 106//45 124//45 
f 106//45 107//45 124//45 
f 107//45 108//45 124//45 
f 108//45 109//45 124//45 
f 109//45 110//45 124//45 
f 110//45 111//45 124//45 
f 111//45 112//45 124//45 
f 112//45 113//45 124//45 
f 113//45 114//45 124//45 
f 114//45 115//45 124//45 
f 115//45 116//45 124//45 
f 116//45 117//45 124//45 
f 117//45 118//45 124//45 
f 118//45 119//45 124//45 
f 119//45 120//45 124//45 
f 120//45 121//45 124//45 
f 121//45 122//45 124//45 
f 122//45 123//45 124//45 
f 123//45 65//45 124//45 
o mesh12
f 65//46 125//46 126//47 
f 66//47 126//47 127//48 
f 67//48 127//48 128//49 
f 68//49 128//49 129//50 
f 69//50 129//50 130//51 
f 70//51 130//51 131//52 
f 71//52 131//52 132//53 
f 72//53 132//53 133//54 
f 73//54 133//54 134//55 
f 74//55 134//55 135//56 
f 75//56 135//56 136//57 
f 76//57 136//57 137//58 
f 77//58 137//58 138//59 
f 78//59 138//59 139//60 
f 79//60 139//60 140//61 
f 80//61 140//61 141//62 
f 81//62 141//62 142//63 
f 82//63 142//63 143//64 
f 83//64 143//64 144//65 
f 84//65 144//65 145//66 
f 85//66 145//66 146//67 
f 86//67 146//67 147//68 
f 87//68 147//68 148//69 
f 88//69 148//69 149//70 
f 89//70 149//70 150//71 
f 90//71 150//71 151//72 
f 91//72 151//72 152//73 
f 92//73 152//73 153//74 
f 94//75 154//75 155//76 
f 155//76 95//77 94//75 
f 95//77 156//77 157//78 
f 157//78 96//79 95//77 
f 96//79 158//79 159//80 
f 159//80 97//81 96//79 
f 97//81 160//81 161//82 
f 161//82 98//83 97//81 
f 98//83 162//83 163//84 
f 163//84 99//85 98//83 
f 99//85 164//85 165//86 
f 165//86 100//87 99//85 
f 100//87 166//87 167//88 
f 167//88 101//89 100//87 
f 101//89 168//89 169//90 
f 169//90 102//91 101//89 
f 102//91 170//91 171//92 
f 171//92 103//93 102//91 
f 103//93 172//93 173//94 
f 173//94 104//95 103//93 
f 104//95 174//95 175//96 
f 175//96 105//97 104//95 
f 105//97 176//97 177//98 
f 177//98 106//99 105//97 
f 106//99 178//99 179//100 
f 179//100 107//101 106//99 
f 107//101 180//101 181//102 
f 181//102 108//103 107//101 
f 109//104 108//103 182//103 
f 182//103 183//105 109//104 
f 110//106 109//104 184//107 
f 184//107 185//108 110//106 
f 111//109 110//106 186//110 
f 186//110 187//111 111//109 
f 112//112 111//109 188//113 
f 188//113 189//114 112//112 
f 113//115 112//112 190//116 
f 190//116 191//117 113//115 
f 114//118 113//115 192//119 
f 192//119 193//120 114//118 
f 115//121 114//118 194//122 
f 194//122 195//123 115//121 
f 116//124 115//121 196//125 
f 196//125 197//126 116//124 
f 117//127 116//124 198//128 
f 198//128 199//129 117//127 
f 118//130 117//127 200//131 
f 200//131 201//132 118//130 
f 119//133 118//130 202//134 
f 202//134 203//135 119//133 
f 120//136 119//133 204//137 
f 204//137 205//138 120//136 
f 121//139 120//136 206//140 
f 206//140 207//141 121//139 
f 122//142 121//139 208//143 
f 208//143 209//144 122//142 
f 125//46 65//46 210//145 
f 210//145 211//146 212//145 
f 210//145 212//145 125//46 
f 65//46 123//145 213//146 
f 213//146 210//145 65//46 
f 123//145 122//142 213//146 
f 211//146 214//146 215//147 
f 215//147 216//148 211//146 
f 216//148 217//148 218//149 
f 218//149 219//150 216//148 
f 219//150 220//150 221//151 
f 221//151 222//152 219//150 
f 222//152 223//152 224//153 
f 224//153 225//154 222//152 
f 225//154 226//154 227//155 
f 227//155 228//156 225//154 
f 228//156 229//156 230//157 
f 230//157 231//158 228//156 
f 231//158 232//158 233//159 
f 233//159 234//160 231//158 
f 234//160 235//160 236//161 
f 236//161 237//162 234//160 
f 237//162 238//162 239//163 
f 239//163 240//164 237//162 
f 240//164 241//164 242//165 
f 242//165 243//166 240//164 
f 243//166 244//166 245//167 
f 245//167 246//168 243//166 
f 246//168 247//168 248//169 
f 248//169 249//170 246//168 
f 249//170 250//170 251//171 
f 251//171 252//172 249//170 
f 252//172 253//172 254//173 
f 254//173 255//174 252//172 
f 256//175 255//174 257//174 
f 257//174 258//176 256//175 
f 259//177 256//175 260//178 
f 260//178 261//179 259//177 
f 262//180 259//177 263//181 
f 263//181 264//182 262//180 
f 265//183 262//180 266//184 
f 266//184 267//185 265//183 
f 268//186 265//183 269//187 
f 269//187 270//188 268//186 
f 271//189 268//186 272//190 
f 272//190 273//191 271//189 
f 274//192 271//189 275//193 
f 275//193 276//194 274//192 
f 277//195 274//192 278//196 
f 278//196 279//197 277//195 
f 280//198 277//195 281//199 
f 281//199 282//200 280//198 
f 283//201 280//198 284//202 
f 284//202 285//203 283//201 
f 286//204 283//201 287//205 
f 287//205 288//206 286//204 
f 289//207 286//204 290//208 
f 290//208 291//209 289//207 
f 292//210 289//207 293//211 
f 293//211 294//212 292//210 
f 295//213 292//210 296//214 
f 296//214 297//215 295//213 
f 93//216 153//74 298//217 
f 298//217 94//75 93//216 
f 153//74 295//213 299//218 
f 299//218 298//217 153//74 
f 298//217 154//75 94//75 
f 297//215 299//218 295//213 
f 294//212 296//214 292//210 
f 291//209 293//211 289//207 
f 288//206 290//208 286//204 
f 285//203 287//205 283//201 
f 282//200 284//202 280//198 
f 279//197 281//199 277//195 
f 276//194 278//196 274//192 
f 273//191 275//193 271//189 
f 270//188 272//190 268//186 
f 267//185 269//187 265//183 
f 264//182 266//184 262//180 
f 261//179 263//181 259//177 
f 258//176 260//178 256//175 
f 254//173 257//174 255//174 
f 251//171 253//172 252//172 
f 248//169 250//170 249//170 
f 245//167 247//168 246//168 
f 242//165 244//166 243//166 
f 239//163 241//164 240//164 
f 236//161 238//162 237//162 
f 233//159 235//160 234//160 
f 230//157 232//158 231//158 
f 227//155 229//156 228//156 
f 224//153 226//154 225//154 
f 221//151 223//152 222//152 
f 218//149 220//150 219//150 
f 215//147 217//148 216//148 
f 210//145 214//146 211//146 
f 209//144 213//146 122//142 
f 207//141 208//143 121//139 
f 205//138 206//140 120//136 
f 203//135 204//137 119//133 
f 201//132 202//134 118//130 
f 199//129 200//131 117//127 
f 197//126 198//128 116//124 
f 195//123 196//125 115//121 
f 193//120 194//122 114//118 
f 191//117 192//119 113//115 
f 189//114 190//116 112//112 
f 187//111 188//113 111//109 
f 185//108 186//110 110//106 
f 183//105 184//107 109//104 
f 181//102 182//103 108//103 
f 179//100 180//101 107//101 
f 177//98 178//99 106//99 
f 175//96 176//97 105//97 
f 173//94 174//95 104//95 
f 171//92 172//93 103//93 
f 169//90 170//91 102//91 
f 167//88 168//89 101//89 
f 165//86 166//87 100//87 
f 163//84 164//85 99//85 
f 161//82 162//83 98//83 
f 159//80 160//81 97//81 
f 157//78 158//79 96//79 
f 155//76 156//77 95//77 
f 153//74 93//216 92//73 
f 152//73 92//73 91//72 
f 151//72 91//72 90//71 
f 150//71 90//71 89//70 
f 149//70 89//70 88//69 
f 148//69 88//69 87//68 
f 147//68 87//68 86//67 
f 146//67 86//67 85//66 
f 145//66 85//66 84//65 
f 144//65 84//65 83//64 
f 143//64 83//64 82//63 
f 142//63 82//63 81//62 
f 141//62 81//62 80//61 
f 140//61 80//61 79//60 
f 139//60 79//60 78//59 
f 138//59 78//59 77//58 
f 137//58 77//58 76//57 
f 136//57 76//57 75//56 
f 135//56 75//56 74//55 
f 134//55 74//55 73//54 
f 133//54 73//54 72//53 
f 132//53 72//53 71//52 
f 131//52 71//52 70//51 
f 130//51 70//51 69//50 
f 129//50 69//50 68//49 
f 128//49 68//49 67//48 
f 127//48 67//48 66//47 
f 126//47 66//47 65//46 
o mesh13
f 256//219 300//219 301//219 
f 256//219 259//219 302//219 
f 265//219 268//219 303//219 
f 271//219 304//219 303//219 
f 252//219 305//219 306//219 
f 252//219 255//219 301//219 
f 302//219 300//219 256//219 
f 259//219 262//219 307//219 
f 262//219 265//219 308//219 
f 303//219 268//219 271//219 
f 243//219 309//219 310//219 
f 246//219 311//219 309//219 
f 249//219 306//219 311//219 
f 301//219 305//219 252//219 
f 307//219 302//219 259//219 
f 303//219 308//219 265//219 
f 237//219 240//219 310//219 
f 309//219 243//219 246//219 
f 306//219 249//219 252//219 
f 308//219 307//219 262//219 
f 310//219 240//219 243//219 
f 301//219 255//219 256//219 
f 138//219 312//219 313//219 
f 137//219 314//219 312//219 
f 135//219 134//219 315//219 
f 133//219 316//219 315//219 
f 317//219 125//219 212//219 
f 234//219 237//219 318//219 
f 311//219 246//219 249//219 
f 283//219 319//219 320//219 
f 283//219 286//219 321//219 
f 289//219 322//219 321//219 
f 289//219 292//219 323//219 
f 295//219 324//219 323//219 
f 153//219 325//219 324//219 
f 312//219 138//219 137//219 
f 137//219 136//219 326//219 
f 136//219 135//219 327//219 
f 315//219 134//219 133//219 
f 125//219 317//219 328//219 
f 212//219 329//219 317//219 
f 219//219 330//219 331//219 
f 219//219 222//219 332//219 
f 225//219 333//219 332//219 
f 225//219 228//219 334//219 
f 231//219 335//219 334//219 
f 231//219 234//219 336//219 
f 310//219 318//219 237//219 
f 274//219 337//219 304//219 
f 321//219 319//219 283//219 
f 323//219 322//219 289//219 
f 324//219 295//219 153//219 
f 153//219 152//219 338//219 
f 151//219 339//219 338//219 
f 151//219 150//219 340//219 
f 149//219 341//219 340//219 
f 149//219 148//219 342//219 
f 145//219 144//219 343//219 
f 143//219 344//219 343//219 
f 140//219 345//219 346//219 
f 139//219 313//219 345//219 
f 326//219 314//219 137//219 
f 315//219 327//219 135//219 
f 129//219 347//219 348//219 
f 129//219 128//219 349//219 
f 127//219 350//219 349//219 
f 127//219 126//219 328//219 
f 212//219 211//219 329//219 
f 211//219 216//219 331//219 
f 332//219 330//219 219//219 
f 334//219 333//219 225//219 
f 336//219 335//219 231//219 
f 304//219 271//219 274//219 
f 277//219 351//219 337//219 
f 277//219 280//219 320//219 
f 321//219 286//219 289//219 
f 338//219 325//219 153//219 
f 340//219 339//219 151//219 
f 342//219 341//219 149//219 
f 147//219 352//219 342//219 
f 147//219 146//219 353//219 
f 343//219 144//219 143//219 
f 142//219 354//219 344//219 
f 141//219 346//219 354//219 
f 345//219 140//219 139//219 
f 327//219 326//219 136//219 
f 132//219 355//219 316//219 
f 131//219 356//219 355//219 
f 131//219 130//219 348//219 
f 349//219 347//219 129//219 
f 328//219 350//219 127//219 
f 331//219 329//219 211//219 
f 332//219 222//219 225//219 
f 318//219 336//219 234//219 
f 320//219 351//219 277//219 
f 323//219 292//219 295//219 
f 340//219 150//219 149//219 
f 353//219 352//219 147//219 
f 146//219 145//219 357//219 
f 344//219 143//219 142//219 
f 346//219 141//219 140//219 
f 316//219 133//219 132//219 
f 348//219 356//219 131//219 
f 349//219 128//219 127//219 
f 331//219 216//219 219//219 
f 337//219 274//219 277//219 
f 338//219 152//219 151//219 
f 357//219 353//219 146//219 
f 354//219 142//219 141//219 
f 355//219 132//219 131//219 
f 328//219 126//219 125//219 
f 320//219 280//219 283//219 
f 343//219 357//219 145//219 
f 348//219 130//219 129//219 
f 342//219 148//219 147//219 
f 334//219 228//219 231//219 
f 313//219 139//219 138//219 
o mesh14
f 358//220 298//221 299//222 
f 299//222 359//223 358//220 
f 358//220 360//224 298//221 
f 299//222 297//225 359//223 
f 361//226 297//225 296//227 
f 296//227 362//228 361//226 
f 361//226 363//229 297//225 
f 296//227 294//230 362//228 
f 363//229 364//231 297//225 
f 294//230 365//232 366//233 
f 366//233 367//234 294//230 
f 365//232 294//230 293//235 
f 293//235 368//236 365//232 
f 293//235 291//237 368//236 
f 369//238 291//237 290//239 
f 290//239 370//240 369//238 
f 290//239 288//241 370//240 
f 369//238 371//242 291//237 
f 288//241 372//243 373//244 
f 372//243 288//241 287//245 
f 287//245 374//246 372//243 
f 287//245 285//247 374//246 
f 373//244 375//248 288//241 
f 285//247 376//249 377//250 
f 284//251 378//252 376//249 
f 376//249 285//247 284//251 
f 284//251 282//253 378//252 
f 282//253 379//254 380//255 
f 281//256 381//257 379//254 
f 379//254 282//253 281//256 
f 281//256 279//258 381//257 
f 279//258 382//259 383//260 
f 278//261 384//262 382//259 
f 382//259 279//258 278//261 
f 278//261 276//263 384//262 
f 276//263 385//264 386//265 
f 275//266 387//267 385//264 
f 385//264 276//263 275//266 
f 275//266 273//268 387//267 
f 273//268 388//269 389//270 
f 272//271 390//272 388//269 
f 388//269 273//268 272//271 
f 389//270 387//267 273//268 
f 270//273 391//274 392//275 
f 269//276 393//277 391//274 
f 391//274 270//273 269//276 
f 392//275 390//272 270//273 
f 266//278 394//279 395//280 
f 395//280 267//281 266//278 
f 395//280 393//277 267//281 
f 263//282 396//283 397//284 
f 397//284 264//285 263//282 
f 397//284 398//286 264//285 
f 398//286 394//279 264//285 
f 261//287 399//288 400//289 
f 260//290 401//291 399//288 
f 399//288 261//287 260//290 
f 400//289 396//283 261//287 
f 402//292 403//293 257//293 
f 257//293 403//293 404//294 
f 404//294 258//295 257//293 
f 404//294 401//291 258//295 
f 405//296 402//292 254//297 
f 254//297 253//298 405//296 
f 406//299 405//296 251//300 
f 251//300 250//301 406//299 
f 407//302 406//299 248//303 
f 248//303 247//304 407//302 
f 408//305 407//302 245//306 
f 245//306 244//307 408//305 
f 409//308 408//305 242//309 
f 242//309 241//310 409//308 
f 410//311 409//308 239//312 
f 239//312 238//313 410//311 
f 411//314 410//311 236//315 
f 236//315 235//316 411//314 
f 412//317 411//314 233//318 
f 233//318 232//319 412//317 
f 413//320 412//317 230//321 
f 230//321 229//322 413//320 
f 414//323 413//320 227//324 
f 227//324 226//325 414//323 
f 415//326 414//323 224//327 
f 224//327 223//328 415//326 
f 416//329 415//326 221//330 
f 221//330 220//331 416//329 
f 417//332 416//329 218//333 
f 218//333 217//334 417//332 
f 418//335 417//332 215//336 
f 215//336 214//337 418//335 
f 419//338 210//339 213//338 
f 213//338 420//340 419//338 
f 213//338 209//340 420//340 
f 421//341 209//340 208//341 
f 208//341 422//342 421//341 
f 208//341 207//342 422//342 
f 423//343 207//342 206//343 
f 206//343 424//344 423//343 
f 206//343 205//344 424//344 
f 425//345 205//344 204//345 
f 204//345 426//346 425//345 
f 204//345 203//346 426//346 
f 427//347 203//346 202//347 
f 202//347 428//348 427//347 
f 202//347 201//348 428//348 
f 429//349 201//348 200//349 
f 200//349 430//350 429//349 
f 200//349 199//350 430//350 
f 431//351 199//350 198//351 
f 198//351 432//352 431//351 
f 198//351 197//352 432//352 
f 433//353 197//352 196//353 
f 196//353 434//354 433//353 
f 196//353 195//354 434//354 
f 435//355 195//354 194//355 
f 194//355 436//356 435//355 
f 194//355 193//356 436//356 
f 437//357 193//356 192//357 
f 192//357 438//358 437//357 
f 192//357 191//358 438//358 
f 439//359 191//358 190//359 
f 190//359 440//360 439//359 
f 190//359 189//360 440//360 
f 441//361 189//360 188//361 
f 188//361 442//362 441//361 
f 441//361 440//360 189//360 
f 443//363 187//362 186//363 
f 186//363 444//364 443//363 
f 186//363 185//364 444//364 
f 445//365 185//364 184//365 
f 184//365 446//366 445//365 
f 184//365 183//366 446//366 
f 183//366 182//367 447//367 
f 448//368 447//367 182//367 
f 182//367 181//368 448//368 
f 180//369 449//370 450//369 
f 450//369 181//368 180//369 
f 180//369 179//370 449//370 
f 178//371 451//372 452//371 
f 452//371 179//370 178//371 
f 178//371 177//372 451//372 
f 176//373 453//374 454//373 
f 454//373 177//372 176//373 
f 454//373 451//372 177//372 
f 174//375 455//376 456//375 
f 456//375 175//377 174//375 
f 174//375 173//376 455//376 
f 172//378 457//379 458//378 
f 458//378 173//376 172//378 
f 172//378 171//380 457//379 
f 457//379 171//380 459//381 
f 459//381 460//382 457//379 
f 171//380 170//383 461//384 
f 461//384 459//381 171//380 
f 460//382 462//385 457//379 
f 169//386 463//387 464//388 
f 169//386 168//389 465//390 
f 465//390 463//387 169//386 
f 464//388 461//384 169//386 
f 167//391 466//392 467//393 
f 167//391 166//394 468//395 
f 468//395 466//392 167//391 
f 166//394 165//396 468//395 
f 165//396 469//397 470//398 
f 471//399 472//400 165//396 
f 165//396 164//401 471//399 
f 472//400 469//397 165//396 
f 164//401 163//402 471//399 
f 473//403 474//404 163//402 
f 163//402 162//405 473//403 
f 474//404 475//406 163//402 
f 162//405 161//407 473//403 
f 475//406 476//408 163//402 
f 477//409 478//410 161//407 
f 161//407 160//411 477//409 
f 478//410 479//412 161//407 
f 160//411 159//413 477//409 
f 159//413 480//414 481//415 
f 482//416 483//417 159//413 
f 159//413 158//418 482//416 
f 483//417 480//414 159//413 
f 158//418 157//419 482//416 
f 157//419 484//420 485//421 
f 485//421 486//422 157//419 
f 487//423 484//420 157//419 
f 157//419 156//424 487//423 
f 156//424 155//425 487//423 
f 155//425 488//426 489//427 
f 489//427 490//428 155//425 
f 491//429 488//426 155//425 
f 155//425 154//430 491//429 
f 154//430 298//221 491//429 
f 490//428 487//423 155//425 
f 486//422 482//416 157//419 
f 481//415 477//409 159//413 
f 479//412 473//403 161//407 
f 476//408 471//399 163//402 
f 470//398 468//395 165//396 
f 467//393 465//390 167//391 
f 168//389 167//391 465//390 
f 170//383 169//386 461//384 
f 458//378 455//376 173//376 
f 456//375 453//374 175//377 
f 176//373 175//377 453//374 
f 452//371 449//370 179//370 
f 450//369 448//368 181//368 
f 447//367 446//366 183//366 
f 445//365 444//364 185//364 
f 443//363 442//362 187//362 
f 188//361 187//362 442//362 
f 439//359 438//358 191//358 
f 437//357 436//356 193//356 
f 435//355 434//354 195//354 
f 433//353 432//352 197//352 
f 431//351 430//350 199//350 
f 429//349 428//348 201//348 
f 427//347 426//346 203//346 
f 425//345 424//344 205//344 
f 423//343 422//342 207//342 
f 421//341 420//340 209//340 
f 419//338 418//335 210//339 
f 214//337 210//339 418//335 
f 217//334 215//336 417//332 
f 220//331 218//333 416//329 
f 223//328 221//330 415//326 
f 226//325 224//327 414//323 
f 229//322 227//324 413//320 
f 232//319 230//321 412//317 
f 235//316 233//318 411//314 
f 238//313 236//315 410//311 
f 241//310 239//312 409//308 
f 244//307 242//309 408//305 
f 247//304 245//306 407//302 
f 250//301 248//303 406//299 
f 253//298 251//300 405//296 
f 257//293 254//297 402//292 
f 260//290 258//295 401//291 
f 263//282 261//287 396//283 
f 266//278 264//285 394//279 
f 269//276 267//281 393//277 
f 272//271 270//273 390//272 
f 386//265 384//262 276//263 
f 383//260 381//257 279//258 
f 380//255 378//252 282//253 
f 377//250 374//246 285//247 
f 375//248 370//240 288//241 
f 371//242 368//236 291//237 
f 367//234 362//228 294//230 
f 364//231 359//223 297//225 
f 360//224 491//429 298//221 
o mesh15
f 492//431 405//431 406//431 
f 492//431 402//431 405//431 
f 492//431 414//431 415//431 
f 492//431 411//431 412//431 
f 492//431 408//431 409//431 
f 406//431 407//431 492//431 
f 492//431 416//431 417//431 
f 492//431 413//431 414//431 
f 492//431 410//431 411//431 
f 407//431 408//431 492//431 
f 415//431 416//431 492//431 
f 409//431 410//431 492//431 
f 412//431 413//431 492//431 
f 492//431 403//431 402//431 
f 417//431 418//431 492//431 
o mesh16
f 492//432 493//432 494//432 
f 492//432 495//432 496//432 
f 492//432 497//432 498//432 
f 492//432 499//432 493//432 
f 492//432 500//432 501//432 
f 496//432 502//432 492//432 
f 492//432 503//432 504//432 
f 498//432 505//432 492//432 
f 494//432 506//432 492//432 
f 502//432 500//432 492//432 
f 504//432 507//432 492//432 
f 506//432 497//432 492//432 
f 507//432 495//432 492//432 
f 501//432 499//432 492//432 
f 492//432 508//432 503//432 
f 492//432 418//432 508//432 
f 505//432 509//432 492//432 
f 509//432 510//432 492//432 
o mesh17
f 492//433 511//433 512//433 
f 492//433 513//433 514//433 
f 492//433 515//433 516//433 
f 492//433 517//433 518//433 
f 492//433 519//433 520//433 
f 492//433 521//433 522//433 
f 514//433 511//433 492//433 
f 492//433 523//433 524//433 
f 518//433 515//433 492//433 
f 492//433 525//433 526//433 
f 492//433 527//433 528//433 
f 522//433 519//433 492//433 
f 492//433 529//433 530//433 
f 524//433 513//433 492//433 
f 526//433 517//433 492//433 
f 492//433 531//433 532//433 
f 492//433 533//433 534//433 
f 520//433 527//433 492//433 
f 512//433 529//433 492//433 
f 532//433 525//433 492//433 
f 528//433 533//433 492//433 
f 516//433 523//433 492//433 
f 492//433 535//433 536//433 
f 530//433 521//433 492//433 
f 534//433 535//433 492//433 
f 492//433 537//433 538//433 
f 538//433 531//433 492//433 
f 536//433 539//433 492//433 
f 492//433 510//433 537//433 
f 539//433 403//433 492//433 
o mesh18
f 508//434 540//434 541//435 
f 503//435 541//435 542//436 
f 504//436 542//436 543//437 
f 507//437 543//437 544//438 
f 495//438 544//438 545//439 
f 496//439 545//439 546//440 
f 502//440 546//440 547//441 
f 500//441 547//441 548//442 
f 501//442 548//442 549//443 
f 499//443 549//443 550//444 
f 493//444 550//444 551//445 
f 494//445 551//445 552//446 
f 506//446 552//446 553//447 
f 497//447 553//447 554//448 
f 498//448 554//448 555//449 
f 505//449 555//449 556//450 
f 557//451 558//451 510//452 
f 510//452 556//450 557//451 
f 558//451 557//451 559//453 
f 560//454 561//455 562//456 
f 562//456 563//457 560//454 
f 562//456 564//458 563//457 
f 563//457 565//459 566//460 
f 566//460 567//461 563//457 
f 566//460 568//462 567//461 
f 568//462 569//463 567//461 
f 567//461 570//464 571//465 
f 571//465 572//466 567//461 
f 571//465 573//467 572//466 
f 572//466 574//468 575//469 
f 575//469 576//470 572//466 
f 575//469 577//471 576//470 
f 578//472 579//473 580//474 
f 576//470 581//475 579//473 
f 579//473 578//472 576//470 
f 578//472 582//476 583//477 
f 583//477 584//478 578//472 
f 583//477 585//479 584//478 
f 586//480 587//481 588//482 
f 586//480 584//478 589//483 
f 589//483 587//481 586//480 
f 590//484 591//485 592//486 
f 590//484 593//487 591//485 
f 590//484 586//480 594//488 
f 594//488 593//487 590//484 
f 595//489 596//490 597//491 
f 595//489 590//484 598//492 
f 598//492 596//490 595//489 
f 599//493 600//494 601//495 
f 599//493 595//489 602//496 
f 602//496 600//494 599//493 
f 603//497 599//493 604//498 
f 604//498 605//499 603//497 
f 605//499 606//500 603//497 
f 607//501 603//497 608//502 
f 608//502 609//503 607//501 
f 610//504 607//501 611//505 
f 611//505 612//506 610//504 
f 613//507 610//504 614//508 
f 614//508 615//509 613//507 
f 616//510 613//507 617//511 
f 617//511 618//512 616//510 
f 619//513 616//510 620//514 
f 620//514 621//515 619//513 
f 622//516 619//513 623//517 
f 623//517 624//518 622//516 
f 625//519 622//516 626//520 
f 626//520 627//521 625//519 
f 627//521 628//522 625//519 
f 628//522 629//523 625//519 
f 630//524 631//525 632//526 
f 630//524 633//527 631//525 
f 630//524 559//453 634//528 
f 634//528 635//529 630//524 
f 559//453 625//519 636//530 
f 636//530 637//531 559//453 
f 637//531 634//528 559//453 
f 635//529 638//532 630//524 
f 638//532 633//527 630//524 
f 508//434 418//533 639//533 
f 639//533 418//533 419//534 
f 419//534 640//534 639//533 
f 640//534 419//534 420//535 
f 420//535 641//536 640//534 
f 641//536 421//536 422//537 
f 422//537 642//538 641//536 
f 642//538 423//538 424//539 
f 424//539 643//540 642//538 
f 643//540 425//540 426//541 
f 426//541 644//542 643//540 
f 644//542 427//542 428//543 
f 428//543 645//544 644//542 
f 645//544 429//544 430//545 
f 430//545 646//546 645//544 
f 646//546 431//546 432//547 
f 432//547 647//548 646//546 
f 647//548 433//548 434//549 
f 434//549 648//550 647//548 
f 648//550 435//550 436//551 
f 436//551 649//552 648//550 
f 649//552 437//552 438//553 
f 438//553 650//554 649//552 
f 650//554 439//554 440//555 
f 440//555 651//556 650//554 
f 651//556 441//556 442//557 
f 442//557 652//558 651//556 
f 652//558 443//558 444//559 
f 444//559 653//560 652//558 
f 653//560 445//560 446//561 
f 446//561 654//562 653//560 
f 655//563 654//562 447//562 
f 447//562 448//564 655//563 
f 656//565 655//563 450//566 
f 450//566 449//567 656//565 
f 657//568 656//565 452//569 
f 452//569 451//570 657//568 
f 658//571 657//568 454//572 
f 454//572 453//573 658//571 
f 659//574 658//571 456//575 
f 456//575 455//576 659//574 
f 560//454 457//577 462//578 
f 560//454 659//574 458//579 
f 458//579 457//577 560//454 
f 462//578 561//455 560//454 
f 455//576 458//579 659//574 
f 453//573 456//575 658//571 
f 451//570 454//572 657//568 
f 449//567 452//569 656//565 
f 448//564 450//566 655//563 
f 446//561 447//562 654//562 
f 444//559 445//560 653//560 
f 442//557 443//558 652//558 
f 440//555 441//556 651//556 
f 438//553 439//554 650//554 
f 436//551 437//552 649//552 
f 434//549 435//550 648//550 
f 432//547 433//548 647//548 
f 430//545 431//546 646//546 
f 428//543 429//544 645//544 
f 426//541 427//542 644//542 
f 424//539 425//540 643//540 
f 422//537 423//538 642//538 
f 420//535 421//536 641//536 
f 639//533 540//434 508//434 
f 632//526 660//580 630//524 
f 629//523 636//530 625//519 
f 624//518 626//520 622//516 
f 621//515 623//517 619//513 
f 618//512 620//514 616//510 
f 615//509 617//511 613//507 
f 612//506 614//508 610//504 
f 609//503 611//505 607//501 
f 606//500 608//502 603//497 
f 601//495 604//498 599//493 
f 597//491 602//496 595//489 
f 592//486 598//492 590//484 
f 588//482 594//488 586//480 
f 585//479 589//483 584//478 
f 580//474 582//476 578//472 
f 577//471 581//475 576//470 
f 573//467 574//468 572//466 
f 569//463 570//464 567//461 
f 564//458 565//459 563//457 
f 559//453 630//524 558//451 
f 510//452 509//581 556//450 
f 556//450 509//581 505//449 
f 555//449 505//449 498//448 
f 554//448 498//448 497//447 
f 553//447 497//447 506//446 
f 552//446 506//446 494//445 
f 551//445 494//445 493//444 
f 550//444 493//444 499//443 
f 549//443 499//443 501//442 
f 548//442 501//442 500//441 
f 547//441 500//441 502//440 
f 546//440 502//440 496//439 
f 545//439 496//439 495//438 
f 544//438 495//438 507//437 
f 543//437 507//437 504//436 
f 542//436 504//436 503//435 
f 541//435 503//435 508//434 
o mesh19
f 510//582 558//582 630//582 
f 630//582 660//582 510//582 
o mesh20
f 661//583 640//583 641//583 
f 641//583 642//583 661//583 
f 642//583 643//583 661//583 
f 643//583 644//583 661//583 
f 644//583 645//583 661//583 
f 645//583 646//583 661//583 
f 646//583 647//583 661//583 
f 647//583 648//583 661//583 
f 648//583 649//583 661//583 
f 649//583 650//583 661//583 
f 650//583 651//583 661//583 
f 651//583 652//583 661//583 
f 652//583 653//583 661//583 
f 653//583 654//583 661//583 
f 654//583 655//583 661//583 
f 655//583 656//583 661//583 
f 656//583 657//583 661//583 
f 657//583 658//583 661//583 
f 658//583 659//583 661//583 
f 659//583 560//583 661//583 
f 560//583 563//583 661//583 
f 563//583 567//583 661//583 
f 567//583 572//583 661//583 
f 572//583 576//583 661//583 
f 576//583 578//583 661//583 
f 578//583 584//583 661//583 
f 584//583 586//583 661//583 
f 586//583 590//583 661//583 
f 590//583 595//583 661//583 
f 595//583 599//583 661//583 
f 599//583 603//583 661//583 
f 603//583 607//583 661//583 
f 607//583 610//583 661//583 
f 610//583 613//583 661//583 
f 613//583 616//583 661//583 
f 616//583 619//583 661//583 
f 619//583 622//583 661//583 
f 622//583 625//583 661//583 
f 625//583 559//583 661//583 
f 559//583 557//583 661//583 
f 557//583 556//583 661//583 
f 556//583 555//583 661//583 
f 555//583 554//583 661//583 
f 554//583 553//583 661//583 
f 553//583 552//583 661//583 
f 552//583 551//583 661//583 
f 551//583 550//583 661//583 
f 550//583 549//583 661//583 
f 549//583 548//583 661//583 
f 548//583 547//583 661//583 
f 547//583 546//583 661//583 
f 546//583 545//583 661//583 
f 545//583 544//583 661//583 
f 544//583 543//583 661//583 
f 543//583 542//583 661//583 
f 542//583 541//583 661//583 
f 541//583 540//583 661//583 
f 540//583 639//583 661//583 
f 639//583 640//583 661//583 
o mesh21
f 662//584 663//585 325//585 
f 664//586 662//584 338//587 
f 665//588 664//586 339//589 
f 666//590 665//588 340//591 
f 667//592 666//590 341//593 
f 668//594 667//592 342//595 
f 669//596 668//594 352//597 
f 670//598 669//596 353//599 
f 671//600 670//598 357//601 
f 672//602 671//600 343//603 
f 673//604 672//602 344//605 
f 674//606 673//604 354//607 
f 675//608 674//606 346//609 
f 676//610 675//608 345//611 
f 677//612 676//610 313//613 
f 678//614 677//612 312//615 
f 679//616 678//614 314//617 
f 680//618 679//616 326//619 
f 681//620 680//618 327//621 
f 682//622 681//620 315//623 
f 683//624 682//622 316//625 
f 684//626 683//624 355//627 
f 685//628 684//626 356//629 
f 686//630 685//628 348//631 
f 687//632 686//630 347//633 
f 688//634 687//632 349//635 
f 689//636 688//634 350//637 
f 690//638 689//636 328//639 
f 324//640 691//641 692//642 
f 324//640 693//643 691//641 
f 323//642 694//644 695//645 
f 323//642 692//642 694//644 
f 322//645 696//646 697//647 
f 322//645 695//645 696//646 
f 321//648 698//649 699//650 
f 321//648 697//647 698//649 
f 319//650 699//650 700//651 
f 700//651 320//652 319//650 
f 320//652 701//652 702//653 
f 351//653 702//653 703//654 
f 703//654 337//655 351//653 
f 337//655 704//655 705//656 
f 705//656 304//657 337//655 
f 304//657 706//657 707//658 
f 707//658 303//659 304//657 
f 303//659 708//660 709//661 
f 709//661 308//662 303//659 
f 308//662 710//662 711//663 
f 711//663 307//664 308//662 
f 307//664 712//664 713//665 
f 713//665 302//666 307//664 
f 302//666 714//666 715//667 
f 715//667 300//668 302//666 
f 300//668 716//668 717//669 
f 717//669 301//670 300//668 
f 305//671 301//670 718//670 
f 718//670 719//672 305//671 
f 306//673 305//671 720//674 
f 720//674 721//675 306//673 
f 311//676 306//673 722//677 
f 722//677 723//678 311//676 
f 309//679 311//676 724//680 
f 724//680 725//681 309//679 
f 310//682 309//679 726//683 
f 726//683 727//684 310//682 
f 318//685 310//682 728//686 
f 728//686 729//687 318//685 
f 336//688 318//685 730//689 
f 730//689 731//690 336//688 
f 335//691 336//688 732//692 
f 732//692 733//693 335//691 
f 334//694 335//691 734//695 
f 333//696 334//694 735//697 
f 735//697 736//698 333//696 
f 332//699 333//696 737//700 
f 737//700 738//701 332//699 
f 330//702 332//699 739//703 
f 739//703 740//704 330//702 
f 331//705 330//702 741//706 
f 741//706 742//707 331//705 
f 329//708 331//705 743//709 
f 743//709 744//710 329//708 
f 690//638 317//711 745//712 
f 745//712 746//712 690//638 
f 746//712 747//713 690//638 
f 317//711 329//708 748//713 
f 748//713 745//712 317//711 
f 747//713 749//714 750//715 
f 747//713 751//716 749//714 
f 752//715 753//717 754//718 
f 752//715 750//715 753//717 
f 755//718 756//719 757//720 
f 755//718 754//718 756//719 
f 758//721 759//722 760//723 
f 758//721 757//720 759//722 
f 761//723 760//723 762//724 
f 762//724 763//725 761//723 
f 763//725 764//725 765//726 
f 766//726 765//726 767//727 
f 767//727 768//728 766//726 
f 768//728 769//728 770//729 
f 770//729 771//730 768//728 
f 771//730 772//730 773//731 
f 773//731 774//732 771//730 
f 774//732 775//733 776//734 
f 776//734 777//735 774//732 
f 777//735 778//735 779//736 
f 779//736 780//737 777//735 
f 780//737 781//737 782//738 
f 782//738 783//739 780//737 
f 783//739 784//739 785//740 
f 785//740 786//741 783//739 
f 786//741 787//741 788//742 
f 788//742 789//743 786//741 
f 790//744 789//743 791//743 
f 791//743 792//745 790//744 
f 793//746 790//744 794//747 
f 794//747 795//748 793//746 
f 796//749 793//746 797//750 
f 797//750 798//751 796//749 
f 799//752 796//749 800//753 
f 800//753 801//754 799//752 
f 802//755 799//752 803//756 
f 803//756 804//757 802//755 
f 805//758 802//755 806//759 
f 806//759 807//760 805//758 
f 808//761 805//758 809//762 
f 809//762 810//763 808//761 
f 811//764 808//761 812//765 
f 812//765 813//766 811//764 
f 814//767 811//764 815//768 
f 816//769 814//767 817//770 
f 817//770 818//771 816//769 
f 819//772 816//769 820//773 
f 820//773 821//774 819//772 
f 822//775 819//772 823//776 
f 823//776 824//777 822//775 
f 825//778 822//775 826//779 
f 826//779 827//780 825//778 
f 828//781 825//778 829//782 
f 829//782 830//783 828//781 
f 325//585 663//585 831//784 
f 831//784 324//640 325//585 
f 663//585 828//781 832//785 
f 832//785 833//784 663//585 
f 833//784 831//784 663//585 
f 831//784 693//643 324//640 
f 830//783 832//785 828//781 
f 827//780 829//782 825//778 
f 824//777 826//779 822//775 
f 821//774 823//776 819//772 
f 818//771 820//773 816//769 
f 815//768 817//770 814//767 
f 813//766 815//768 811//764 
f 810//763 812//765 808//761 
f 807//760 809//762 805//758 
f 804//757 806//759 802//755 
f 801//754 803//756 799//752 
f 798//751 800//753 796//749 
f 795//748 797//750 793//746 
f 792//745 794//747 790//744 
f 788//742 791//743 789//743 
f 785//740 787//741 786//741 
f 782//738 784//739 783//739 
f 779//736 781//737 780//737 
f 776//734 778//735 777//735 
f 773//731 775//733 774//732 
f 770//729 772//730 771//730 
f 767//727 769//728 768//728 
f 765//726 766//726 763//725 
f 762//724 764//725 763//725 
f 760//723 761//723 758//721 
f 757//720 758//721 755//718 
f 754//718 755//718 752//715 
f 750//715 752//715 747//713 
f 746//712 751//716 747//713 
f 744//710 748//713 329//708 
f 742//707 743//709 331//705 
f 740//704 741//706 330//702 
f 738//701 739//703 332//699 
f 736//698 737//700 333//696 
f 734//695 735//697 334//694 
f 733//693 734//695 335//691 
f 731//690 732//692 336//688 
f 729//687 730//689 318//685 
f 727//684 728//686 310//682 
f 725//681 726//683 309//679 
f 723//678 724//680 311//676 
f 721//675 722//677 306//673 
f 719//672 720//674 305//671 
f 717//669 718//670 301//670 
f 715//667 716//668 300//668 
f 713//665 714//666 302//666 
f 711//663 712//664 307//664 
f 709//661 710//662 308//662 
f 707//658 708//660 303//659 
f 705//656 706//657 304//657 
f 703//654 704//655 337//655 
f 702//653 351//653 320//652 
f 700//651 701//652 320//652 
f 699//650 319//650 321//648 
f 697//647 321//648 322//645 
f 695//645 322//645 323//642 
f 692//642 323//642 324//640 
f 328//639 317//711 690//638 
f 350//637 328//639 689//636 
f 349//635 350//637 688//634 
f 347//633 349//635 687//632 
f 348//631 347//633 686//630 
f 356//629 348//631 685//628 
f 355//627 356//629 684//626 
f 316//625 355//627 683//624 
f 315//623 316//625 682//622 
f 327//621 315//623 681//620 
f 326//619 327//621 680//618 
f 314//617 326//619 679//616 
f 312//615 314//617 678//614 
f 313//613 312//615 677//612 
f 345//611 313//613 676//610 
f 346//609 345//611 675//608 
f 354//607 346//609 674//606 
f 344//605 354//607 673//604 
f 343//603 344//605 672//602 
f 357//601 343//603 671//600 
f 353//599 357//601 670//598 
f 352//597 353//599 669//596 
f 342//595 352//597 668//594 
f 341//593 342//595 667//592 
f 340//591 341//593 666//590 
f 339//589 340//591 665//588 
f 338//587 339//589 664//586 
f 325//585 338//587 662//584 
o mesh22
f 834//786 835//786 836//786 
f 836//786 837//786 834//786 
f 838//786 839//786 840//786 
f 838//786 841//786 842//786 
f 838//786 843//786 844//786 
f 845//786 834//786 846//786 
f 834//786 847//786 835//786 
f 834//786 845//786 848//786 
f 840//786 849//786 838//786 
f 842//786 850//786 838//786 
f 838//786 851//786 852//786 
f 844//786 853//786 838//786 
f 846//786 854//786 845//786 
f 848//786 847//786 834//786 
f 850//786 839//786 838//786 
f 853//786 851//786 838//786 
f 845//786 855//786 856//786 
f 837//786 857//786 834//786 
f 858//786 859//786 860//786 
f 843//786 838//786 861//786 
f 852//786 841//786 838//786 
f 854//786 855//786 845//786 
f 860//786 862//786 858//786 
f 863//786 746//786 745//786 
f 849//786 864//786 838//786 
f 865//786 863//786 866//786 
f 867//786 831//786 833//786 
f 862//786 845//786 858//786 
f 863//786 865//786 746//786 
f 866//786 843//786 865//786 
f 867//786 858//786 831//786 
f 858//786 867//786 859//786 
f 861//786 865//786 843//786 
f 856//786 858//786 845//786 
f 833//786 863//786 867//786 
f 745//786 867//786 863//786 
o mesh23
f 863//787 833//788 832//789 
f 832//789 830//790 863//787 
f 830//790 829//791 863//787 
f 829//791 827//792 863//787 
f 827//792 826//793 863//787 
f 826//793 824//794 863//787 
f 824//794 823//795 863//787 
f 866//796 863//787 821//797 
f 821//797 820//798 866//796 
f 843//799 817//800 815//801 
f 843//799 866//796 818//802 
f 818//802 817//800 843//799 
f 844//803 843//799 813//804 
f 813//804 812//805 844//803 
f 853//806 809//807 807//808 
f 807//808 806//809 853//806 
f 853//806 844//803 810//810 
f 810//810 809//807 853//806 
f 851//811 853//806 804//812 
f 804//812 803//813 851//811 
f 852//814 851//811 801//815 
f 801//815 800//816 852//814 
f 841//817 852//814 798//818 
f 798//818 797//819 841//817 
f 842//820 794//821 792//822 
f 842//820 841//817 795//823 
f 795//823 794//821 842//820 
f 842//820 787//824 785//825 
f 842//820 791//826 788//827 
f 788//827 787//824 842//820 
f 850//828 784//829 782//830 
f 850//828 785//825 784//829 
f 839//830 781//831 779//832 
f 839//830 782//830 781//831 
f 840//832 778//833 776//834 
f 840//832 779//832 778//833 
f 849//834 772//835 770//836 
f 849//834 773//837 772//835 
f 849//834 775//838 773//837 
f 849//834 776//834 775//838 
f 864//839 769//840 767//841 
f 864//839 770//836 769//840 
f 838//842 764//843 762//844 
f 838//842 765//845 764//843 
f 838//842 767//841 765//845 
f 861//846 760//847 759//848 
f 861//846 762//844 760//847 
f 865//848 749//849 751//850 
f 865//848 750//851 749//849 
f 865//848 753//852 750//851 
f 865//848 754//853 753//852 
f 865//848 756//854 754//853 
f 865//848 757//855 756//854 
f 865//848 759//848 757//855 
f 751//850 746//856 865//848 
f 759//848 865//848 861//846 
f 762//844 861//846 838//842 
f 767//841 838//842 864//839 
f 770//836 864//839 849//834 
f 776//834 849//834 840//832 
f 779//832 840//832 839//830 
f 782//830 839//830 850//828 
f 785//825 850//828 842//820 
f 792//822 791//826 842//820 
f 797//819 795//823 841//817 
f 800//816 798//818 852//814 
f 803//813 801//815 851//811 
f 806//809 804//812 853//806 
f 812//805 810//810 844//803 
f 815//801 813//804 843//799 
f 820//798 818//802 866//796 
f 823//795 821//797 863//787 
o mesh24
f 867//857 745//858 748//859 
f 748//859 744//860 867//857 
f 744//860 743//861 867//857 
f 743//861 742//862 867//857 
f 742//862 741//863 867//857 
f 741//863 740//864 867//857 
f 740//864 739//865 867//857 
f 859//866 867//857 738//867 
f 738//867 737//868 859//866 
f 860//869 735//870 734//871 
f 860//869 859//866 736//872 
f 736//872 735//870 860//869 
f 862//873 860//869 733//874 
f 733//874 732//875 862//873 
f 845//876 730//877 729//878 
f 729//878 728//879 845//876 
f 845//876 862//873 731//880 
f 731//880 730//877 845//876 
f 848//881 845//876 727//882 
f 727//882 726//883 848//881 
f 847//884 848//881 725//885 
f 725//885 724//886 847//884 
f 835//887 847//884 723//888 
f 723//888 722//889 835//887 
f 836//890 720//891 719//892 
f 836//890 835//887 721//893 
f 721//893 720//891 836//890 
f 836//890 716//894 715//895 
f 836//890 718//896 717//897 
f 717//897 716//894 836//890 
f 837//898 714//899 713//900 
f 837//898 715//895 714//899 
f 857//900 712//901 711//902 
f 857//900 713//900 712//901 
f 834//902 710//903 709//904 
f 834//902 711//902 710//903 
f 846//904 706//905 705//906 
f 846//904 707//907 706//905 
f 846//904 708//908 707//907 
f 846//904 709//904 708//908 
f 854//909 704//910 703//911 
f 854//909 705//906 704//910 
f 855//912 701//913 700//914 
f 855//912 702//915 701//913 
f 855//912 703//911 702//915 
f 856//916 699//917 698//918 
f 856//916 700//914 699//917 
f 858//918 691//919 693//920 
f 858//918 692//921 691//919 
f 858//918 694//922 692//921 
f 858//918 695//923 694//922 
f 858//918 696//924 695//923 
f 858//918 697//925 696//924 
f 858//918 698//918 697//925 
f 693//920 831//926 858//918 
f 698//918 858//918 856//916 
f 700//914 856//916 855//912 
f 703//911 855//912 854//909 
f 705//906 854//909 846//904 
f 709//904 846//904 834//902 
f 711//902 834//902 857//900 
f 713//900 857//900 837//898 
f 715//895 837//898 836//890 
f 719//892 718//896 836//890 
f 722//889 721//893 835//887 
f 724//886 723//888 847//884 
f 726//883 725//885 848//881 
f 728//879 727//882 845//876 
f 732//875 731//880 862//873 
f 734//871 733//874 860//869 
f 737//868 736//872 859//866 
f 739//865 738//867 867//857 
o mesh25
f 868//927 677//927 678//927 
f 678//927 679//927 868//927 
f 679//927 680//927 868//927 
f 680//927 681//927 868//927 
f 681//927 682//927 868//927 
f 682//927 683//927 868//927 
f 683//927 684//927 868//927 
f 684//927 685//927 868//927 
f 685//927 686//927 868//927 
f 686//927 687//927 868//927 
f 687//927 688//927 868//927 
f 688//927 689//927 868//927 
f 689//927 690//927 868//927 
f 690//927 747//927 868//927 
f 747//927 752//927 868//927 
f 752//927 755//927 868//927 
f 755//927 758//927 868//927 
f 758//927 761//927 868//927 
f 761//927 763//927 868//927 
f 763//927 766//927 868//927 
f 766//927 768//927 868//927 
f 768//927 771//927 868//927 
f 771//927 774//927 868//927 
f 774//927 777//927 868//927 
f 777//927 780//927 868//927 
f 780//927 783//927 868//927 
f 783//927 786//927 868//927 
f 786//927 789//927 868//927 
f 789//927 790//927 868//927 
f 790//927 793//927 868//927 
f 793//927 796//927 868//927 
f 796//927 799//927 868//927 
f 799//927 802//927 868//927 
f 802//927 805//927 868//927 
f 805//927 808//927 868//927 
f 808//927 811//927 868//927 
f 811//927 814//927 868//927 
f 814//927 816//927 868//927 
f 816//927 819//927 868//927 
f 819//927 822//927 868//927 
f 822//927 825//927 868//927 
f 825//927 828//927 868//927 
f 828//927 663//927 868//927 
f 663//927 662//927 868//927 
f 662//927 664//927 868//927 
f 664//927 665//927 868//927 
f 665//927 666//927 868//927 
f 666//927 667//927 868//927 
f 667//927 668//927 868//927 
f 668//927 669//927 868//927 
f 669//927 670//927 868//927 
f 670//927 671//927 868//927 
f 671//927 672//927 868//927 
f 672//927 673//927 868//927 
f 673//927 674//927 868//927 
f 674//927 675//927 868//927 
f 675//927 676//927 868//927 
f 676//927 677//927 868//927 
o mesh26
f 869//928 870//929 871//930 
f 871//930 872//930 869//928 
f 873//931 874//932 875//933 
f 875//933 876//934 873//931 
f 873//931 877//935 878//936 
f 878//936 879//937 873//931 
f 879//937 874//932 873//931 
f 876//934 870//929 873//931 
f 869//928 873//931 870//929 
f 880//938 881//939 882//940 
f 880//938 871//930 881//939 
f 882//940 883//940 880//938 
f 880//938 884//941 871//930 
f 885//942 886//943 887//944 
f 885//942 882//940 886//943 
f 887//944 888//945 885//942 
f 885//942 889//946 882//940 
f 888//945 890//947 891//948 
f 888//945 887//944 890//947 
f 891//948 892//948 893//949 
f 893//949 894//950 891//948 
f 892//948 891//948 895//951 
f 895//951 896//952 892//948 
f 897//953 898//953 899//954 
f 899//954 896//952 897//953 
f 900//955 901//956 902//957 
f 900//955 897//953 901//956 
f 902//957 903//958 900//955 
f 900//955 904//959 897//953 
f 903//958 905//960 906//961 
f 903//958 902//957 905//960 
f 906//961 907//961 908//962 
f 908//962 909//963 906//961 
f 907//961 910//964 911//965 
f 907//961 906//961 910//964 
f 911//965 912//966 913//967 
f 913//967 914//968 911//965 
f 912//966 915//969 916//970 
f 912//966 911//965 915//969 
f 916//970 917//970 918//971 
f 919//972 920//973 921//974 
f 922//975 916//970 920//973 
f 920//973 923//976 922//975 
f 920//973 919//972 923//976 
f 922//975 917//970 916//970 
f 924//977 925//978 926//979 
f 927//980 928//981 925//978 
f 925//978 929//982 927//980 
f 925//978 924//977 929//982 
f 927//980 919//972 928//981 
f 930//983 931//984 932//985 
f 933//986 934//987 931//984 
f 931//984 935//988 933//986 
f 931//984 930//983 935//988 
f 933//986 924//977 934//987 
f 936//989 937//990 938//991 
f 938//991 939//992 936//989 
f 938//991 940//993 939//992 
f 936//989 930//983 937//990 
f 941//994 942//995 943//996 
f 941//994 944//997 942//995 
f 943//996 945//998 941//994 
f 943//996 946//999 945//998 
f 941//994 940//993 944//997 
f 947//1000 948//1001 946//999 
f 946//999 949//1002 947//1000 
f 950//1003 951//1004 952//1005 
f 952//1005 948//1001 950//1003 
f 947//1000 950//1003 948//1001 
f 953//1006 954//1007 955//1008 
f 955//1008 956//1009 953//1006 
f 954//1007 957//1010 955//1008 
f 956//1009 958//1011 953//1006 
f 958//1011 951//1004 953//1006 
f 959//1012 960//1013 961//1014 
f 961//1014 962//1015 959//1012 
f 960//1013 963//1016 961//1014 
f 962//1015 964//1017 959//1012 
f 964//1017 955//1008 959//1012 
f 965//1018 966//1019 967//1020 
f 967//1020 968//1021 965//1018 
f 966//1019 969//1022 967//1020 
f 968//1021 970//1023 965//1018 
f 970//1023 961//1014 965//1018 
f 971//1024 972//1025 973//1026 
f 973//1026 974//1027 971//1024 
f 974//1027 975//1028 971//1024 
f 972//1025 976//1029 973//1026 
f 975//1028 967//1020 971//1024 
f 977//1030 978//1031 979//1032 
f 980//1033 978//1031 977//1030 
f 977//1030 981//1034 980//1033 
f 981//1034 982//1035 980//1033 
f 982//1035 973//1026 980//1033 
f 983//1036 984//1037 985//1038 
f 986//1039 984//1037 983//1036 
f 983//1036 987//1040 986//1039 
f 987//1040 988//1041 986//1039 
f 988//1041 977//1030 986//1039 
f 989//1042 990//1043 991//1044 
f 991//1044 992//1045 989//1042 
f 990//1043 993//1046 991//1044 
f 992//1045 994//1047 989//1042 
f 995//1048 996//1049 994//1047 
f 994//1047 997//1050 995//1048 
f 997//1050 998//1051 995//1048 
f 996//1049 999//1052 994//1047 
f 1000//1053 1001//1054 998//1051 
f 998//1051 1002//1055 1000//1053 
f 1002//1055 1003//1056 1000//1053 
f 1001//1054 1004//1057 998//1051 
f 1005//1058 1006//1059 1003//1056 
f 1003//1056 1007//1060 1005//1058 
f 1007//1060 1008//1061 1005//1058 
f 1006//1059 1009//1062 1003//1056 
f 1008//1061 1010//1063 1011//1064 
f 1012//1065 1010//1063 1008//1061 
f 1008//1061 1013//1066 1012//1065 
f 1013//1066 1014//1067 1012//1065 
f 1014//1067 1015//1068 1016//1069 
f 1017//1070 1015//1068 1014//1067 
f 1014//1067 1018//1070 1017//1070 
f 1018//1070 1019//1071 1020//1072 
f 1021//1073 1019//1071 1018//1070 
f 1018//1070 1022//1074 1021//1073 
f 1022//1074 1023//1075 1021//1073 
f 1023//1075 1024//1076 1025//1077 
f 1026//1078 1027//1079 1028//1080 
f 1026//1078 1024//1076 1023//1075 
f 1023//1075 1027//1079 1026//1078 
f 1028//1080 1029//1081 1026//1078 
f 1029//1081 1030//1082 1031//1083 
f 1031//1083 1032//1084 1029//1081 
f 1033//1085 1034//1086 1035//1087 
f 1033//1085 1036//1088 1034//1086 
f 1033//1085 1037//1089 1038//1090 
f 1033//1085 1030//1082 1029//1081 
f 1029//1081 1037//1089 1033//1085 
f 1038//1090 1036//1088 1033//1085 
f 1035//1087 1039//1091 1033//1085 
f 1039//1091 1040//1092 1033//1085 
f 1041//1093 1042//1094 1043//1095 
f 1042//1094 1044//1096 1045//1097 
f 1042//1094 1041//1093 1046//1098 
f 1046//1098 1044//1096 1042//1094 
f 1045//1097 1047//1099 1042//1094 
f 1043//1095 1048//1100 1041//1093 
f 1045//1097 1049//1101 1050//1102 
f 1050//1102 1051//1103 1045//1097 
f 1049//1101 1045//1097 1052//1104 
f 1052//1104 1053//1105 1049//1101 
f 1052//1104 1054//1106 1053//1105 
f 1054//1106 1055//1107 1056//1108 
f 1055//1107 1054//1106 1057//1109 
f 1057//1109 1058//1110 1055//1107 
f 1057//1109 1059//1110 1058//1110 
f 1060//1111 1059//1110 1061//1112 
f 1061//1112 1062//1113 1060//1111 
f 1061//1112 1063//1113 1062//1113 
f 1060//1111 1064//1114 1059//1110 
f 1065//1115 1063//1113 1066//1116 
f 1066//1116 1067//1117 1065//1115 
f 1066//1116 1068//1117 1067//1117 
f 1065//1115 1069//1118 1063//1113 
f 1068//1117 1070//1119 1071//1120 
f 1070//1119 1072//1121 1073//1122 
f 1070//1119 1068//1117 1072//1121 
f 1073//1122 1074//1122 1070//1119 
f 1071//1120 1075//1123 1068//1117 
f 1076//1124 1077//1125 1078//1126 
f 1076//1124 1073//1122 1077//1125 
f 1078//1126 1079//1127 1076//1124 
f 1076//1124 1080//1128 1073//1122 
f 1081//1129 1078//1126 1082//1130 
f 1082//1130 1083//1131 1081//1129 
f 1081//1129 1084//1132 1078//1126 
f 1082//1130 1085//1133 1083//1131 
f 1086//1134 1087//1135 1088//1136 
f 1087//1135 1086//1134 1089//1137 
f 1089//1137 1085//1133 1087//1135 
f 1089//1137 1090//1138 1085//1133 
f 1088//1136 1091//1139 1086//1134 
f 1092//1140 1093//1141 1094//1142 
f 1093//1141 1092//1140 1095//1143 
f 1095//1143 1091//1139 1093//1141 
f 1095//1143 1096//1144 1091//1139 
f 1096//1144 1086//1134 1091//1139 
f 1097//1145 1098//1146 1099//1147 
f 1098//1146 1097//1145 1100//1148 
f 1100//1148 1101//1149 1098//1146 
f 1100//1148 1102//1150 1101//1149 
f 1102//1150 1092//1140 1101//1149 
f 1103//1151 1104//1152 1105//1153 
f 1105//1153 1106//1154 1103//1151 
f 1105//1153 1107//1155 1106//1154 
f 1107//1155 1097//1145 1106//1154 
f 1108//1156 1109//1157 1110//1158 
f 1110//1158 1111//1159 1108//1156 
f 1110//1158 1112//1160 1111//1159 
f 1108//1156 1113//1161 1109//1157 
f 1112//1160 1104//1152 1111//1159 
f 1114//1162 1115//1163 1116//1164 
f 1116//1164 1117//1165 1118//1166 
f 1116//1164 1118//1166 1114//1162 
f 1116//1164 1119//1167 1117//1165 
f 1119//1167 1109//1157 1117//1165 
f 1120//1168 1121//1169 1122//1170 
f 1122//1170 1123//1171 1120//1168 
f 1120//1168 1124//1172 1125//1173 
f 1125//1173 1121//1169 1120//1168 
f 1123//1171 1115//1163 1120//1168 
f 1124//1172 1126//1174 1125//1173 
f 1127//1173 1128//1175 1129//1176 
f 1129//1176 1130//1177 1127//1173 
f 1128//1175 1131//1178 1129//1176 
f 1130//1177 1132//1179 1127//1173 
f 1132//1179 1125//1173 1127//1173 
f 1133//1180 1134//1181 1135//1182 
f 1135//1182 1136//1183 1133//1180 
f 1134//1181 1137//1184 1135//1182 
f 1136//1183 1138//1185 1133//1180 
f 1137//1184 1129//1176 1135//1182 
f 1139//1186 1140//1187 1141//1188 
f 1141//1188 1142//1189 1139//1186 
f 1140//1187 1143//1190 1141//1188 
f 1142//1189 1144//1191 1139//1186 
f 1143//1190 1133//1180 1141//1188 
f 1145//1192 1146//1193 1147//1194 
f 1147//1194 1148//1195 1145//1192 
f 1148//1195 1149//1196 1145//1192 
f 1146//1193 1150//1197 1147//1194 
f 1150//1197 1139//1186 1147//1194 
f 1151//1198 1152//1199 1153//1200 
f 1153//1200 1154//1201 1151//1198 
f 1152//1199 1155//1202 1153//1200 
f 1154//1201 1156//1203 1151//1198 
f 1155//1202 1145//1192 1153//1200 
f 1157//1204 1158//1205 1159//1206 
f 1157//1204 1160//1207 1161//1208 
f 1161//1208 1158//1205 1157//1204 
f 1160//1207 1162//1209 1161//1208 
f 1162//1209 1151//1198 1161//1208 
f 1163//1210 1164//1211 1165//1212 
f 1165//1212 1166//1213 1163//1210 
f 1166//1213 1167//1214 1163//1210 
f 1164//1211 1168//1215 1165//1212 
f 1169//1216 1170//1217 1167//1214 
f 1167//1214 1171//1218 1169//1216 
f 1170//1217 1172//1219 1167//1214 
f 1171//1218 1173//1220 1169//1216 
f 1174//1221 1175//1222 1173//1220 
f 1173//1220 1176//1223 1174//1221 
f 1176//1223 1177//1224 1174//1221 
f 1175//1222 1178//1225 1173//1220 
f 1179//1226 1180//1227 1177//1224 
f 1177//1224 1181//1228 1179//1226 
f 1181//1228 1182//1229 1179//1226 
f 1180//1227 1183//1230 1177//1224 
f 1184//1231 1185//1232 1182//1229 
f 1182//1229 1186//1231 1184//1231 
f 1185//1232 1187//1233 1182//1229 
f 1188//1234 1189//1235 1186//1231 
f 1186//1231 1190//1236 1188//1234 
f 1189//1235 1191//1237 1186//1231 
f 1190//1236 1192//1238 1188//1234 
f 1193//1239 1194//1240 1192//1238 
f 1192//1238 1195//1241 1193//1239 
f 1195//1241 1196//1242 1193//1239 
f 1194//1240 1197//1243 1192//1238 
f 1198//1244 1199//1245 1200//1246 
f 1198//1244 1201//1247 1199//1245 
f 1198//1244 1202//1248 1196//1242 
f 1196//1242 1201//1247 1198//1244 
f 1200//1246 1203//1249 1198//1244 
f 1202//1248 1204//1250 1196//1242 
f 1205//1251 459//1252 461//1253 
f 1206//1254 460//1255 459//1252 
f 459//1252 1205//1251 1206//1254 
f 1206//1254 1207//1256 460//1255 
f 1208//1257 463//1258 465//1259 
f 1205//1251 464//1260 463//1258 
f 463//1258 1208//1257 1209//1261 
f 463//1258 1209//1261 1205//1251 
f 1210//1262 466//1263 468//1264 
f 1208//1257 467//1265 466//1263 
f 466//1263 1210//1262 1211//1266 
f 466//1263 1211//1266 1208//1257 
f 1212//1267 470//1268 469//1269 
f 469//1269 1213//1270 1212//1267 
f 1212//1267 1210//1262 470//1268 
f 1214//1271 476//1272 475//1273 
f 471//1274 1215//1275 1213//1270 
f 471//1274 1214//1271 1215//1275 
f 1213//1270 472//1276 471//1274 
f 471//1274 476//1272 1214//1271 
f 473//1277 1216//1278 1214//1271 
f 473//1277 1217//1279 1216//1278 
f 1214//1271 474//1280 473//1277 
f 473//1277 479//1281 1217//1279 
f 477//1282 1218//1283 1219//1284 
f 1219//1284 478//1285 477//1282 
f 477//1282 481//1286 1218//1283 
f 1219//1284 1217//1279 478//1285 
f 481//1286 480//1287 1218//1283 
f 482//1288 1220//1289 1218//1283 
f 482//1288 1221//1290 1220//1289 
f 1218//1283 483//1291 482//1288 
f 482//1288 486//1292 1221//1290 
f 1222//1293 484//1294 487//1295 
f 484//1294 1223//1296 1221//1290 
f 484//1294 1224//1297 1225//1298 
f 1225//1298 1226//1299 484//1294 
f 484//1294 1222//1293 1227//1300 
f 1227//1300 1228//1301 484//1294 
f 1228//1301 1224//1297 484//1294 
f 1226//1299 1223//1296 484//1294 
f 1221//1290 485//1302 484//1294 
f 487//1295 490//1303 1222//1293 
f 1229//1304 1230//1305 1400//1306 
f 1231//1307 1232//1308 1400//1306 
f 1232//1308 1231//1307 1233//1309 
f 1232//1308 1234//1308 1235//1310 
f 1222//1293 489//1311 1232//1308 
f 1235//1310 1222//1293 1232//1308 
f 1232//1308 1041//1093 1234//1308 
f 1232//1308 1236//1312 1041//1093 
f 1232//1308 1237//1313 1236//1312 
f 1233//1309 1237//1313 1232//1308 
f 1400//1306 1230//1305 1231//1307 
f 1238//1314 488//1315 491//1316 
f 489//1311 1239//1317 1240//1318 
f 489//1311 1241//1319 1239//1317 
f 489//1311 488//1315 1238//1314 
f 1238//1314 1242//1320 489//1311 
f 1242//1320 1243//1321 489//1311 
f 1243//1321 1241//1319 489//1311 
f 1240//1318 1244//1322 489//1311 
f 491//1316 360//1323 1238//1314 
f 360//1323 358//1324 1238//1314 
f 1244//1322 1232//1308 489//1311 
f 1245//1324 1246//1325 1234//1308 
f 1247//1326 1248//1327 1040//1092 
f 1040//1092 1249//1328 1247//1326 
f 1249//1328 1246//1325 1247//1326 
f 1246//1325 1245//1324 1247//1326 
f 1248//1327 1033//1085 1040//1092 
f 1234//1308 1041//1093 1245//1324 
f 1250//1329 364//1330 363//1331 
f 358//1324 1251//1332 1252//1333 
f 358//1324 359//1334 1250//1329 
f 1250//1329 1253//1335 358//1324 
f 1253//1335 1251//1332 358//1324 
f 1252//1333 1238//1314 358//1324 
f 359//1334 364//1330 1250//1329 
f 361//1336 362//1337 1254//1338 
f 1254//1338 1255//1339 361//1336 
f 362//1337 367//1340 1254//1338 
f 1255//1339 1250//1329 361//1336 
f 1256//1341 365//1342 368//1343 
f 366//1344 365//1342 1256//1341 
f 1256//1341 1257//1345 366//1344 
f 1257//1345 1254//1338 366//1344 
f 368//1343 371//1346 1256//1341 
f 369//1347 370//1348 1258//1349 
f 1258//1349 1259//1350 369//1347 
f 1259//1350 1256//1341 369//1347 
f 370//1348 375//1351 1258//1349 
f 1260//1352 372//1353 374//1354 
f 373//1355 372//1353 1260//1352 
f 1260//1352 1261//1356 373//1355 
f 1261//1356 1258//1349 373//1355 
f 1262//1357 376//1358 378//1359 
f 1262//1357 1260//1352 377//1360 
f 377//1360 376//1358 1262//1357 
f 1263//1361 379//1362 381//1363 
f 1263//1361 1264//1364 380//1365 
f 380//1365 379//1362 1263//1361 
f 1264//1364 1262//1357 380//1365 
f 1265//1366 382//1367 384//1368 
f 1265//1366 1266//1369 383//1370 
f 383//1370 382//1367 1265//1366 
f 1266//1369 1263//1361 383//1370 
f 1267//1371 385//1372 387//1373 
f 386//1374 1268//1375 1269//1376 
f 1267//1371 1268//1375 386//1374 
f 386//1374 385//1372 1267//1371 
f 1269//1376 1265//1366 386//1374 
f 389//1377 1270//1378 1271//1379 
f 1272//1380 388//1381 390//1382 
f 1272//1380 1270//1378 389//1377 
f 389//1377 388//1381 1272//1380 
f 390//1382 392//1383 1272//1380 
f 392//1383 1273//1384 1274//1385 
f 1275//1386 391//1387 393//1388 
f 1275//1386 1273//1384 392//1383 
f 392//1383 391//1387 1275//1386 
f 393//1388 395//1389 1275//1386 
f 395//1389 1276//1390 1277//1391 
f 1278//1392 1276//1390 395//1389 
f 395//1389 394//1393 1278//1392 
f 394//1393 398//1394 1278//1392 
f 398//1394 397//1395 1278//1392 
f 397//1395 1279//1396 1280//1397 
f 1281//1398 1279//1396 397//1395 
f 397//1395 396//1399 1281//1398 
f 396//1399 400//1400 1281//1398 
f 1282//1401 399//1402 401//1403 
f 1282//1401 1283//1404 400//1400 
f 400//1400 399//1402 1282//1401 
f 1283//1404 1284//1405 400//1400 
f 401//1403 404//1406 1282//1401 
f 1285//1407 1286//1408 404//1406 
f 404//1406 539//1407 1285//1407 
f 404//1406 403//1409 539//1407 
f 1286//1408 1287//1410 404//1406 
f 536//1411 1288//1412 1289//1413 
f 1289//1413 539//1407 536//1411 
f 536//1411 535//1412 1288//1412 
f 1289//1413 1290//1414 539//1407 
f 534//1415 1291//1416 1292//1417 
f 1292//1417 535//1412 534//1415 
f 534//1415 533//1416 1291//1416 
f 1292//1417 1293//1418 535//1412 
f 528//1419 1294//1420 1295//1421 
f 1295//1421 533//1416 528//1419 
f 527//1422 1296//1423 1294//1420 
f 528//1419 527//1422 1294//1420 
f 520//1424 1297//1425 1298//1426 
f 1298//1426 527//1422 520//1424 
f 520//1424 519//1425 1297//1425 
f 1298//1426 1299//1427 527//1422 
f 522//1428 1300//1429 1301//1430 
f 1301//1430 519//1425 522//1428 
f 522//1428 521//1429 1300//1429 
f 1301//1430 1302//1431 519//1425 
f 530//1432 1303//1433 1304//1434 
f 1304//1434 521//1429 530//1432 
f 529//1435 1305//1435 1303//1433 
f 530//1432 529//1435 1303//1433 
f 512//1436 1306//1437 1305//1435 
f 1305//1435 529//1435 512//1436 
f 514//1438 1307//1439 1308//1440 
f 1308//1440 511//1441 514//1438 
f 514//1438 513//1442 1307//1439 
f 524//1443 1309//1444 1310//1445 
f 1310//1445 513//1442 524//1443 
f 524//1443 523//1444 1309//1444 
f 516//1446 1311//1447 1309//1444 
f 1309//1444 523//1444 516//1446 
f 515//1448 1312//1448 1311//1447 
f 518//1449 1313//1450 1314//1451 
f 1314//1451 515//1448 518//1449 
f 518//1449 517//1450 1313//1450 
f 526//1452 1315//1453 1316//1454 
f 1316//1454 517//1450 526//1452 
f 526//1452 525//1453 1315//1453 
f 532//1455 1317//1456 1315//1453 
f 1315//1453 525//1453 532//1455 
f 531//1457 1318//1457 1317//1456 
f 538//1458 1319//1459 1318//1457 
f 538//1458 1320//1460 1321//1461 
f 1321//1461 1319//1459 538//1458 
f 1318//1457 531//1457 538//1458 
f 1322//1462 1323//1463 1401//1464 
f 1324//1465 1325//1466 1401//1464 
f 1325//1466 1326//1467 1327//1468 
f 632//1469 631//1470 1402//1471 
f 631//1470 1328//1470 1325//1466 
f 1325//1466 660//1472 1402//1471 
f 1325//1466 537//1473 660//1472 
f 1325//1466 1402//1471 631//1470 
f 1402//1471 660//1472 632//1469 
f 1325//1466 1320//1460 537//1473 
f 1325//1466 1329//1474 1320//1460 
f 1327//1468 1329//1474 1325//1466 
f 1325//1466 1324//1465 1326//1467 
f 537//1473 510//1475 660//1472 
f 1401//1464 1323//1463 1324//1465 
f 1330//1476 877//935 1403//1477 
f 1331//1478 1332//1479 1403//1477 
f 1333//1480 1203//1249 1332//1479 
f 1332//1479 1331//1478 1334//1481 
f 1332//1479 1334//1481 1333//1480 
f 1333//1480 1198//1244 1203//1249 
f 1403//1477 877//935 1331//1478 
f 1328//1470 1335//1482 1336//1483 
f 1328//1470 1337//1484 1335//1482 
f 1328//1470 1338//1485 1203//1249 
f 1203//1249 1339//1486 1328//1470 
f 1339//1486 1340//1487 1328//1470 
f 1340//1487 1337//1484 1328//1470 
f 1338//1485 1341//1488 1203//1249 
f 1336//1483 1342//1488 1328//1470 
f 1341//1488 1332//1479 1203//1249 
f 1403//1477 1332//1479 1330//1476 
f 1342//1488 1325//1466 1328//1470 
f 1404//1489 1343//1490 1344//1491 
f 1404//1489 1345//1492 1343//1490 
f 1404//1489 1346//1493 1347//1494 
f 636//1495 629//1496 1348//1496 
f 1346//1493 1404//1489 636//1495 
f 1348//1496 1346//1493 636//1495 
f 1347//1494 1345//1492 1404//1489 
f 1349//1497 631//1470 1404//1489 
f 1344//1491 1349//1497 1404//1489 
f 1404//1489 631//1470 633//1498 
f 633//1498 638//1499 1404//1489 
f 638//1499 635//1500 1404//1489 
f 1404//1489 634//1501 637//1502 
f 637//1502 636//1495 1404//1489 
f 635//1500 634//1501 1404//1489 
f 629//1496 1350//1503 1351//1504 
f 1350//1503 628//1504 627//1505 
f 1350//1503 629//1496 628//1504 
f 627//1505 1352//1505 1350//1503 
f 626//1506 624//1507 1353//1507 
f 1353//1507 1354//1508 626//1506 
f 1352//1505 627//1505 626//1506 
f 1353//1507 623//1509 621//1510 
f 1353//1507 624//1507 623//1509 
f 1355//1511 621//1510 620//1512 
f 620//1512 1356//1513 1355//1511 
f 620//1512 618//1513 1356//1513 
f 1357//1514 617//1515 615//1516 
f 1357//1514 618//1513 617//1515 
f 615//1516 1358//1516 1357//1514 
f 614//1517 612//1518 1359//1518 
f 1359//1518 1360//1519 614//1517 
f 1358//1516 615//1516 614//1517 
f 1361//1520 612//1518 611//1521 
f 611//1521 1362//1522 1361//1520 
f 1361//1520 1359//1518 612//1518 
f 1363//1523 609//1522 608//1524 
f 608//1524 1364//1525 1363//1523 
f 608//1524 606//1525 1364//1525 
f 606//1525 1365//1526 1366//1527 
f 1367//1528 605//1529 604//1530 
f 1365//1526 606//1525 605//1529 
f 605//1529 1367//1528 1365//1526 
f 604//1530 601//1531 1367//1528 
f 1368//1532 600//1533 602//1534 
f 1369//1535 601//1531 600//1533 
f 600//1533 1368//1532 1369//1535 
f 1369//1535 1370//1536 601//1531 
f 1370//1536 1367//1528 601//1531 
f 1371//1537 596//1538 598//1539 
f 1372//1540 597//1541 596//1538 
f 596//1538 1371//1537 1372//1540 
f 1372//1540 1373//1542 597//1541 
f 1373//1542 1368//1532 597//1541 
f 1374//1543 592//1544 591//1545 
f 591//1545 1375//1546 1374//1543 
f 1374//1543 1376//1545 592//1544 
f 591//1545 593//1546 1375//1546 
f 1377//1547 594//1548 588//1549 
f 1377//1547 593//1546 594//1548 
f 588//1549 1378//1550 1377//1547 
f 1377//1547 1379//1549 593//1546 
f 1379//1549 1375//1546 593//1546 
f 1380//1551 587//1550 589//1552 
f 589//1552 1381//1553 1380//1551 
f 589//1552 585//1554 1381//1553 
f 1380//1551 1382//1554 587//1550 
f 1382//1554 1378//1550 587//1550 
f 582//1555 1383//1556 1384//1557 
f 1384//1557 583//1558 582//1555 
f 582//1555 580//1559 1383//1556 
f 1384//1557 1385//1559 583//1558 
f 1385//1559 1381//1553 583//1558 
f 581//1560 1386//1561 1387//1562 
f 1387//1562 579//1563 581//1560 
f 1387//1562 1388//1564 579//1563 
f 581//1560 577//1564 1386//1561 
f 577//1564 575//1565 1386//1561 
f 574//1566 1389//1567 1390//1568 
f 1390//1568 575//1565 574//1566 
f 574//1566 573//1568 1389//1567 
f 1390//1568 1386//1561 575//1565 
f 571//1567 1391//1569 1392//1570 
f 570//1571 1393//1572 1391//1569 
f 1391//1569 571//1567 570//1571 
f 570//1571 569//1573 1393//1572 
f 1392//1570 1389//1567 571//1567 
f 1394//1574 566//1575 565//1576 
f 568//1577 1395//1578 1396//1579 
f 566//1575 1394//1574 1395//1578 
f 1395//1578 568//1577 566//1575 
f 1396//1579 1393//1572 568//1577 
f 564//1580 1397//1581 1398//1582 
f 1207//1256 562//1583 561//1584 
f 561//1584 460//1255 1207//1256 
f 562//1583 1207//1256 1397//1581 
f 1397//1581 564//1580 562//1583 
f 561//1584 462//1585 460//1255 
f 1398//1582 1394//1574 564//1580 
f 565//1576 564//1580 1394//1574 
f 569//1573 568//1577 1393//1572 
f 573//1568 571//1567 1389//1567 
f 1388//1564 1383//1556 579//1563 
f 580//1559 579//1563 1383//1556 
f 585//1554 583//1558 1381//1553 
f 588//1549 587//1550 1378//1550 
f 1376//1545 1371//1537 592//1544 
f 598//1539 592//1544 1371//1537 
f 602//1534 597//1541 1368//1532 
f 1366//1527 1364//1525 606//1525 
f 1363//1523 1362//1522 609//1522 
f 611//1521 609//1522 1362//1522 
f 1360//1519 1358//1516 614//1517 
f 1357//1514 1356//1513 618//1513 
f 1355//1511 1399//1586 621//1510 
f 621//1510 1399//1586 1353//1507 
f 1354//1508 1352//1505 626//1506 
f 1351//1504 1348//1496 629//1496 
f 1349//1497 1328//1470 631//1470 
f 1401//1464 1325//1466 1322//1462 
f 538//1458 537//1473 1320//1460 
f 532//1455 531//1457 1317//1456 
f 1316//1454 1313//1450 517//1450 
f 1314//1451 1312//1448 515//1448 
f 516//1446 515//1448 1311//1447 
f 1310//1445 1307//1439 513//1442 
f 1308//1440 1306//1437 511//1441 
f 512//1436 511//1441 1306//1437 
f 1304//1434 1300//1429 521//1429 
f 1302//1431 1297//1425 519//1425 
f 1299//1427 1296//1423 527//1422 
f 1295//1421 1291//1416 533//1416 
f 1293//1418 1288//1412 535//1412 
f 1290//1414 1285//1407 539//1407 
f 1287//1410 1282//1401 404//1406 
f 1284//1405 1281//1398 400//1400 
f 1280//1397 1278//1392 397//1395 
f 1277//1391 1275//1386 395//1389 
f 1274//1385 1272//1380 392//1383 
f 1271//1379 1267//1371 389//1377 
f 387//1373 389//1377 1267//1371 
f 384//1368 386//1374 1265//1366 
f 381//1363 383//1370 1263//1361 
f 378//1359 380//1365 1262//1357 
f 374//1354 377//1360 1260//1352 
f 375//1351 373//1355 1258//1349 
f 371//1346 369//1347 1256//1341 
f 367//1340 366//1344 1254//1338 
f 363//1331 361//1336 1250//1329 
f 1400//1306 1232//1308 1229//1304 
f 490//1303 489//1311 1222//1293 
f 486//1292 485//1302 1221//1290 
f 480//1287 483//1291 1218//1283 
f 479//1281 478//1285 1217//1279 
f 475//1273 474//1280 1214//1271 
f 469//1269 472//1276 1213//1270 
f 468//1264 470//1268 1210//1262 
f 465//1259 467//1265 1208//1257 
f 461//1253 464//1260 1205//1251 
f 1204//1250 1193//1239 1196//1242 
f 1197//1243 1188//1234 1192//1238 
f 1191//1237 1184//1231 1186//1231 
f 1187//1233 1179//1226 1182//1229 
f 1183//1230 1174//1221 1177//1224 
f 1178//1225 1169//1216 1173//1220 
f 1172//1219 1163//1210 1167//1214 
f 1168//1215 1157//1204 1165//1212 
f 1159//1206 1165//1212 1157//1204 
f 1156//1203 1161//1208 1151//1198 
f 1149//1196 1153//1200 1145//1192 
f 1144//1191 1147//1194 1139//1186 
f 1138//1185 1141//1188 1133//1180 
f 1131//1178 1135//1182 1129//1176 
f 1126//1174 1127//1173 1125//1173 
f 1114//1162 1120//1168 1115//1163 
f 1113//1161 1117//1165 1109//1157 
f 1103//1151 1111//1159 1104//1152 
f 1099//1147 1106//1154 1097//1145 
f 1094//1142 1101//1149 1092//1140 
f 1090//1138 1083//1131 1085//1133 
f 1084//1132 1079//1127 1078//1126 
f 1080//1128 1074//1122 1073//1122 
f 1075//1123 1067//1117 1068//1117 
f 1069//1118 1062//1113 1063//1113 
f 1064//1114 1058//1110 1059//1110 
f 1056//1108 1053//1105 1054//1106 
f 1051//1103 1047//1099 1045//1097 
f 1048//1100 1245//1324 1041//1093 
f 1032//1084 1026//1078 1029//1081 
f 1025//1077 1021//1073 1023//1075 
f 1020//1072 1017//1070 1018//1070 
f 1016//1069 1012//1065 1014//1067 
f 1011//1064 1005//1058 1008//1061 
f 1009//1062 1000//1053 1003//1056 
f 1004//1057 995//1048 998//1051 
f 999//1052 989//1042 994//1047 
f 993//1046 983//1036 991//1044 
f 985//1038 991//1044 983//1036 
f 979//1032 986//1039 977//1030 
f 976//1029 980//1033 973//1026 
f 969//1022 971//1024 967//1020 
f 963//1016 965//1018 961//1014 
f 957//1010 959//1012 955//1008 
f 950//1003 953//1006 951//1004 
f 943//996 949//1002 946//999 
f 938//991 944//997 940//993 
f 932//985 937//990 930//983 
f 926//979 934//987 924//977 
f 921//974 928//981 919//972 
f 916//970 918//971 912//966 
f 911//965 914//968 907//961 
f 906//961 909//963 903//958 
f 904//959 898//953 897//953 
f 895//951 897//953 896//952 
f 891//948 894//950 888//945 
f 889//946 883//940 882//940 
f 884//941 872//930 871//930 
f 873//931 1331//1478 877//935 
o mesh27
f 1232//1587 1244//1587 1405//1587 
f 1405//1587 1406//1587 1232//1587 
o mesh28
f 1325//1587 1342//1587 1407//1587 
f 1407//1587 1408//1587 1325//1587 
o mesh29
f 1246//1588 1409//1588 1410//1588 
f 1410//1588 1234//1588 1246//1588 
o mesh30
f 1341//1588 1411//1588 1412//1588 
f 1412//1588 1332//1588 1341//1588 
o mesh31
f 1405//1589 1413//1589 1414//1590 
f 1407//1591 1415//1591 1416//1592 
f 1413//1589 1252//1593 1251//1594 
f 1413//1589 1405//1589 1252//1593 
f 1405//1589 1238//1595 1252//1593 
f 1405//1589 1242//1596 1238//1595 
f 1405//1589 1239//1597 1241//1598 
f 1405//1589 1240//1599 1239//1597 
f 1405//1589 1244//1600 1240//1599 
f 1241//1598 1243//1601 1405//1589 
f 1243//1601 1242//1596 1405//1589 
f 1417//1602 1251//1594 1253//1603 
f 1253//1603 1418//1604 1417//1602 
f 1253//1603 1250//1605 1418//1604 
f 1418//1604 1255//1606 1254//1607 
f 1254//1607 1419//1608 1418//1604 
f 1419//1608 1257//1609 1256//1610 
f 1256//1610 1420//1611 1419//1608 
f 1420//1611 1259//1612 1258//1613 
f 1258//1613 1421//1614 1420//1611 
f 1421//1614 1261//1615 1260//1616 
f 1260//1616 1422//1617 1421//1614 
f 1260//1616 1262//1618 1422//1617 
f 1422//1617 1264//1619 1263//1620 
f 1263//1620 1423//1621 1422//1617 
f 1423//1621 1266//1622 1265//1623 
f 1265//1623 1424//1624 1423//1621 
f 1424//1624 1269//1625 1268//1626 
f 1268//1626 1425//1627 1424//1624 
f 1268//1626 1267//1628 1425//1627 
f 1425//1627 1271//1629 1270//1630 
f 1270//1630 1426//1631 1425//1627 
f 1270//1630 1272//1632 1426//1631 
f 1427//1633 1274//1634 1273//1635 
f 1273//1635 1428//1636 1427//1633 
f 1427//1633 1426//1631 1274//1634 
f 1273//1635 1275//1637 1428//1636 
f 1428//1636 1277//1638 1276//1639 
f 1276//1639 1429//1640 1428//1636 
f 1276//1639 1278//1641 1429//1640 
f 1429//1640 1280//1642 1279//1643 
f 1279//1643 1430//1644 1429//1640 
f 1279//1643 1281//1645 1430//1644 
f 1281//1645 1284//1646 1430//1644 
f 1430//1644 1283//1647 1282//1648 
f 1282//1648 1431//1649 1430//1644 
f 1282//1648 1287//1650 1431//1649 
f 1432//1651 1285//1652 1290//1653 
f 1432//1651 1431//1649 1286//1654 
f 1286//1654 1285//1652 1432//1651 
f 1433//1655 1288//1656 1293//1657 
f 1433//1655 1432//1651 1289//1658 
f 1289//1658 1288//1656 1433//1655 
f 1434//1659 1291//1660 1295//1661 
f 1434//1659 1433//1655 1292//1662 
f 1292//1662 1291//1660 1434//1659 
f 1435//1663 1296//1664 1299//1665 
f 1435//1663 1434//1659 1294//1666 
f 1294//1666 1296//1664 1435//1663 
f 1436//1667 1297//1668 1302//1669 
f 1436//1667 1435//1663 1298//1670 
f 1298//1670 1297//1668 1436//1667 
f 1437//1671 1300//1672 1304//1673 
f 1437//1671 1436//1667 1301//1674 
f 1301//1674 1300//1672 1437//1671 
f 1438//1675 1437//1671 1303//1676 
f 1303//1676 1305//1677 1438//1675 
f 1305//1677 1306//1678 1438//1675 
f 1439//1679 1438//1675 1308//1680 
f 1308//1680 1307//1681 1439//1679 
f 1440//1682 1439//1679 1310//1683 
f 1310//1683 1309//1684 1440//1682 
f 1441//1685 1440//1682 1311//1686 
f 1311//1686 1312//1687 1441//1685 
f 1442//1688 1441//1685 1314//1689 
f 1314//1689 1313//1690 1442//1688 
f 1443//1691 1442//1688 1316//1692 
f 1316//1692 1315//1693 1443//1691 
f 1444//1694 1320//1695 1329//1696 
f 1444//1694 1318//1697 1319//1698 
f 1444//1694 1443//1691 1317//1699 
f 1317//1699 1318//1697 1444//1694 
f 1319//1698 1321//1700 1444//1694 
f 1321//1700 1320//1695 1444//1694 
f 1408//1701 1326//1702 1324//1703 
f 1324//1703 1323//1704 1408//1701 
f 1323//1704 1322//1705 1408//1701 
f 1416//1592 1444//1694 1327//1706 
f 1327//1706 1408//1701 1416//1592 
f 1327//1706 1326//1702 1408//1701 
f 1415//1591 1199//1707 1201//1708 
f 1415//1591 1407//1591 1199//1707 
f 1407//1591 1200//1709 1199//1707 
f 1407//1591 1203//1710 1200//1709 
f 1407//1591 1335//1711 1337//1712 
f 1407//1591 1336//1713 1335//1711 
f 1407//1591 1342//1714 1336//1713 
f 1337//1712 1340//1715 1407//1591 
f 1340//1715 1339//1716 1407//1591 
f 1339//1716 1203//1710 1407//1591 
f 1445//1717 1201//1708 1196//1718 
f 1196//1718 1446//1719 1445//1717 
f 1446//1719 1195//1720 1192//1721 
f 1192//1721 1447//1722 1446//1719 
f 1448//1723 1186//1724 1182//1725 
f 1447//1722 1190//1726 1186//1724 
f 1186//1724 1448//1723 1447//1722 
f 1448//1723 1181//1727 1177//1728 
f 1177//1728 1449//1729 1448//1723 
f 1449//1729 1176//1730 1173//1731 
f 1173//1731 1450//1732 1449//1729 
f 1450//1732 1171//1733 1167//1734 
f 1167//1734 1451//1735 1450//1732 
f 1451//1735 1166//1736 1165//1737 
f 1165//1737 1452//1738 1451//1735 
f 1452//1738 1159//1739 1158//1740 
f 1158//1740 1453//1741 1452//1738 
f 1158//1740 1161//1742 1453//1741 
f 1161//1742 1156//1743 1453//1741 
f 1453//1741 1154//1744 1153//1745 
f 1153//1745 1454//1746 1453//1741 
f 1153//1745 1149//1747 1454//1746 
f 1454//1746 1148//1748 1147//1749 
f 1147//1749 1455//1750 1454//1746 
f 1147//1749 1144//1751 1455//1750 
f 1455//1750 1142//1752 1141//1753 
f 1141//1753 1456//1754 1455//1750 
f 1141//1753 1138//1755 1456//1754 
f 1456//1754 1136//1756 1135//1757 
f 1135//1757 1457//1758 1456//1754 
f 1135//1757 1131//1759 1457//1758 
f 1457//1758 1128//1760 1127//1761 
f 1127//1761 1458//1762 1457//1758 
f 1127//1761 1126//1763 1458//1762 
f 1459//1764 1120//1765 1114//1766 
f 1459//1764 1458//1762 1124//1767 
f 1124//1767 1120//1765 1459//1764 
f 1460//1768 1117//1769 1113//1770 
f 1460//1768 1459//1764 1118//1771 
f 1118//1771 1117//1769 1460//1768 
f 1461//1772 1103//1773 1106//1774 
f 1461//1772 1111//1775 1103//1773 
f 1461//1772 1460//1768 1108//1776 
f 1108//1776 1111//1775 1461//1772 
f 1462//1777 1098//1778 1101//1779 
f 1462//1777 1461//1772 1099//1780 
f 1099//1780 1098//1778 1462//1777 
f 1463//1781 1093//1782 1091//1783 
f 1463//1781 1462//1777 1094//1784 
f 1094//1784 1093//1782 1463//1781 
f 1464//1785 1463//1781 1088//1786 
f 1088//1786 1087//1787 1464//1785 
f 1087//1787 1085//1788 1464//1785 
f 1465//1789 1464//1785 1082//1790 
f 1082//1790 1078//1791 1465//1789 
f 1466//1792 1465//1789 1077//1793 
f 1077//1793 1073//1794 1466//1792 
f 1467//1795 1466//1792 1072//1796 
f 1072//1796 1068//1797 1467//1795 
f 1468//1798 1467//1795 1066//1799 
f 1066//1799 1063//1800 1468//1798 
f 1469//1801 1468//1798 1061//1802 
f 1061//1802 1059//1803 1469//1801 
f 1470//1804 1469//1801 1057//1805 
f 1057//1805 1054//1806 1470//1804 
f 1471//1807 1236//1808 1237//1809 
f 1471//1807 1045//1810 1044//1811 
f 1044//1811 1046//1812 1471//1807 
f 1471//1807 1470//1804 1052//1813 
f 1052//1813 1045//1810 1471//1807 
f 1046//1812 1041//1814 1471//1807 
f 1041//1814 1236//1808 1471//1807 
f 1414//1590 1471//1807 1233//1815 
f 1233//1815 1406//1816 1414//1590 
f 1233//1815 1231//1817 1406//1816 
f 1231//1817 1230//1818 1406//1816 
f 1230//1818 1229//1819 1406//1816 
f 1229//1819 1232//1820 1406//1816 
f 1237//1809 1233//1815 1471//1807 
f 1054//1806 1052//1813 1470//1804 
f 1059//1803 1057//1805 1469//1801 
f 1063//1800 1061//1802 1468//1798 
f 1068//1797 1066//1799 1467//1795 
f 1073//1794 1072//1796 1466//1792 
f 1078//1791 1077//1793 1465//1789 
f 1085//1788 1082//1790 1464//1785 
f 1091//1783 1088//1786 1463//1781 
f 1101//1779 1094//1784 1462//1777 
f 1106//1774 1099//1780 1461//1772 
f 1113//1770 1108//1776 1460//1768 
f 1114//1766 1118//1771 1459//1764 
f 1126//1763 1124//1767 1458//1762 
f 1131//1759 1128//1760 1457//1758 
f 1138//1755 1136//1756 1456//1754 
f 1144//1751 1142//1752 1455//1750 
f 1149//1747 1148//1748 1454//1746 
f 1156//1743 1154//1744 1453//1741 
f 1165//1737 1159//1739 1452//1738 
f 1167//1734 1166//1736 1451//1735 
f 1173//1731 1171//1733 1450//1732 
f 1177//1728 1176//1730 1449//1729 
f 1182//1725 1181//1727 1448//1723 
f 1192//1721 1190//1726 1447//1722 
f 1196//1718 1195//1720 1446//1719 
f 1201//1708 1445//1717 1415//1591 
f 1322//1705 1325//1821 1408//1701 
f 1329//1696 1327//1706 1444//1694 
f 1315//1693 1317//1699 1443//1691 
f 1313//1690 1316//1692 1442//1688 
f 1312//1687 1314//1689 1441//1685 
f 1309//1684 1311//1686 1440//1682 
f 1307//1681 1310//1683 1439//1679 
f 1306//1678 1308//1680 1438//1675 
f 1304//1673 1303//1676 1437//1671 
f 1302//1669 1301//1674 1436//1667 
f 1299//1665 1298//1670 1435//1663 
f 1295//1661 1294//1666 1434//1659 
f 1293//1657 1292//1662 1433//1655 
f 1290//1653 1289//1658 1432//1651 
f 1287//1650 1286//1654 1431//1649 
f 1284//1646 1283//1647 1430//1644 
f 1278//1641 1280//1642 1429//1640 
f 1275//1637 1277//1638 1428//1636 
f 1272//1632 1274//1634 1426//1631 
f 1267//1628 1271//1629 1425//1627 
f 1265//1623 1269//1625 1424//1624 
f 1263//1620 1266//1622 1423//1621 
f 1262//1618 1264//1619 1422//1617 
f 1258//1613 1261//1615 1421//1614 
f 1256//1610 1259//1612 1420//1611 
f 1254//1607 1257//1609 1419//1608 
f 1250//1605 1255//1606 1418//1604 
f 1251//1594 1417//1602 1413//1589 
f 1416//1592 1408//1701 1407//1591 
f 1414//1590 1406//1816 1405//1589 
o mesh32
f 1472//1822 1428//1822 1429//1822 
f 1429//1822 1430//1822 1472//1822 
f 1430//1822 1431//1822 1472//1822 
f 1431//1822 1432//1822 1472//1822 
f 1432//1822 1433//1822 1472//1822 
f 1433//1822 1434//1822 1472//1822 
f 1434//1822 1435//1822 1472//1822 
f 1435//1822 1436//1822 1472//1822 
f 1436//1822 1437//1822 1472//1822 
f 1437//1822 1438//1822 1472//1822 
f 1438//1822 1439//1822 1472//1822 
f 1439//1822 1440//1822 1472//1822 
f 1440//1822 1441//1822 1472//1822 
f 1441//1822 1442//1822 1472//1822 
f 1442//1822 1443//1822 1472//1822 
f 1443//1822 1444//1822 1472//1822 
f 1444//1822 1416//1822 1472//1822 
f 1416//1822 1415//1822 1472//1822 
f 1415//1822 1445//1822 1472//1822 
f 1445//1822 1446//1822 1472//1822 
f 1446//1822 1447//1822 1472//1822 
f 1447//1822 1448//1822 1472//1822 
f 1448//1822 1449//1822 1472//1822 
f 1449//1822 1450//1822 1472//1822 
f 1450//1822 1451//1822 1472//1822 
f 1451//1822 1452//1822 1472//1822 
f 1452//1822 1453//1822 1472//1822 
f 1453//1822 1454//1822 1472//1822 
f 1454//1822 1455//1822 1472//1822 
f 1455//1822 1456//1822 1472//1822 
f 1456//1822 1457//1822 1472//1822 
f 1457//1822 1458//1822 1472//1822 
f 1458//1822 1459//1822 1472//1822 
f 1459//1822 1460//1822 1472//1822 
f 1460//1822 1461//1822 1472//1822 
f 1461//1822 1462//1822 1472//1822 
f 1462//1822 1463//1822 1472//1822 
f 1463//1822 1464//1822 1472//1822 
f 1464//1822 1465//1822 1472//1822 
f 1465//1822 1466//1822 1472//1822 
f 1466//1822 1467//1822 1472//1822 
f 1467//1822 1468//1822 1472//1822 
f 1468//1822 1469//1822 1472//1822 
f 1469//1822 1470//1822 1472//1822 
f 1470//1822 1471//1822 1472//1822 
f 1471//1822 1414//1822 1472//1822 
f 1414//1822 1413//1822 1472//1822 
f 1413//1822 1417//1822 1472//1822 
f 1417//1822 1418//1822 1472//1822 
f 1418//1822 1419//1822 1472//1822 
f 1419//1822 1420//1822 1472//1822 
f 1420//1822 1421//1822 1472//1822 
f 1421//1822 1422//1822 1472//1822 
f 1422//1822 1423//1822 1472//1822 
f 1423//1822 1424//1822 1472//1822 
f 1424//1822 1425//1822 1472//1822 
f 1425//1822 1426//1822 1472//1822 
f 1426//1822 1427//1822 1472//1822 
f 1427//1822 1428//1822 1472//1822 
o mesh33
f 1409//1823 1473//1823 1474//1824 
f 1411//1825 1475//1825 1476//1826 
f 1475//1825 1411//1825 1349//1827 
f 1411//1825 1328//1828 1349//1827 
f 1411//1825 1341//1829 1338//1830 
f 1338//1830 1328//1828 1411//1825 
f 1477//1831 1348//1832 1351//1833 
f 1477//1831 1347//1834 1346//1835 
f 1346//1835 1348//1832 1477//1831 
f 1477//1831 1343//1836 1345//1837 
f 1345//1837 1347//1834 1477//1831 
f 1477//1831 1344//1838 1343//1836 
f 1478//1839 1349//1827 1344//1838 
f 1344//1838 1477//1831 1478//1839 
f 1477//1831 1350//1840 1352//1841 
f 1352//1841 1479//1842 1477//1831 
f 1480//1843 1353//1844 1399//1845 
f 1479//1842 1354//1846 1353//1844 
f 1353//1844 1480//1843 1479//1842 
f 1480//1843 1355//1847 1356//1848 
f 1356//1848 1481//1849 1480//1843 
f 1481//1849 1357//1850 1358//1851 
f 1358//1851 1482//1852 1481//1849 
f 1482//1852 1360//1853 1359//1854 
f 1359//1854 1483//1855 1482//1852 
f 1483//1855 1361//1856 1362//1857 
f 1362//1857 1484//1858 1483//1855 
f 1484//1858 1363//1859 1364//1860 
f 1364//1860 1485//1861 1484//1858 
f 1485//1861 1366//1862 1365//1863 
f 1365//1863 1486//1864 1485//1861 
f 1365//1863 1367//1865 1486//1864 
f 1367//1865 1370//1866 1486//1864 
f 1486//1864 1369//1867 1368//1868 
f 1368//1868 1487//1869 1486//1864 
f 1368//1868 1373//1870 1487//1869 
f 1487//1869 1372//1871 1371//1872 
f 1371//1872 1488//1873 1487//1869 
f 1371//1872 1376//1874 1488//1873 
f 1488//1873 1374//1875 1375//1876 
f 1375//1876 1489//1877 1488//1873 
f 1375//1876 1379//1878 1489//1877 
f 1489//1877 1377//1879 1378//1880 
f 1378//1880 1490//1881 1489//1877 
f 1378//1880 1382//1882 1490//1881 
f 1491//1883 1381//1884 1385//1885 
f 1490//1881 1380//1886 1381//1884 
f 1381//1884 1491//1883 1490//1881 
f 1492//1887 1491//1883 1384//1888 
f 1384//1888 1383//1889 1492//1887 
f 1383//1889 1388//1890 1492//1887 
f 1493//1891 1390//1892 1389//1893 
f 1493//1891 1386//1894 1390//1892 
f 1493//1891 1492//1887 1387//1895 
f 1387//1895 1386//1894 1493//1891 
f 1494//1896 1391//1897 1393//1898 
f 1494//1896 1495//1899 1392//1900 
f 1392//1900 1391//1897 1494//1896 
f 1495//1899 1493//1891 1392//1900 
f 1496//1901 1395//1902 1394//1903 
f 1496//1901 1494//1896 1396//1904 
f 1396//1904 1395//1902 1496//1901 
f 1497//1905 1496//1901 1398//1906 
f 1398//1906 1397//1907 1497//1905 
f 1397//1907 1207//1908 1497//1905 
f 1498//1909 1497//1905 1206//1910 
f 1206//1910 1205//1911 1498//1909 
f 1499//1912 1498//1909 1209//1913 
f 1209//1913 1208//1914 1499//1912 
f 1500//1915 1499//1912 1211//1916 
f 1211//1916 1210//1917 1500//1915 
f 1501//1918 1500//1915 1212//1919 
f 1212//1919 1213//1920 1501//1918 
f 1502//1921 1501//1918 1215//1922 
f 1215//1922 1214//1923 1502//1921 
f 1503//1924 1502//1921 1216//1925 
f 1216//1925 1217//1926 1503//1924 
f 1504//1927 1503//1924 1219//1928 
f 1219//1928 1218//1929 1504//1927 
f 1218//1929 1220//1930 1504//1927 
f 1220//1930 1221//1931 1504//1927 
f 1410//1932 1222//1933 1235//1934 
f 1410//1932 1227//1935 1222//1933 
f 1410//1932 1474//1824 1225//1936 
f 1225//1936 1224//1937 1410//1932 
f 1474//1824 1504//1927 1223//1938 
f 1223//1938 1226//1939 1474//1824 
f 1226//1939 1225//1936 1474//1824 
f 1224//1937 1228//1940 1410//1932 
f 1228//1940 1227//1935 1410//1932 
f 1473//1823 1409//1823 1039//1941 
f 1409//1823 1040//1942 1039//1941 
f 1409//1823 1246//1943 1249//1944 
f 1249//1944 1040//1942 1409//1823 
f 1505//1945 1029//1946 1028//1947 
f 1505//1945 1038//1948 1037//1949 
f 1505//1945 1034//1950 1036//1951 
f 1036//1951 1038//1948 1505//1945 
f 1037//1949 1029//1946 1505//1945 
f 1505//1945 1035//1952 1034//1950 
f 1506//1953 1039//1941 1035//1952 
f 1035//1952 1505//1945 1506//1953 
f 1505//1945 1027//1954 1023//1955 
f 1023//1955 1507//1956 1505//1945 
f 1508//1957 1018//1958 1014//1959 
f 1507//1956 1022//1960 1018//1958 
f 1018//1958 1508//1957 1507//1956 
f 1508//1957 1013//1961 1008//1962 
f 1008//1962 1509//1963 1508//1957 
f 1509//1963 1007//1964 1003//1965 
f 1003//1965 1510//1966 1509//1963 
f 1510//1966 1002//1967 998//1968 
f 998//1968 1511//1969 1510//1966 
f 1511//1969 997//1970 994//1971 
f 994//1971 1512//1972 1511//1969 
f 1512//1972 992//1973 991//1974 
f 991//1974 1513//1975 1512//1972 
f 1513//1975 985//1976 984//1977 
f 984//1977 1514//1978 1513//1975 
f 984//1977 986//1979 1514//1978 
f 1514//1978 979//1980 978//1981 
f 978//1981 1515//1982 1514//1978 
f 978//1981 980//1983 1515//1982 
f 980//1983 976//1984 1515//1982 
f 1515//1982 972//1985 971//1986 
f 971//1986 1516//1987 1515//1982 
f 971//1986 969//1988 1516//1987 
f 1516//1987 966//1989 965//1990 
f 965//1990 1517//1991 1516//1987 
f 965//1990 963//1992 1517//1991 
f 1518//1993 959//1994 957//1995 
f 1517//1991 960//1996 959//1994 
f 959//1994 1518//1993 1517//1991 
f 1518//1993 954//1997 953//1998 
f 953//1998 1519//1999 1518//1993 
f 953//1998 950//2000 1519//1999 
f 1520//2001 949//2002 943//2003 
f 1520//2001 1519//1999 947//2004 
f 947//2004 949//2002 1520//2001 
f 1521//2005 938//2006 937//2007 
f 1521//2005 944//2008 938//2006 
f 1521//2005 1520//2001 942//2009 
f 942//2009 944//2008 1521//2005 
f 1522//2010 931//2011 934//2012 
f 1522//2010 1521//2005 932//2013 
f 932//2013 931//2011 1522//2010 
f 1523//2014 925//2015 928//2016 
f 1523//2014 1522//2010 926//2017 
f 926//2017 925//2015 1523//2014 
f 1524//2018 1523//2014 921//2019 
f 921//2019 920//2020 1524//2018 
f 920//2020 916//2021 1524//2018 
f 1525//2022 1524//2018 915//2023 
f 915//2023 911//2024 1525//2022 
f 1526//2025 1525//2022 910//2026 
f 910//2026 906//2027 1526//2025 
f 1527//2028 1526//2025 905//2029 
f 905//2029 902//2030 1527//2028 
f 1528//2031 1527//2028 901//2032 
f 901//2032 897//2033 1528//2031 
f 1529//2034 1528//2031 895//2035 
f 895//2035 891//2036 1529//2034 
f 1530//2037 1529//2034 890//2038 
f 890//2038 887//2039 1530//2037 
f 1531//2040 1530//2037 886//2041 
f 886//2041 882//2042 1531//2040 
f 882//2042 881//2043 1531//2040 
f 881//2043 871//2044 1531//2040 
f 1412//2045 877//2046 1330//2047 
f 1412//2045 878//2048 877//2046 
f 1412//2045 1476//1826 875//2049 
f 875//2049 874//2050 1412//2045 
f 1476//1826 1531//2040 870//2051 
f 870//2051 876//2052 1476//1826 
f 876//2052 875//2049 1476//1826 
f 874//2050 879//2053 1412//2045 
f 879//2053 878//2048 1412//2045 
f 1330//2047 1332//2054 1412//2045 
f 871//2044 870//2051 1531//2040 
f 887//2039 886//2041 1530//2037 
f 891//2036 890//2038 1529//2034 
f 897//2033 895//2035 1528//2031 
f 902//2030 901//2032 1527//2028 
f 906//2027 905//2029 1526//2025 
f 911//2024 910//2026 1525//2022 
f 916//2021 915//2023 1524//2018 
f 928//2016 921//2019 1523//2014 
f 934//2012 926//2017 1522//2010 
f 937//2007 932//2013 1521//2005 
f 943//2003 942//2009 1520//2001 
f 950//2000 947//2004 1519//1999 
f 957//1995 954//1997 1518//1993 
f 963//1992 960//1996 1517//1991 
f 969//1988 966//1989 1516//1987 
f 976//1984 972//1985 1515//1982 
f 986//1979 979//1980 1514//1978 
f 991//1974 985//1976 1513//1975 
f 994//1971 992//1973 1512//1972 
f 998//1968 997//1970 1511//1969 
f 1003//1965 1002//1967 1510//1966 
f 1008//1962 1007//1964 1509//1963 
f 1014//1959 1013//1961 1508//1957 
f 1023//1955 1022//1960 1507//1956 
f 1028//1947 1027//1954 1505//1945 
f 1039//1941 1506//1953 1473//1823 
f 1235//1934 1234//2055 1410//1932 
f 1221//1931 1223//1938 1504//1927 
f 1217//1926 1219//1928 1503//1924 
f 1214//1923 1216//1925 1502//1921 
f 1213//1920 1215//1922 1501//1918 
f 1210//1917 1212//1919 1500//1915 
f 1208//1914 1211//1916 1499//1912 
f 1205//1911 1209//1913 1498//1909 
f 1207//1908 1206//1910 1497//1905 
f 1394//1903 1398//1906 1496//1901 
f 1393//1898 1396//1904 1494//1896 
f 1389//1893 1392//1900 1493//1891 
f 1388//1890 1387//1895 1492//1887 
f 1385//1885 1384//1888 1491//1883 
f 1382//1882 1380//1886 1490//1881 
f 1379//1878 1377//1879 1489//1877 
f 1376//1874 1374//1875 1488//1873 
f 1373//1870 1372//1871 1487//1869 
f 1370//1866 1369//1867 1486//1864 
f 1364//1860 1366//1862 1485//1861 
f 1362//1857 1363//1859 1484//1858 
f 1359//1854 1361//1856 1483//1855 
f 1358//1851 1360//1853 1482//1852 
f 1356//1848 1357//1850 1481//1849 
f 1399//1845 1355//1847 1480//1843 
f 1352//1841 1354//1846 1479//1842 
f 1351//1833 1350//1840 1477//1831 
f 1349//1827 1478//1839 1475//1825 
f 1476//1826 1412//2045 1411//1825 
f 1474//1824 1410//1932 1409//1823 
o mesh34
f 1532//2056 1494//2056 1496//2056 
f 1496//2056 1497//2056 1532//2056 
f 1497//2056 1498//2056 1532//2056 
f 1498//2056 1499//2056 1532//2056 
f 1499//2056 1500//2056 1532//2056 
f 1500//2056 1501//2056 1532//2056 
f 1501//2056 1502//2056 1532//2056 
f 1502//2056 1503//2056 1532//2056 
f 1503//2056 1504//2056 1532//2056 
f 1504//2056 1474//2056 1532//2056 
f 1474//2056 1473//2056 1532//2056 
f 1473//2056 1506//2056 1532//2056 
f 1506//2056 1505//2056 1532//2056 
f 1505//2056 1507//2056 1532//2056 
f 1507//2056 1508//2056 1532//2056 
f 1508//2056 1509//2056 1532//2056 
f 1509//2056 1510//2056 1532//2056 
f 1510//2056 1511//2056 1532//2056 
f 1511//2056 1512//2056 1532//2056 
f 1512//2056 1513//2056 1532//2056 
f 1513//2056 1514//2056 1532//2056 
f 1514//2056 1515//2056 1532//2056 
f 1515//2056 1516//2056 1532//2056 
f 1516//2056 1517//2056 1532//2056 
f 1517//2056 1518//2056 1532//2056 
f 1518//2056 1519//2056 1532//2056 
f 1519//2056 1520//2056 1532//2056 
f 1520//2056 1521//2056 1532//2056 
f 1521//2056 1522//2056 1532//2056 
f 1522//2056 1523//2056 1532//2056 
f 1523//2056 1524//2056 1532//2056 
f 1524//2056 1525//2056 1532//2056 
f 1525//2056 1526//2056 1532//2056 
f 1526//2056 1527//2056 1532//2056 
f 1527//2056 1528//2056 1532//2056 
f 1528//2056 1529//2056 1532//2056 
f 1529//2056 1530//2056 1532//2056 
f 1530//2056 1531//2056 1532//2056 
f 1531//2056 1476//2056 1532//2056 
f 1476//2056 1475//2056 1532//2056 
f 1475//2056 1478//2056 1532//2056 
f 1478//2056 1477//2056 1532//2056 
f 1477//2056 1479//2056 1532//2056 
f 1479//2056 1480//2056 1532//2056 
f 1480//2056 1481//2056 1532//2056 
f 1481//2056 1482//2056 1532//2056 
f 1482//2056 1483//2056 1532//2056 
f 1483//2056 1484//2056 1532//2056 
f 1484//2056 1485//2056 1532//2056 
f 1485//2056 1486//2056 1532//2056 
f 1486//2056 1487//2056 1532//2056 
f 1487//2056 1488//2056 1532//2056 
f 1488//2056 1489//2056 1532//2056 
f 1489//2056 1490//2056 1532//2056 
f 1490//2056 1491//2056 1532//2056 
f 1491//2056 1492//2056 1532//2056 
f 1492//2056 1493//2056 1532//2056 
f 1493//2056 1495//2056 1532//2056 
f 1495//2056 1494//2056 1532//2056 
o mesh35
f 1533//2057 1534//2058 1535//2059 
f 1534//2058 1533//2057 1536//2060 
f 1536//2060 1537//2061 1534//2058 
f 1536//2060 1538//2062 1537//2061 
f 1538//2062 1539//2063 1540//2064 
f 1539//2063 1538//2062 1541//2065 
f 1541//2065 1542//2066 1539//2063 
f 1541//2065 1543//2067 1542//2066 
f 1540//2064 1544//2068 1538//2062 
f 1543//2067 1545//2069 1546//2070 
f 1546//2070 1547//2071 1543//2067 
f 1545//2069 1543//2067 1548//2072 
f 1548//2072 1549//2073 1545//2069 
f 1548//2072 1550//2074 1549//2073 
f 1551//2075 1550//2074 1552//2076 
f 1552//2076 1553//2077 1551//2075 
f 1552//2076 1554//2078 1553//2077 
f 1551//2075 1555//2079 1550//2074 
f 1554//2078 1556//2080 1557//2081 
f 1558//2082 1554//2078 1559//2083 
f 1559//2083 1560//2084 1558//2082 
f 1558//2082 1556//2080 1554//2078 
f 1559//2083 1561//2085 1560//2084 
f 1561//2085 1562//2086 1563//2087 
f 1562//2086 1561//2085 1564//2088 
f 1564//2088 1565//2089 1562//2086 
f 1564//2088 1566//2090 1565//2089 
f 1563//2087 1567//2091 1561//2085 
f 1566//2090 1568//2092 1569//2093 
f 1566//2090 1570//2094 1568//2092 
f 1571//2095 1572//2096 1570//2094 
f 1570//2094 1566//2090 1571//2095 
f 1571//2095 1573//2097 1572//2096 
f 1573//2097 1574//2098 1575//2099 
f 1576//2100 1577//2101 1574//2098 
f 1574//2098 1573//2097 1576//2100 
f 1576//2100 1578//2102 1577//2101 
f 1578//2102 1579//2103 1580//2104 
f 1581//2105 1582//2106 1579//2103 
f 1579//2103 1578//2102 1581//2105 
f 1581//2105 1583//2107 1582//2106 
f 1583//2107 1584//2108 1585//2109 
f 1586//2110 1587//2111 1584//2108 
f 1584//2108 1583//2107 1586//2110 
f 1585//2109 1582//2106 1583//2107 
f 1588//2112 1589//2113 1590//2114 
f 1591//2115 1592//2116 1589//2113 
f 1589//2113 1588//2112 1591//2115 
f 1590//2114 1587//2111 1588//2112 
f 1593//2117 1594//2118 1595//2119 
f 1596//2120 1597//2121 1598//2122 
f 1598//2122 1593//2117 1596//2120 
f 1598//2122 1594//2118 1593//2117 
f 1595//2119 1592//2116 1593//2117 
f 1599//2123 1600//2124 1601//2125 
f 1601//2125 1602//2126 1599//2123 
f 1601//2125 1603//2127 1602//2126 
f 1603//2127 1597//2121 1602//2126 
f 1604//2128 1605//2129 1606//2130 
f 1606//2130 1607//2131 1604//2128 
f 1606//2130 1608//2132 1607//2131 
f 1608//2132 1600//2124 1607//2131 
f 1609//2133 1610//2134 1116//2135 
f 1116//2135 1115//2136 1609//2133 
f 1115//2136 1123//2137 1609//2133 
f 1609//2133 1122//2138 1611//2139 
f 1611//2139 1612//2140 1609//2133 
f 1611//2139 1605//2129 1612//2140 
f 1610//2134 1613//2141 1110//2142 
f 1110//2142 1109//2143 1610//2134 
f 1109//2143 1119//2144 1610//2134 
f 1119//2144 1116//2135 1610//2134 
f 1614//2145 1615//2146 1105//2147 
f 1105//2147 1104//2148 1614//2145 
f 1104//2148 1112//2149 1614//2145 
f 1112//2149 1110//2142 1614//2145 
f 1616//2150 1617//2151 1100//2152 
f 1100//2152 1097//2153 1616//2150 
f 1097//2153 1107//2154 1616//2150 
f 1107//2154 1105//2147 1616//2150 
f 1618//2155 1619//2156 1095//2157 
f 1095//2157 1092//2158 1618//2155 
f 1092//2158 1102//2159 1618//2155 
f 1102//2159 1100//2152 1618//2155 
f 1620//2160 1621//2161 1089//2162 
f 1089//2162 1086//2163 1620//2160 
f 1086//2163 1096//2164 1620//2160 
f 1096//2164 1095//2157 1620//2160 
f 1081//2165 1083//2166 1622//2167 
f 1622//2167 1623//2168 1081//2165 
f 1083//2166 1090//2169 1622//2167 
f 1090//2169 1089//2162 1622//2167 
f 1076//2170 1079//2171 1624//2172 
f 1624//2172 1625//2173 1076//2170 
f 1079//2171 1084//2174 1624//2172 
f 1084//2174 1081//2165 1624//2172 
f 1626//2175 1070//2176 1074//2177 
f 1071//2178 1070//2176 1626//2175 
f 1626//2175 1627//2179 1071//2178 
f 1074//2177 1080//2180 1626//2175 
f 1080//2180 1076//2170 1626//2175 
f 1065//2181 1067//2182 1628//2183 
f 1628//2183 1629//2184 1065//2181 
f 1067//2182 1075//2185 1628//2183 
f 1629//2184 1630//2186 1065//2181 
f 1060//2187 1062//2188 1630//2186 
f 1630//2186 1631//2189 1060//2187 
f 1062//2188 1069//2190 1630//2186 
f 1631//2189 1632//2191 1060//2187 
f 1632//2191 1055//2192 1058//2193 
f 1056//2194 1055//2192 1632//2191 
f 1632//2191 1633//2195 1056//2194 
f 1633//2195 1634//2196 1056//2194 
f 1058//2193 1064//2197 1632//2191 
f 1634//2196 1049//2198 1053//2199 
f 1050//2200 1049//2198 1634//2196 
f 1634//2196 1635//2201 1050//2200 
f 1635//2201 1636//2202 1050//2200 
f 1636//2202 1042//2203 1047//2204 
f 1043//2205 1042//2203 1636//2202 
f 1636//2202 1637//2206 1043//2205 
f 1637//2206 1638//2207 1043//2205 
f 1047//2204 1051//2208 1636//2202 
f 1247//2209 1245//2210 1638//2207 
f 1638//2207 1639//2211 1247//2209 
f 1245//2210 1048//2212 1638//2207 
f 1248//2213 1247//2209 1639//2211 
f 1639//2211 1640//2214 1248//2213 
f 1640//2214 1030//2215 1033//2216 
f 1030//2215 1640//2214 1641//2217 
f 1641//2217 1031//2218 1030//2215 
f 1641//2217 1642//2219 1031//2218 
f 1642//2219 1024//2220 1026//2221 
f 1026//2221 1032//2222 1642//2219 
f 1024//2220 1642//2219 1643//2223 
f 1643//2223 1025//2224 1024//2220 
f 1643//2223 1644//2225 1025//2224 
f 1644//2225 1019//2226 1021//2227 
f 1019//2226 1644//2225 1645//2228 
f 1645//2228 1020//2229 1019//2226 
f 1645//2228 1646//2230 1020//2229 
f 1646//2230 1015//2231 1017//2232 
f 1015//2231 1646//2230 1647//2233 
f 1647//2233 1016//2234 1015//2231 
f 1647//2233 1648//2235 1016//2234 
f 1648//2235 1010//2236 1012//2237 
f 1010//2236 1648//2235 1649//2238 
f 1649//2238 1011//2239 1010//2236 
f 1649//2238 1650//2240 1011//2239 
f 1650//2240 1006//2241 1005//2242 
f 1650//2240 1009//2243 1006//2241 
f 1000//2244 1650//2240 1651//2245 
f 1651//2245 1001//2246 1000//2244 
f 1651//2245 1652//2247 1001//2246 
f 1000//2244 1009//2243 1650//2240 
f 995//2248 1652//2247 1653//2249 
f 1653//2249 996//2250 995//2248 
f 995//2248 1004//2251 1652//2247 
f 1653//2249 1654//2252 996//2250 
f 989//2253 1654//2252 1655//2254 
f 1655//2254 990//2255 989//2253 
f 989//2253 999//2256 1654//2252 
f 1655//2254 1656//2257 990//2255 
f 983//2258 1656//2257 1657//2259 
f 1657//2259 987//2260 983//2258 
f 983//2258 993//2261 1656//2257 
f 1657//2259 1658//2262 987//2260 
f 1659//2263 981//2264 977//2265 
f 977//2265 1658//2262 1659//2263 
f 977//2265 988//2266 1658//2262 
f 988//2266 987//2260 1658//2262 
f 1660//2267 974//2268 973//2269 
f 973//2269 1661//2270 1660//2267 
f 973//2269 982//2271 1661//2270 
f 982//2271 981//2264 1661//2270 
f 1662//2272 968//2273 967//2274 
f 967//2274 1663//2275 1662//2272 
f 967//2274 975//2276 1663//2275 
f 975//2276 974//2268 1663//2275 
f 1664//2277 962//2278 961//2279 
f 961//2279 1665//2280 1664//2277 
f 961//2279 970//2281 1665//2280 
f 970//2281 968//2273 1665//2280 
f 1666//2282 956//2283 955//2284 
f 955//2284 1667//2285 1666//2282 
f 955//2284 964//2286 1667//2285 
f 964//2286 962//2278 1667//2285 
f 1668//2287 1669//2288 1670//2289 
f 1670//2289 1671//2290 1668//2287 
f 1668//2287 951//2291 958//2292 
f 958//2292 1672//2293 1668//2287 
f 958//2292 956//2283 1672//2293 
f 1669//2288 1673//2294 1674//2295 
f 1669//2288 1675//2296 1676//2297 
f 1676//2297 1673//2294 1669//2288 
f 1674//2295 1670//2289 1669//2288 
f 1677//2298 1678//2299 1679//2300 
f 1677//2298 1680//2301 1681//2302 
f 1681//2302 1678//2299 1677//2298 
f 1679//2300 1676//2297 1677//2298 
f 1682//2303 1683//2304 1684//2305 
f 1682//2303 1685//2306 1686//2307 
f 1686//2307 1683//2304 1682//2303 
f 1684//2305 1681//2302 1682//2303 
f 1687//2308 1688//2309 1689//2310 
f 1687//2308 1690//2311 1691//2312 
f 1691//2312 1688//2309 1687//2308 
f 1689//2310 1686//2307 1687//2308 
f 1692//2313 1693//2314 1694//2315 
f 1692//2313 1695//2316 1696//2317 
f 1696//2317 1693//2314 1692//2313 
f 1695//2316 1697//2318 1696//2317 
f 1697//2318 1698//2319 1699//2320 
f 1697//2318 1700//2321 1701//2322 
f 1701//2322 1698//2319 1697//2318 
f 1699//2320 1696//2317 1697//2318 
f 1702//2323 1703//2324 1704//2325 
f 1704//2325 1705//2326 1702//2323 
f 1705//2326 1706//2327 1702//2323 
f 1706//2327 1701//2322 1702//2323 
f 1707//2328 1708//2329 1709//2330 
f 1709//2330 1710//2331 1707//2328 
f 1710//2331 1711//2332 1707//2328 
f 1708//2329 1712//2333 1709//2330 
f 1712//2333 1713//2334 1714//2335 
f 1715//2336 1716//2337 1712//2333 
f 1712//2333 1717//2338 1715//2336 
f 1717//2338 1718//2339 1715//2336 
f 1716//2337 1713//2334 1712//2333 
f 1718//2339 1719//2340 1720//2341 
f 1718//2339 1721//2342 1719//2340 
f 1722//2343 1723//2344 1718//2339 
f 1718//2339 1724//2345 1722//2343 
f 1723//2344 1721//2342 1718//2339 
f 1724//2345 1725//2346 1722//2343 
f 1726//2347 1727//2348 1725//2346 
f 1725//2346 1728//2349 1726//2347 
f 1727//2348 1729//2350 1725//2346 
f 1728//2349 1730//2351 1726//2347 
f 1731//2352 1732//2353 1730//2351 
f 1730//2351 1733//2354 1731//2352 
f 1732//2353 1734//2355 1730//2351 
f 1733//2354 1735//2356 1731//2352 
f 1734//2355 1736//2357 1730//2351 
f 1735//2356 1737//2358 1738//2359 
f 1739//2360 1740//2361 1735//2356 
f 1735//2356 1741//2362 1739//2360 
f 1740//2361 1737//2358 1735//2356 
f 1741//2362 1742//2363 1739//2360 
f 1742//2363 1743//2364 1744//2365 
f 1745//2366 1743//2364 1742//2363 
f 1742//2363 1746//2367 1745//2366 
f 1746//2367 1533//2057 1745//2366 
f 1744//2365 1747//2368 1742//2363 
f 1747//2368 1739//2360 1742//2363 
f 1738//2359 1731//2352 1735//2356 
f 1736//2357 1726//2347 1730//2351 
f 1729//2350 1722//2343 1725//2346 
f 1720//2341 1715//2336 1718//2339 
f 1714//2335 1709//2330 1712//2333 
f 1711//2332 1704//2325 1707//2328 
f 1703//2324 1707//2328 1704//2325 
f 1700//2321 1702//2323 1701//2322 
f 1694//2315 1691//2312 1692//2313 
f 1690//2311 1692//2313 1691//2312 
f 1685//2306 1687//2308 1686//2307 
f 1680//2301 1682//2303 1681//2302 
f 1675//2296 1677//2298 1676//2297 
f 1671//2290 951//2291 1668//2287 
f 1666//2282 1672//2293 956//2283 
f 1664//2277 1667//2285 962//2278 
f 1662//2272 1665//2280 968//2273 
f 1660//2267 1663//2275 974//2268 
f 1659//2263 1661//2270 981//2264 
f 993//2261 990//2255 1656//2257 
f 999//2256 996//2250 1654//2252 
f 1004//2251 1001//2246 1652//2247 
f 1005//2242 1011//2239 1650//2240 
f 1012//2237 1016//2234 1648//2235 
f 1017//2232 1020//2229 1646//2230 
f 1021//2227 1025//2224 1644//2225 
f 1032//2222 1031//2218 1642//2219 
f 1033//2216 1248//2213 1640//2214 
f 1048//2212 1043//2205 1638//2207 
f 1051//2208 1050//2200 1636//2202 
f 1053//2199 1056//2194 1634//2196 
f 1064//2197 1060//2187 1632//2191 
f 1069//2190 1065//2181 1630//2186 
f 1075//2185 1071//2178 1628//2183 
f 1627//2179 1628//2183 1071//2178 
f 1625//2173 1626//2175 1076//2170 
f 1623//2168 1624//2172 1081//2165 
f 1621//2161 1622//2167 1089//2162 
f 1619//2156 1620//2160 1095//2157 
f 1617//2151 1618//2155 1100//2152 
f 1615//2146 1616//2150 1105//2147 
f 1613//2141 1614//2145 1110//2142 
f 1123//2137 1122//2138 1609//2133 
f 1604//2128 1612//2140 1605//2129 
f 1599//2123 1607//2131 1600//2124 
f 1596//2120 1602//2126 1597//2121 
f 1591//2115 1593//2117 1592//2116 
f 1586//2110 1588//2112 1587//2111 
f 1580//2104 1577//2101 1578//2102 
f 1575//2099 1572//2096 1573//2097 
f 1569//2093 1565//2089 1566//2090 
f 1567//2091 1560//2084 1561//2085 
f 1557//2081 1553//2077 1554//2078 
f 1555//2079 1549//2073 1550//2074 
f 1547//2071 1542//2066 1543//2067 
f 1544//2068 1537//2061 1538//2062 
f 1535//2059 1745//2366 1533//2057 
o mesh36
f 1748//2369 1749//2369 1750//2370 
f 1751//2370 1750//2370 1752//2371 
f 1753//2371 1752//2371 1754//2372 
f 1755//2372 1754//2372 1756//2373 
f 1757//2373 1756//2373 1758//2374 
f 1759//2374 1758//2374 1760//2375 
f 1761//2375 1760//2375 1762//2376 
f 1763//2376 1762//2376 1764//2377 
f 1765//2377 1764//2377 1766//2378 
f 1767//2378 1766//2378 1768//2379 
f 1769//2379 1768//2379 1770//2380 
f 1771//2380 1770//2380 1772//2381 
f 1773//2381 1772//2381 1774//2382 
f 1775//2382 1774//2382 1776//2383 
f 1777//2383 1776//2383 1778//2384 
f 1779//2384 1778//2384 1780//2385 
f 1781//2385 1780//2385 1782//2386 
f 1783//2386 1782//2386 1784//2387 
f 1785//2387 1784//2387 1786//2388 
f 1787//2388 1786//2388 1788//2389 
f 1789//2389 1788//2389 1790//2390 
f 1791//2390 1790//2390 1792//2391 
f 1793//2391 1792//2391 1794//2392 
f 1795//2392 1794//2392 1796//2393 
f 1797//2393 1796//2393 1798//2394 
f 1799//2394 1798//2394 1800//2395 
f 1801//2395 1800//2395 1802//2396 
f 1803//2396 1802//2396 1804//2397 
f 1805//2398 1746//2398 1742//2399 
f 1742//2399 1806//2400 1805//2398 
f 1806//2400 1741//2400 1735//2401 
f 1735//2401 1807//2402 1806//2400 
f 1807//2402 1733//2402 1730//2403 
f 1730//2403 1808//2404 1807//2402 
f 1808//2404 1728//2404 1725//2405 
f 1725//2405 1809//2406 1808//2404 
f 1809//2406 1724//2406 1718//2407 
f 1718//2407 1810//2408 1809//2406 
f 1810//2408 1717//2408 1712//2409 
f 1712//2409 1811//2410 1810//2408 
f 1811//2410 1708//2410 1707//2411 
f 1707//2411 1812//2412 1811//2410 
f 1812//2412 1703//2412 1702//2413 
f 1702//2413 1813//2414 1812//2412 
f 1813//2414 1700//2414 1697//2415 
f 1697//2415 1814//2416 1813//2414 
f 1814//2416 1695//2416 1692//2417 
f 1692//2417 1815//2418 1814//2416 
f 1815//2418 1690//2418 1687//2419 
f 1687//2419 1816//2420 1815//2418 
f 1816//2420 1685//2420 1682//2421 
f 1682//2421 1817//2422 1816//2420 
f 1817//2422 1680//2422 1677//2423 
f 1677//2423 1818//2424 1817//2422 
f 1818//2424 1675//2424 1669//2425 
f 1669//2425 1819//2426 1818//2424 
f 1820//2427 1819//2426 1668//2426 
f 1668//2426 1672//2428 1820//2427 
f 1821//2429 1820//2427 1666//2430 
f 1666//2430 1667//2431 1821//2429 
f 1822//2432 1821//2429 1664//2433 
f 1664//2433 1665//2434 1822//2432 
f 1823//2435 1822//2432 1662//2436 
f 1662//2436 1663//2437 1823//2435 
f 1824//2438 1823//2435 1660//2439 
f 1660//2439 1661//2440 1824//2438 
f 1825//2441 1824//2438 1659//2442 
f 1659//2442 1658//2443 1825//2441 
f 1826//2444 1825//2441 1657//2445 
f 1657//2445 1656//2446 1826//2444 
f 1827//2447 1826//2444 1655//2448 
f 1655//2448 1654//2449 1827//2447 
f 1828//2450 1827//2447 1653//2451 
f 1653//2451 1652//2452 1828//2450 
f 1829//2453 1828//2450 1651//2454 
f 1651//2454 1650//2455 1829//2453 
f 1830//2456 1829//2453 1649//2457 
f 1649//2457 1648//2458 1830//2456 
f 1831//2459 1830//2456 1647//2460 
f 1647//2460 1646//2461 1831//2459 
f 1832//2462 1831//2459 1645//2463 
f 1645//2463 1644//2464 1832//2462 
f 1833//2465 1832//2462 1643//2466 
f 1643//2466 1642//2467 1833//2465 
f 1749//2369 1748//2369 1640//2468 
f 1640//2468 1834//2469 1835//2468 
f 1640//2468 1835//2468 1749//2369 
f 1748//2369 1836//2468 1641//2469 
f 1641//2469 1640//2468 1748//2369 
f 1836//2468 1833//2465 1641//2469 
f 1834//2469 1639//2469 1638//2470 
f 1638//2470 1837//2471 1834//2469 
f 1837//2471 1637//2471 1636//2472 
f 1636//2472 1838//2473 1837//2471 
f 1838//2473 1635//2473 1634//2474 
f 1634//2474 1839//2475 1838//2473 
f 1839//2475 1633//2475 1632//2476 
f 1632//2476 1840//2477 1839//2475 
f 1840//2477 1631//2477 1630//2478 
f 1630//2478 1841//2479 1840//2477 
f 1841//2479 1629//2479 1628//2480 
f 1628//2480 1842//2481 1841//2479 
f 1842//2481 1627//2481 1626//2482 
f 1626//2482 1843//2483 1842//2481 
f 1843//2483 1625//2483 1624//2484 
f 1624//2484 1844//2485 1843//2483 
f 1844//2485 1623//2485 1622//2486 
f 1622//2486 1845//2487 1844//2485 
f 1845//2487 1621//2487 1620//2488 
f 1620//2488 1846//2489 1845//2487 
f 1846//2489 1619//2489 1618//2490 
f 1618//2490 1847//2491 1846//2489 
f 1847//2491 1617//2491 1616//2492 
f 1616//2492 1848//2493 1847//2491 
f 1848//2493 1615//2493 1614//2494 
f 1614//2494 1849//2495 1848//2493 
f 1849//2495 1613//2495 1610//2496 
f 1610//2496 1850//2497 1849//2495 
f 1851//2498 1850//2497 1609//2497 
f 1609//2497 1612//2499 1851//2498 
f 1852//2500 1851//2498 1604//2501 
f 1604//2501 1607//2502 1852//2500 
f 1853//2503 1852//2500 1599//2504 
f 1599//2504 1602//2505 1853//2503 
f 1854//2506 1853//2503 1596//2507 
f 1596//2507 1593//2508 1854//2506 
f 1855//2509 1854//2506 1591//2510 
f 1591//2510 1588//2511 1855//2509 
f 1856//2512 1855//2509 1586//2513 
f 1586//2513 1583//2514 1856//2512 
f 1857//2515 1856//2512 1581//2516 
f 1581//2516 1578//2517 1857//2515 
f 1858//2518 1857//2515 1576//2519 
f 1576//2519 1573//2520 1858//2518 
f 1859//2521 1858//2518 1571//2522 
f 1571//2522 1566//2523 1859//2521 
f 1860//2524 1859//2521 1564//2525 
f 1564//2525 1561//2526 1860//2524 
f 1861//2527 1860//2524 1559//2528 
f 1559//2528 1554//2529 1861//2527 
f 1862//2530 1861//2527 1552//2531 
f 1552//2531 1550//2532 1862//2530 
f 1863//2533 1862//2530 1548//2534 
f 1548//2534 1543//2535 1863//2533 
f 1864//2536 1863//2533 1541//2537 
f 1541//2537 1538//2538 1864//2536 
f 1865//2539 1804//2397 1533//2540 
f 1533//2540 1805//2398 1865//2539 
f 1804//2397 1864//2536 1536//2541 
f 1536//2541 1533//2540 1804//2397 
f 1533//2540 1746//2398 1805//2398 
f 1538//2538 1536//2541 1864//2536 
f 1543//2535 1541//2537 1863//2533 
f 1550//2532 1548//2534 1862//2530 
f 1554//2529 1552//2531 1861//2527 
f 1561//2526 1559//2528 1860//2524 
f 1566//2523 1564//2525 1859//2521 
f 1573//2520 1571//2522 1858//2518 
f 1578//2517 1576//2519 1857//2515 
f 1583//2514 1581//2516 1856//2512 
f 1588//2511 1586//2513 1855//2509 
f 1593//2508 1591//2510 1854//2506 
f 1602//2505 1596//2507 1853//2503 
f 1607//2502 1599//2504 1852//2500 
f 1612//2499 1604//2501 1851//2498 
f 1610//2496 1609//2497 1850//2497 
f 1614//2494 1613//2495 1849//2495 
f 1616//2492 1615//2493 1848//2493 
f 1618//2490 1617//2491 1847//2491 
f 1620//2488 1619//2489 1846//2489 
f 1622//2486 1621//2487 1845//2487 
f 1624//2484 1623//2485 1844//2485 
f 1626//2482 1625//2483 1843//2483 
f 1628//2480 1627//2481 1842//2481 
f 1630//2478 1629//2479 1841//2479 
f 1632//2476 1631//2477 1840//2477 
f 1634//2474 1633//2475 1839//2475 
f 1636//2472 1635//2473 1838//2473 
f 1638//2470 1637//2471 1837//2471 
f 1640//2468 1639//2469 1834//2469 
f 1642//2467 1641//2469 1833//2465 
f 1644//2464 1643//2466 1832//2462 
f 1646//2461 1645//2463 1831//2459 
f 1648//2458 1647//2460 1830//2456 
f 1650//2455 1649//2457 1829//2453 
f 1652//2452 1651//2454 1828//2450 
f 1654//2449 1653//2451 1827//2447 
f 1656//2446 1655//2448 1826//2444 
f 1658//2443 1657//2445 1825//2441 
f 1661//2440 1659//2442 1824//2438 
f 1663//2437 1660//2439 1823//2435 
f 1665//2434 1662//2436 1822//2432 
f 1667//2431 1664//2433 1821//2429 
f 1672//2428 1666//2430 1820//2427 
f 1669//2425 1668//2426 1819//2426 
f 1677//2423 1675//2424 1818//2424 
f 1682//2421 1680//2422 1817//2422 
f 1687//2419 1685//2420 1816//2420 
f 1692//2417 1690//2418 1815//2418 
f 1697//2415 1695//2416 1814//2416 
f 1702//2413 1700//2414 1813//2414 
f 1707//2411 1703//2412 1812//2412 
f 1712//2409 1708//2410 1811//2410 
f 1718//2407 1717//2408 1810//2408 
f 1725//2405 1724//2406 1809//2406 
f 1730//2403 1728//2404 1808//2404 
f 1735//2401 1733//2402 1807//2402 
f 1742//2399 1741//2400 1806//2400 
f 1804//2397 1865//2539 1803//2396 
f 1802//2396 1803//2396 1801//2395 
f 1800//2395 1801//2395 1799//2394 
f 1798//2394 1799//2394 1797//2393 
f 1796//2393 1797//2393 1795//2392 
f 1794//2392 1795//2392 1793//2391 
f 1792//2391 1793//2391 1791//2390 
f 1790//2390 1791//2390 1789//2389 
f 1788//2389 1789//2389 1787//2388 
f 1786//2388 1787//2388 1785//2387 
f 1784//2387 1785//2387 1783//2386 
f 1782//2386 1783//2386 1781//2385 
f 1780//2385 1781//2385 1779//2384 
f 1778//2384 1779//2384 1777//2383 
f 1776//2383 1777//2383 1775//2382 
f 1774//2382 1775//2382 1773//2381 
f 1772//2381 1773//2381 1771//2380 
f 1770//2380 1771//2380 1769//2379 
f 1768//2379 1769//2379 1767//2378 
f 1766//2378 1767//2378 1765//2377 
f 1764//2377 1765//2377 1763//2376 
f 1762//2376 1763//2376 1761//2375 
f 1760//2375 1761//2375 1759//2374 
f 1758//2374 1759//2374 1757//2373 
f 1756//2373 1757//2373 1755//2372 
f 1754//2372 1755//2372 1753//2371 
f 1752//2371 1753//2371 1751//2370 
f 1750//2370 1751//2370 1748//2369 
o mesh37
f 1866//2542 1748//2542 1751//2542 
f 1751//2542 1753//2542 1866//2542 
f 1753//2542 1755//2542 1866//2542 
f 1755//2542 1757//2542 1866//2542 
f 1757//2542 1759//2542 1866//2542 
f 1759//2542 1761//2542 1866//2542 
f 1761//2542 1763//2542 1866//2542 
f 1763//2542 1765//2542 1866//2542 
f 1765//2542 1767//2542 1866//2542 
f 1767//2542 1769//2542 1866//2542 
f 1769//2542 1771//2542 1866//2542 
f 1771//2542 1773//2542 1866//2542 
f 1773//2542 1775//2542 1866//2542 
f 1775//2542 1777//2542 1866//2542 
f 1777//2542 1779//2542 1866//2542 
f 1779//2542 1781//2542 1866//2542 
f 1781//2542 1783//2542 1866//2542 
f 1783//2542 1785//2542 1866//2542 
f 1785//2542 1787//2542 1866//2542 
f 1787//2542 1789//2542 1866//2542 
f 1789//2542 1791//2542 1866//2542 
f 1791//2542 1793//2542 1866//2542 
f 1793//2542 1795//2542 1866//2542 
f 1795//2542 1797//2542 1866//2542 
f 1797//2542 1799//2542 1866//2542 
f 1799//2542 1801//2542 1866//2542 
f 1801//2542 1803//2542 1866//2542 
f 1803//2542 1865//2542 1866//2542 
f 1865//2542 1805//2542 1866//2542 
f 1805//2542 1806//2542 1866//2542 
f 1806//2542 1807//2542 1866//2542 
f 1807//2542 1808//2542 1866//2542 
f 1808//2542 1809//2542 1866//2542 
f 1809//2542 1810//2542 1866//2542 
f 1810//2542 1811//2542 1866//2542 
f 1811//2542 1812//2542 1866//2542 
f 1812//2542 1813//2542 1866//2542 
f 1813//2542 1814//2542 1866//2542 
f 1814//2542 1815//2542 1866//2542 
f 1815//2542 1816//2542 1866//2542 
f 1816//2542 1817//2542 1866//2542 
f 1817//2542 1818//2542 1866//2542 
f 1818//2542 1819//2542 1866//2542 
f 1819//2542 1820//2542 1866//2542 
f 1820//2542 1821//2542 1866//2542 
f 1821//2542 1822//2542 1866//2542 
f 1822//2542 1823//2542 1866//2542 
f 1823//2542 1824//2542 1866//2542 
f 1824//2542 1825//2542 1866//2542 
f 1825//2542 1826//2542 1866//2542 
f 1826//2542 1827//2542 1866//2542 
f 1827//2542 1828//2542 1866//2542 
f 1828//2542 1829//2542 1866//2542 
f 1829//2542 1830//2542 1866//2542 
f 1830//2542 1831//2542 1866//2542 
f 1831//2542 1832//2542 1866//2542 
f 1832//2542 1833//2542 1866//2542 
f 1833//2542 1836//2542 1866//2542 
f 1836//2542 1748//2542 1866//2542 
o mesh38
f 1760//2543 1867//2543 1868//2543 
f 1760//2543 1758//2543 1869//2543 
f 1845//2543 1846//2543 1870//2543 
f 1846//2543 1847//2543 1871//2543 
f 1848//2543 1849//2543 1872//2543 
f 1849//2543 1850//2543 1873//2543 
f 1851//2543 1874//2543 1873//2543 
f 1852//2543 1875//2543 1874//2543 
f 1792//2543 1876//2543 1877//2543 
f 1792//2543 1790//2543 1878//2543 
f 1869//2543 1867//2543 1760//2543 
f 1758//2543 1756//2543 1879//2543 
f 1880//2543 1749//2543 1835//2543 
f 1842//2543 1881//2543 1882//2543 
f 1842//2543 1843//2543 1883//2543 
f 1871//2543 1870//2543 1846//2543 
f 1847//2543 1848//2543 1884//2543 
f 1873//2543 1872//2543 1849//2543 
f 1874//2543 1851//2543 1852//2543 
f 1853//2543 1854//2543 1885//2543 
f 1854//2543 1855//2543 1886//2543 
f 1858//2543 1887//2543 1888//2543 
f 1859//2543 1889//2543 1887//2543 
f 1794//2543 1877//2543 1890//2543 
f 1878//2543 1876//2543 1792//2543 
f 1774//2543 1891//2543 1892//2543 
f 1772//2543 1893//2543 1891//2543 
f 1770//2543 1894//2543 1893//2543 
f 1770//2543 1768//2543 1895//2543 
f 1879//2543 1869//2543 1758//2543 
f 1756//2543 1754//2543 1896//2543 
f 1752//2543 1897//2543 1896//2543 
f 1752//2543 1750//2543 1898//2543 
f 1749//2543 1880//2543 1898//2543 
f 1835//2543 1899//2543 1880//2543 
f 1841//2543 1882//2543 1900//2543 
f 1883//2543 1881//2543 1842//2543 
f 1884//2543 1871//2543 1847//2543 
f 1873//2543 1850//2543 1851//2543 
f 1853//2543 1901//2543 1875//2543 
f 1886//2543 1885//2543 1854//2543 
f 1887//2543 1858//2543 1859//2543 
f 1859//2543 1860//2543 1902//2543 
f 1864//2543 1903//2543 1904//2543 
f 1864//2543 1804//2543 1905//2543 
f 1800//2543 1906//2543 1907//2543 
f 1800//2543 1798//2543 1908//2543 
f 1796//2543 1890//2543 1908//2543 
f 1877//2543 1794//2543 1792//2543 
f 1891//2543 1774//2543 1772//2543 
f 1895//2543 1894//2543 1770//2543 
f 1896//2543 1879//2543 1756//2543 
f 1898//2543 1897//2543 1752//2543 
f 1835//2543 1834//2543 1899//2543 
f 1834//2543 1837//2543 1909//2543 
f 1838//2543 1910//2543 1909//2543 
f 1838//2543 1839//2543 1911//2543 
f 1840//2543 1900//2543 1911//2543 
f 1882//2543 1841//2543 1842//2543 
f 1844//2543 1912//2543 1883//2543 
f 1844//2543 1845//2543 1913//2543 
f 1872//2543 1884//2543 1848//2543 
f 1885//2543 1901//2543 1853//2543 
f 1902//2543 1889//2543 1859//2543 
f 1860//2543 1861//2543 1914//2543 
f 1862//2543 1915//2543 1914//2543 
f 1862//2543 1863//2543 1904//2543 
f 1905//2543 1903//2543 1864//2543 
f 1804//2543 1802//2543 1907//2543 
f 1908//2543 1906//2543 1800//2543 
f 1890//2543 1796//2543 1794//2543 
f 1893//2543 1772//2543 1770//2543 
f 1766//2543 1916//2543 1895//2543 
f 1764//2543 1917//2543 1916//2543 
f 1764//2543 1762//2543 1868//2543 
f 1896//2543 1754//2543 1752//2543 
f 1909//2543 1899//2543 1834//2543 
f 1911//2543 1910//2543 1838//2543 
f 1900//2543 1840//2543 1841//2543 
f 1913//2543 1912//2543 1844//2543 
f 1875//2543 1852//2543 1853//2543 
f 1856//2543 1918//2543 1886//2543 
f 1856//2543 1857//2543 1888//2543 
f 1914//2543 1902//2543 1860//2543 
f 1904//2543 1915//2543 1862//2543 
f 1907//2543 1905//2543 1804//2543 
f 1908//2543 1798//2543 1796//2543 
f 1780//2543 1778//2543 1919//2543 
f 1776//2543 1892//2543 1919//2543 
f 1895//2543 1768//2543 1766//2543 
f 1868//2543 1917//2543 1764//2543 
f 1898//2543 1750//2543 1749//2543 
f 1911//2543 1839//2543 1840//2543 
f 1870//2543 1913//2543 1845//2543 
f 1888//2543 1918//2543 1856//2543 
f 1914//2543 1861//2543 1862//2543 
f 1907//2543 1802//2543 1800//2543 
f 1786//2543 1784//2543 1920//2543 
f 1784//2543 1782//2543 1921//2543 
f 1782//2543 1780//2543 1922//2543 
f 1919//2543 1778//2543 1776//2543 
f 1916//2543 1766//2543 1764//2543 
f 1909//2543 1837//2543 1838//2543 
f 1886//2543 1855//2543 1856//2543 
f 1904//2543 1863//2543 1864//2543 
f 1788//2543 1923//2543 1878//2543 
f 1788//2543 1786//2543 1924//2543 
f 1921//2543 1920//2543 1784//2543 
f 1919//2543 1922//2543 1780//2543 
f 1868//2543 1762//2543 1760//2543 
f 1888//2543 1857//2543 1858//2543 
f 1924//2543 1923//2543 1788//2543 
f 1922//2543 1921//2543 1782//2543 
f 1883//2543 1843//2543 1844//2543 
f 1920//2543 1924//2543 1786//2543 
f 1878//2543 1790//2543 1788//2543 
f 1892//2543 1776//2543 1774//2543 
o mesh39
f 1925//2544 1926//2545 1905//2545 
f 1927//2546 1925//2544 1907//2547 
f 1928//2548 1927//2546 1906//2549 
f 1929//2550 1928//2548 1908//2551 
f 1930//2552 1929//2550 1890//2553 
f 1931//2554 1930//2552 1877//2555 
f 1932//2556 1931//2554 1876//2557 
f 1933//2558 1932//2556 1878//2559 
f 1934//2560 1933//2558 1923//2561 
f 1935//2562 1934//2560 1924//2563 
f 1936//2564 1935//2562 1920//2565 
f 1937//2566 1936//2564 1921//2567 
f 1938//2568 1937//2566 1922//2569 
f 1939//2570 1938//2568 1919//2571 
f 1940//2572 1939//2570 1892//2573 
f 1941//2574 1940//2572 1891//2575 
f 1942//2576 1941//2574 1893//2577 
f 1943//2578 1942//2576 1894//2579 
f 1944//2580 1943//2578 1895//2581 
f 1945//2582 1944//2580 1916//2583 
f 1946//2584 1945//2582 1917//2585 
f 1947//2586 1946//2584 1868//2587 
f 1948//2588 1947//2586 1867//2589 
f 1949//2590 1948//2588 1869//2591 
f 1950//2592 1949//2590 1879//2593 
f 1951//2594 1950//2592 1896//2595 
f 1952//2596 1951//2594 1897//2597 
f 1953//2598 1952//2596 1898//2599 
f 1903//2600 1954//2601 1955//2602 
f 1903//2600 1956//2603 1954//2601 
f 1904//2602 1957//2604 1958//2605 
f 1904//2602 1955//2602 1957//2604 
f 1915//2605 1959//2606 1960//2607 
f 1915//2605 1958//2605 1959//2606 
f 1914//2608 1961//2609 1962//2610 
f 1914//2608 1960//2607 1961//2609 
f 1902//2610 1962//2610 1963//2611 
f 1963//2611 1889//2612 1902//2610 
f 1889//2612 1964//2612 1965//2613 
f 1887//2613 1965//2613 1966//2614 
f 1966//2614 1888//2615 1887//2613 
f 1888//2615 1967//2615 1968//2616 
f 1968//2616 1918//2617 1888//2615 
f 1918//2617 1969//2617 1970//2618 
f 1970//2618 1886//2619 1918//2617 
f 1886//2619 1971//2620 1972//2621 
f 1972//2621 1885//2622 1886//2619 
f 1885//2622 1973//2622 1974//2623 
f 1974//2623 1901//2624 1885//2622 
f 1901//2624 1975//2624 1976//2625 
f 1976//2625 1875//2626 1901//2624 
f 1875//2626 1977//2626 1978//2627 
f 1978//2627 1874//2628 1875//2626 
f 1874//2628 1979//2628 1980//2629 
f 1980//2629 1873//2630 1874//2628 
f 1872//2631 1873//2630 1981//2630 
f 1981//2630 1982//2632 1872//2631 
f 1884//2633 1872//2631 1983//2634 
f 1983//2634 1984//2635 1884//2633 
f 1871//2636 1884//2633 1985//2637 
f 1985//2637 1986//2638 1871//2636 
f 1870//2639 1871//2636 1987//2640 
f 1987//2640 1988//2641 1870//2639 
f 1913//2642 1870//2639 1989//2643 
f 1989//2643 1990//2644 1913//2642 
f 1912//2645 1913//2642 1991//2646 
f 1991//2646 1992//2647 1912//2645 
f 1883//2648 1912//2645 1993//2649 
f 1993//2649 1994//2650 1883//2648 
f 1881//2651 1883//2648 1995//2652 
f 1995//2652 1996//2653 1881//2651 
f 1882//2654 1881//2651 1997//2655 
f 1900//2656 1882//2654 1998//2657 
f 1998//2657 1999//2658 1900//2656 
f 1911//2659 1900//2656 2000//2660 
f 2000//2660 2001//2661 1911//2659 
f 1910//2662 1911//2659 2002//2663 
f 2002//2663 2003//2664 1910//2662 
f 1909//2665 1910//2662 2004//2666 
f 2004//2666 2005//2667 1909//2665 
f 1899//2668 1909//2665 2006//2669 
f 2006//2669 2007//2670 1899//2668 
f 1953//2598 1880//2671 2008//2672 
f 2008//2672 2009//2672 1953//2598 
f 2009//2672 2010//2673 1953//2598 
f 1880//2671 1899//2668 2011//2673 
f 2011//2673 2008//2672 1880//2671 
f 2010//2673 2012//2674 2013//2675 
f 2010//2673 2014//2676 2012//2674 
f 2015//2675 2016//2677 2017//2678 
f 2015//2675 2013//2675 2016//2677 
f 2018//2678 2019//2679 2020//2680 
f 2018//2678 2017//2678 2019//2679 
f 2021//2681 2022//2682 2023//2683 
f 2021//2681 2020//2680 2022//2682 
f 2024//2683 2023//2683 2025//2684 
f 2025//2684 2026//2685 2024//2683 
f 2026//2685 2027//2685 2028//2686 
f 2029//2686 2028//2686 2030//2687 
f 2030//2687 2031//2688 2029//2686 
f 2031//2688 2032//2688 2033//2689 
f 2033//2689 2034//2690 2031//2688 
f 2034//2690 2035//2690 2036//2691 
f 2036//2691 2037//2692 2034//2690 
f 2037//2692 2038//2693 2039//2694 
f 2039//2694 2040//2695 2037//2692 
f 2040//2695 2041//2695 2042//2696 
f 2042//2696 2043//2697 2040//2695 
f 2043//2697 2044//2697 2045//2698 
f 2045//2698 2046//2699 2043//2697 
f 2046//2699 2047//2699 2048//2700 
f 2048//2700 2049//2701 2046//2699 
f 2049//2701 2050//2701 2051//2702 
f 2051//2702 2052//2703 2049//2701 
f 2053//2704 2052//2703 2054//2703 
f 2054//2703 2055//2705 2053//2704 
f 2056//2706 2053//2704 2057//2707 
f 2057//2707 2058//2708 2056//2706 
f 2059//2709 2056//2706 2060//2710 
f 2060//2710 2061//2711 2059//2709 
f 2062//2712 2059//2709 2063//2713 
f 2063//2713 2064//2714 2062//2712 
f 2065//2715 2062//2712 2066//2716 
f 2066//2716 2067//2717 2065//2715 
f 2068//2718 2065//2715 2069//2719 
f 2069//2719 2070//2720 2068//2718 
f 2071//2721 2068//2718 2072//2722 
f 2072//2722 2073//2723 2071//2721 
f 2074//2724 2071//2721 2075//2725 
f 2075//2725 2076//2726 2074//2724 
f 2077//2727 2074//2724 2078//2728 
f 2079//2729 2077//2727 2080//2730 
f 2080//2730 2081//2731 2079//2729 
f 2082//2732 2079//2729 2083//2733 
f 2083//2733 2084//2734 2082//2732 
f 2085//2735 2082//2732 2086//2736 
f 2086//2736 2087//2737 2085//2735 
f 2088//2738 2085//2735 2089//2739 
f 2089//2739 2090//2740 2088//2738 
f 2091//2741 2088//2738 2092//2742 
f 2092//2742 2093//2743 2091//2741 
f 1905//2545 1926//2545 2094//2744 
f 2094//2744 1903//2600 1905//2545 
f 1926//2545 2091//2741 2095//2745 
f 2095//2745 2096//2744 1926//2545 
f 2096//2744 2094//2744 1926//2545 
f 2094//2744 1956//2603 1903//2600 
f 2093//2743 2095//2745 2091//2741 
f 2090//2740 2092//2742 2088//2738 
f 2087//2737 2089//2739 2085//2735 
f 2084//2734 2086//2736 2082//2732 
f 2081//2731 2083//2733 2079//2729 
f 2078//2728 2080//2730 2077//2727 
f 2076//2726 2078//2728 2074//2724 
f 2073//2723 2075//2725 2071//2721 
f 2070//2720 2072//2722 2068//2718 
f 2067//2717 2069//2719 2065//2715 
f 2064//2714 2066//2716 2062//2712 
f 2061//2711 2063//2713 2059//2709 
f 2058//2708 2060//2710 2056//2706 
f 2055//2705 2057//2707 2053//2704 
f 2051//2702 2054//2703 2052//2703 
f 2048//2700 2050//2701 2049//2701 
f 2045//2698 2047//2699 2046//2699 
f 2042//2696 2044//2697 2043//2697 
f 2039//2694 2041//2695 2040//2695 
f 2036//2691 2038//2693 2037//2692 
f 2033//2689 2035//2690 2034//2690 
f 2030//2687 2032//2688 2031//2688 
f 2028//2686 2029//2686 2026//2685 
f 2025//2684 2027//2685 2026//2685 
f 2023//2683 2024//2683 2021//2681 
f 2020//2680 2021//2681 2018//2678 
f 2017//2678 2018//2678 2015//2675 
f 2013//2675 2015//2675 2010//2673 
f 2009//2672 2014//2676 2010//2673 
f 2007//2670 2011//2673 1899//2668 
f 2005//2667 2006//2669 1909//2665 
f 2003//2664 2004//2666 1910//2662 
f 2001//2661 2002//2663 1911//2659 
f 1999//2658 2000//2660 1900//2656 
f 1997//2655 1998//2657 1882//2654 
f 1996//2653 1997//2655 1881//2651 
f 1994//2650 1995//2652 1883//2648 
f 1992//2647 1993//2649 1912//2645 
f 1990//2644 1991//2646 1913//2642 
f 1988//2641 1989//2643 1870//2639 
f 1986//2638 1987//2640 1871//2636 
f 1984//2635 1985//2637 1884//2633 
f 1982//2632 1983//2634 1872//2631 
f 1980//2629 1981//2630 1873//2630 
f 1978//2627 1979//2628 1874//2628 
f 1976//2625 1977//2626 1875//2626 
f 1974//2623 1975//2624 1901//2624 
f 1972//2621 1973//2622 1885//2622 
f 1970//2618 1971//2620 1886//2619 
f 1968//2616 1969//2617 1918//2617 
f 1966//2614 1967//2615 1888//2615 
f 1965//2613 1887//2613 1889//2612 
f 1963//2611 1964//2612 1889//2612 
f 1962//2610 1902//2610 1914//2608 
f 1960//2607 1914//2608 1915//2605 
f 1958//2605 1915//2605 1904//2602 
f 1955//2602 1904//2602 1903//2600 
f 1898//2599 1880//2671 1953//2598 
f 1897//2597 1898//2599 1952//2596 
f 1896//2595 1897//2597 1951//2594 
f 1879//2593 1896//2595 1950//2592 
f 1869//2591 1879//2593 1949//2590 
f 1867//2589 1869//2591 1948//2588 
f 1868//2587 1867//2589 1947//2586 
f 1917//2585 1868//2587 1946//2584 
f 1916//2583 1917//2585 1945//2582 
f 1895//2581 1916//2583 1944//2580 
f 1894//2579 1895//2581 1943//2578 
f 1893//2577 1894//2579 1942//2576 
f 1891//2575 1893//2577 1941//2574 
f 1892//2573 1891//2575 1940//2572 
f 1919//2571 1892//2573 1939//2570 
f 1922//2569 1919//2571 1938//2568 
f 1921//2567 1922//2569 1937//2566 
f 1920//2565 1921//2567 1936//2564 
f 1924//2563 1920//2565 1935//2562 
f 1923//2561 1924//2563 1934//2560 
f 1878//2559 1923//2561 1933//2558 
f 1876//2557 1878//2559 1932//2556 
f 1877//2555 1876//2557 1931//2554 
f 1890//2553 1877//2555 1930//2552 
f 1908//2551 1890//2553 1929//2550 
f 1906//2549 1908//2551 1928//2548 
f 1907//2547 1906//2549 1927//2546 
f 1905//2545 1907//2547 1925//2544 
o mesh40
f 2097//2746 2098//2746 2099//2746 
f 2098//2746 2100//2746 2101//2746 
f 2098//2746 2097//2746 2102//2746 
f 2099//2746 2103//2746 2097//2746 
f 2104//2746 2105//2746 2106//2746 
f 2104//2746 2107//2746 2108//2746 
f 2104//2746 2109//2746 2110//2746 
f 2104//2746 2111//2746 2112//2746 
f 2101//2746 2113//2746 2098//2746 
f 2103//2746 2114//2746 2097//2746 
f 2115//2746 2116//2746 2117//2746 
f 2108//2746 2105//2746 2104//2746 
f 2112//2746 2109//2746 2104//2746 
f 2104//2746 2118//2746 2119//2746 
f 2102//2746 2100//2746 2098//2746 
f 2115//2746 2120//2746 2116//2746 
f 2110//2746 2107//2746 2104//2746 
f 2119//2746 2121//2746 2104//2746 
f 2117//2746 2098//2746 2115//2746 
f 2115//2746 2122//2746 2123//2746 
f 2118//2746 2104//2746 2124//2746 
f 2121//2746 2111//2746 2104//2746 
f 2122//2746 2094//2746 2096//2746 
f 2122//2746 2115//2746 2125//2746 
f 2123//2746 2120//2746 2115//2746 
f 2126//2746 2009//2746 2008//2746 
f 2106//2746 2127//2746 2104//2746 
f 2128//2746 2126//2746 2129//2746 
f 2122//2746 2130//2746 2094//2746 
f 2113//2746 2115//2746 2098//2746 
f 2126//2746 2128//2746 2009//2746 
f 2129//2746 2118//2746 2128//2746 
f 2125//2746 2130//2746 2122//2746 
f 2124//2746 2128//2746 2118//2746 
f 2008//2746 2122//2746 2126//2746 
f 2096//2746 2126//2746 2122//2746 
o mesh41
f 2126//2747 2096//2748 2095//2749 
f 2095//2749 2093//2750 2126//2747 
f 2093//2750 2092//2751 2126//2747 
f 2092//2751 2090//2752 2126//2747 
f 2090//2752 2089//2753 2126//2747 
f 2089//2753 2087//2754 2126//2747 
f 2087//2754 2086//2755 2126//2747 
f 2129//2756 2126//2747 2084//2757 
f 2084//2757 2083//2758 2129//2756 
f 2118//2759 2080//2760 2078//2761 
f 2118//2759 2129//2756 2081//2762 
f 2081//2762 2080//2760 2118//2759 
f 2119//2763 2118//2759 2076//2764 
f 2076//2764 2075//2765 2119//2763 
f 2121//2766 2072//2767 2070//2768 
f 2070//2768 2069//2769 2121//2766 
f 2121//2766 2119//2763 2073//2770 
f 2073//2770 2072//2767 2121//2766 
f 2111//2771 2121//2766 2067//2772 
f 2067//2772 2066//2773 2111//2771 
f 2112//2774 2111//2771 2064//2775 
f 2064//2775 2063//2776 2112//2774 
f 2109//2777 2112//2774 2061//2778 
f 2061//2778 2060//2779 2109//2777 
f 2110//2780 2057//2781 2055//2782 
f 2110//2780 2109//2777 2058//2783 
f 2058//2783 2057//2781 2110//2780 
f 2110//2780 2050//2784 2048//2785 
f 2110//2780 2054//2786 2051//2787 
f 2051//2787 2050//2784 2110//2780 
f 2107//2788 2047//2789 2045//2790 
f 2107//2788 2048//2785 2047//2789 
f 2108//2790 2044//2791 2042//2792 
f 2108//2790 2045//2790 2044//2791 
f 2105//2792 2041//2793 2039//2794 
f 2105//2792 2042//2792 2041//2793 
f 2106//2794 2035//2795 2033//2796 
f 2106//2794 2036//2797 2035//2795 
f 2106//2794 2038//2798 2036//2797 
f 2106//2794 2039//2794 2038//2798 
f 2127//2799 2032//2800 2030//2801 
f 2127//2799 2033//2796 2032//2800 
f 2104//2802 2027//2803 2025//2804 
f 2104//2802 2028//2805 2027//2803 
f 2104//2802 2030//2801 2028//2805 
f 2124//2806 2023//2807 2022//2808 
f 2124//2806 2025//2804 2023//2807 
f 2128//2808 2012//2809 2014//2810 
f 2128//2808 2013//2811 2012//2809 
f 2128//2808 2016//2812 2013//2811 
f 2128//2808 2017//2813 2016//2812 
f 2128//2808 2019//2814 2017//2813 
f 2128//2808 2020//2815 2019//2814 
f 2128//2808 2022//2808 2020//2815 
f 2014//2810 2009//2816 2128//2808 
f 2022//2808 2128//2808 2124//2806 
f 2025//2804 2124//2806 2104//2802 
f 2030//2801 2104//2802 2127//2799 
f 2033//2796 2127//2799 2106//2794 
f 2039//2794 2106//2794 2105//2792 
f 2042//2792 2105//2792 2108//2790 
f 2045//2790 2108//2790 2107//2788 
f 2048//2785 2107//2788 2110//2780 
f 2055//2782 2054//2786 2110//2780 
f 2060//2779 2058//2783 2109//2777 
f 2063//2776 2061//2778 2112//2774 
f 2066//2773 2064//2775 2111//2771 
f 2069//2769 2067//2772 2121//2766 
f 2075//2765 2073//2770 2119//2763 
f 2078//2761 2076//2764 2118//2759 
f 2083//2758 2081//2762 2129//2756 
f 2086//2755 2084//2757 2126//2747 
o mesh42
f 2122//2817 2008//2818 2011//2819 
f 2011//2819 2007//2820 2122//2817 
f 2007//2820 2006//2821 2122//2817 
f 2006//2821 2005//2822 2122//2817 
f 2005//2822 2004//2823 2122//2817 
f 2004//2823 2003//2824 2122//2817 
f 2003//2824 2002//2825 2122//2817 
f 2123//2826 2122//2817 2001//2827 
f 2001//2827 2000//2828 2123//2826 
f 2120//2829 1998//2830 1997//2831 
f 2120//2829 2123//2826 1999//2832 
f 1999//2832 1998//2830 2120//2829 
f 2116//2833 2120//2829 1996//2834 
f 1996//2834 1995//2835 2116//2833 
f 2117//2836 1993//2837 1992//2838 
f 1992//2838 1991//2839 2117//2836 
f 2117//2836 2116//2833 1994//2840 
f 1994//2840 1993//2837 2117//2836 
f 2098//2841 2117//2836 1990//2842 
f 1990//2842 1989//2843 2098//2841 
f 2099//2844 2098//2841 1988//2845 
f 1988//2845 1987//2846 2099//2844 
f 2103//2847 2099//2844 1986//2848 
f 1986//2848 1985//2849 2103//2847 
f 2114//2850 1983//2851 1982//2852 
f 2114//2850 2103//2847 1984//2853 
f 1984//2853 1983//2851 2114//2850 
f 2114//2850 1979//2854 1978//2855 
f 2114//2850 1981//2856 1980//2857 
f 1980//2857 1979//2854 2114//2850 
f 2097//2858 1977//2859 1976//2860 
f 2097//2858 1978//2855 1977//2859 
f 2102//2860 1975//2861 1974//2862 
f 2102//2860 1976//2860 1975//2861 
f 2100//2862 1973//2863 1972//2864 
f 2100//2862 1974//2862 1973//2863 
f 2101//2864 1969//2865 1968//2866 
f 2101//2864 1970//2867 1969//2865 
f 2101//2864 1971//2868 1970//2867 
f 2101//2864 1972//2864 1971//2868 
f 2113//2869 1967//2870 1966//2871 
f 2113//2869 1968//2866 1967//2870 
f 2115//2872 1964//2873 1963//2874 
f 2115//2872 1965//2875 1964//2873 
f 2115//2872 1966//2871 1965//2875 
f 2125//2876 1962//2877 1961//2878 
f 2125//2876 1963//2874 1962//2877 
f 2130//2878 1954//2879 1956//2880 
f 2130//2878 1955//2881 1954//2879 
f 2130//2878 1957//2882 1955//2881 
f 2130//2878 1958//2883 1957//2882 
f 2130//2878 1959//2884 1958//2883 
f 2130//2878 1960//2885 1959//2884 
f 2130//2878 1961//2878 1960//2885 
f 1956//2880 2094//2886 2130//2878 
f 1961//2878 2130//2878 2125//2876 
f 1963//2874 2125//2876 2115//2872 
f 1966//2871 2115//2872 2113//2869 
f 1968//2866 2113//2869 2101//2864 
f 1972//2864 2101//2864 2100//2862 
f 1974//2862 2100//2862 2102//2860 
f 1976//2860 2102//2860 2097//2858 
f 1978//2855 2097//2858 2114//2850 
f 1982//2852 1981//2856 2114//2850 
f 1985//2849 1984//2853 2103//2847 
f 1987//2846 1986//2848 2099//2844 
f 1989//2843 1988//2845 2098//2841 
f 1991//2839 1990//2842 2117//2836 
f 1995//2835 1994//2840 2116//2833 
f 1997//2831 1996//2834 2120//2829 
f 2000//2828 1999//2832 2123//2826 
f 2002//2825 2001//2827 2122//2817 
o mesh43
f 2131//2887 1940//2887 1941//2887 
f 1941//2887 1942//2887 2131//2887 
f 1942//2887 1943//2887 2131//2887 
f 1943//2887 1944//2887 2131//2887 
f 1944//2887 1945//2887 2131//2887 
f 1945//2887 1946//2887 2131//2887 
f 1946//2887 1947//2887 2131//2887 
f 1947//2887 1948//2887 2131//2887 
f 1948//2887 1949//2887 2131//2887 
f 1949//2887 1950//2887 2131//2887 
f 1950//2887 1951//2887 2131//2887 
f 1951//2887 1952//2887 2131//2887 
f 1952//2887 1953//2887 2131//2887 
f 1953//2887 2010//2887 2131//2887 
f 2010//2887 2015//2887 2131//2887 
f 2015//2887 2018//2887 2131//2887 
f 2018//2887 2021//2887 2131//2887 
f 2021//2887 2024//2887 2131//2887 
f 2024//2887 2026//2887 2131//2887 
f 2026//2887 2029//2887 2131//2887 
f 2029//2887 2031//2887 2131//2887 
f 2031//2887 2034//2887 2131//2887 
f 2034//2887 2037//2887 2131//2887 
f 2037//2887 2040//2887 2131//2887 
f 2040//2887 2043//2887 2131//2887 
f 2043//2887 2046//2887 2131//2887 
f 2046//2887 2049//2887 2131//2887 
f 2049//2887 2052//2887 2131//2887 
f 2052//2887 2053//2887 2131//2887 
f 2053//2887 2056//2887 2131//2887 
f 2056//2887 2059//2887 2131//2887 
f 2059//2887 2062//2887 2131//2887 
f 2062//2887 2065//2887 2131//2887 
f 2065//2887 2068//2887 2131//2887 
f 2068//2887 2071//2887 2131//2887 
f 2071//2887 2074//2887 2131//2887 
f 2074//2887 2077//2887 2131//2887 
f 2077//2887 2079//2887 2131//2887 
f 2079//2887 2082//2887 2131//2887 
f 2082//2887 2085//2887 2131//2887 
f 2085//2887 2088//2887 2131//2887 
f 2088//2887 2091//2887 2131//2887 
f 2091//2887 1926//2887 2131//2887 
f 1926//2887 1925//2887 2131//2887 
f 1925//2887 1927//2887 2131//2887 
f 1927//2887 1928//2887 2131//2887 
f 1928//2887 1929//2887 2131//2887 
f 1929//2887 1930//2887 2131//2887 
f 1930//2887 1931//2887 2131//2887 
f 1931//2887 1932//2887 2131//2887 
f 1932//2887 1933//2887 2131//2887 
f 1933//2887 1934//2887 2131//2887 
f 1934//2887 1935//2887 2131//2887 
f 1935//2887 1936//2887 2131//2887 
f 1936//2887 1937//2887 2131//2887 
f 1937//2887 1938//2887 2131//2887 
f 1938//2887 1939//2887 2131//2887 
f 1939//2887 1940//2887 2131//2887 
o mesh44
f 2132//2888 2133//2889 2134//2890 
f 2132//2888 2135//2891 2136//2892 
f 2136//2892 2133//2889 2132//2888 
f 2132//2888 2137//2893 2138//2894 
f 2138//2894 2139//2895 2132//2888 
f 2139//2895 2135//2891 2132//2888 
f 2134//2890 2140//2896 2132//2888 
f 2141//2897 2142//2898 2143//2899 
f 2144//2900 2134//2890 2142//2898 
f 2142//2898 2141//2897 2144//2900 
f 2143//2899 2145//2901 2141//2897 
f 2146//2902 2147//2903 2148//2904 
f 2146//2902 2145//2901 2147//2903 
f 2148//2904 2149//2905 2146//2902 
f 2150//2906 2151//2907 2152//2908 
f 2150//2906 2148//2904 2151//2907 
f 2152//2908 2153//2909 2150//2906 
f 2154//2910 2152//2908 2155//2911 
f 2155//2911 2156//2912 2154//2910 
f 2155//2911 2157//2912 2156//2912 
f 2158//2913 2159//2914 2160//2915 
f 2158//2913 2157//2912 2159//2914 
f 2160//2915 2161//2916 2158//2913 
f 2162//2917 2160//2915 2163//2918 
f 2163//2918 2164//2919 2162//2917 
f 2163//2918 2165//2920 2164//2919 
f 2166//2921 2165//2920 2167//2922 
f 2167//2922 2168//2923 2166//2921 
f 2167//2922 2169//2923 2168//2923 
f 2170//2924 2171//2925 2172//2926 
f 2170//2924 2169//2923 2171//2925 
f 2172//2926 2173//2926 2170//2924 
f 2174//2927 2175//2928 2176//2929 
f 2177//2930 2172//2926 2175//2928 
f 2175//2928 2174//2927 2177//2930 
f 2177//2930 2173//2926 2172//2926 
f 2178//2931 2179//2932 2180//2933 
f 2181//2934 2182//2935 2179//2932 
f 2179//2932 2178//2931 2181//2934 
f 2181//2934 2174//2927 2182//2935 
f 2183//2936 2184//2937 2185//2938 
f 2185//2938 2186//2939 2183//2936 
f 2183//2936 2178//2931 2184//2937 
f 2187//2940 2188//2941 2189//2942 
f 2187//2940 2190//2943 2188//2941 
f 2189//2942 2191//2944 2187//2940 
f 2187//2940 2186//2939 2190//2943 
f 2192//2945 2193//2944 2194//2946 
f 2194//2946 2195//2947 2192//2945 
f 2194//2946 2196//2948 2195//2947 
f 2192//2945 2191//2944 2193//2944 
f 2197//2949 2198//2950 2195//2947 
f 2195//2947 2199//2951 2197//2949 
f 2197//2949 2200//2952 2198//2950 
f 2201//2953 2202//2954 2203//2955 
f 2203//2955 2204//2956 2201//2953 
f 2204//2956 2205//2957 2201//2953 
f 2202//2954 2206//2958 2203//2955 
f 2205//2957 2198//2950 2201//2953 
f 2207//2959 2208//2960 2209//2961 
f 2209//2961 2210//2962 2207//2959 
f 2208//2960 2211//2963 2209//2961 
f 2210//2962 2212//2964 2207//2959 
f 2212//2964 2203//2955 2207//2959 
f 2213//2965 2214//2966 2215//2967 
f 2215//2967 2216//2968 2213//2965 
f 2216//2968 2217//2969 2213//2965 
f 2214//2966 2218//2970 2215//2967 
f 2217//2969 2209//2961 2213//2965 
f 2219//2971 2220//2972 2221//2973 
f 2221//2973 2222//2974 2219//2971 
f 2222//2974 2223//2975 2219//2971 
f 2220//2972 2224//2976 2221//2973 
f 2223//2975 2215//2967 2219//2971 
f 2225//2977 2226//2978 2227//2979 
f 2228//2980 2226//2978 2225//2977 
f 2225//2977 2229//2981 2228//2980 
f 2229//2981 2230//2982 2228//2980 
f 2230//2982 2221//2973 2228//2980 
f 2231//2983 2232//2984 2233//2985 
f 2234//2986 2232//2984 2231//2983 
f 2231//2983 2235//2987 2234//2986 
f 2235//2987 2236//2988 2234//2986 
f 2236//2988 2225//2977 2234//2986 
f 2237//2989 2238//2990 2239//2991 
f 2239//2991 2240//2992 2237//2989 
f 2238//2990 2241//2993 2239//2991 
f 2240//2992 2242//2994 2237//2989 
f 2243//2995 2244//2996 2241//2993 
f 2241//2993 2245//2997 2243//2995 
f 2245//2997 2246//2998 2243//2995 
f 2244//2996 2247//2999 2241//2993 
f 2248//3000 2249//3001 2246//2998 
f 2246//2998 2250//3002 2248//3000 
f 2249//3001 2251//3003 2246//2998 
f 2250//3002 2252//3004 2248//3000 
f 2251//3003 2253//3005 2246//2998 
f 2254//3006 2255//3007 2252//3004 
f 2252//3004 2256//3008 2254//3006 
f 2255//3007 2257//3009 2252//3004 
f 2256//3008 2258//3010 2254//3006 
f 2259//3011 2260//3012 2258//3010 
f 2258//3010 2261//3013 2259//3011 
f 2261//3013 2262//3014 2259//3011 
f 2262//3014 2263//3015 2264//3016 
f 2262//3014 2265//3017 2263//3015 
f 2266//3018 2265//3017 2262//3014 
f 2262//3014 2267//3018 2266//3018 
f 2267//3018 2268//3019 2269//3020 
f 2270//3021 2268//3019 2267//3018 
f 2267//3018 2271//3022 2270//3021 
f 2271//3022 2272//3021 2270//3021 
f 2272//3021 2273//3023 2274//3024 
f 2272//3021 2275//3025 2273//3023 
f 2276//3026 2277//3027 2278//3028 
f 2276//3026 2275//3025 2272//3021 
f 2272//3021 2277//3027 2276//3026 
f 2278//3028 2279//3029 2276//3026 
f 2279//3029 2280//3030 2281//3031 
f 2282//3032 2283//3033 2284//3034 
f 2282//3032 2285//3035 2283//3033 
f 2282//3032 2286//3036 2287//3037 
f 2282//3032 2280//3030 2279//3029 
f 2279//3029 2286//3036 2282//3032 
f 2287//3037 2285//3035 2282//3032 
f 2284//3034 2288//3038 2282//3032 
f 2289//3039 2290//3040 2291//3041 
f 2290//3040 2292//3042 2293//3043 
f 2290//3040 2294//3044 2292//3042 
f 2290//3040 2295//3045 2294//3044 
f 2290//3040 2289//3039 2295//3045 
f 2293//3043 2296//3046 2290//3040 
f 2297//3047 2293//3043 2298//3048 
f 2298//3048 2299//3049 2297//3047 
f 2297//3047 2300//3050 2293//3043 
f 2298//3048 2301//3049 2299//3049 
f 2301//3049 2302//3051 2303//3052 
f 2302//3051 2304//3053 2305//3054 
f 2302//3051 2301//3049 2304//3053 
f 2305//3054 2306//3055 2302//3051 
f 2303//3052 2307//3056 2301//3049 
f 2308//3057 2309//3058 2310//3059 
f 2308//3057 2305//3054 2309//3058 
f 2310//3059 2311//3059 2308//3057 
f 2308//3057 2312//3060 2305//3054 
f 2313//3061 2310//3059 2314//3062 
f 2314//3062 2315//3063 2313//3061 
f 2313//3061 2316//3064 2310//3059 
f 2314//3062 2317//3063 2315//3063 
f 2318//3065 2317//3063 2319//3066 
f 2319//3066 2320//3067 2318//3065 
f 2318//3065 2321//3068 2317//3063 
f 2319//3066 2322//3067 2320//3067 
f 2320//3067 2322//3067 2323//3069 
f 2323//3069 2322//3067 2324//3070 
f 2324//3070 2325//3071 2323//3069 
f 2323//3069 2326//3072 2320//3067 
f 2327//3073 2328//3074 2329//3075 
f 2329//3075 2330//3075 2327//3073 
f 2331//3076 2329//3075 2332//3077 
f 2332//3077 2333//3078 2331//3076 
f 2331//3076 2330//3075 2329//3075 
f 2334//3079 2335//3080 2336//3081 
f 2336//3081 2337//3082 2334//3079 
f 2338//3083 2339//3084 2335//3080 
f 2334//3079 2338//3083 2335//3080 
f 2338//3083 2333//3078 2339//3084 
f 2340//3085 2341//3086 2342//3087 
f 2340//3085 2343//3088 2341//3086 
f 2342//3087 2344//3089 2340//3085 
f 2340//3085 2345//3090 2343//3088 
f 2342//3087 2346//3089 2344//3089 
f 2347//3091 2346//3089 2348//3092 
f 2348//3092 2349//3093 2347//3091 
f 2347//3091 2350//3094 2346//3089 
f 2348//3092 2351//3095 2349//3093 
f 2350//3094 2344//3089 2346//3089 
f 2352//3096 2353//3097 2354//3098 
f 2354//3098 2355//3099 2352//3096 
f 2352//3096 2356//3100 2353//3097 
f 2354//3098 2357//3101 2355//3099 
f 2357//3101 2358//3102 2355//3099 
f 2359//3103 2360//3104 2361//3105 
f 2359//3103 2358//3102 2360//3104 
f 2361//3105 2362//3106 2359//3103 
f 2359//3103 2363//3107 2358//3102 
f 2361//3105 2364//3106 2362//3106 
f 2365//3108 2364//3106 2366//3109 
f 2366//3109 2367//3110 2365//3108 
f 2365//3108 2368//3111 2364//3106 
f 2366//3109 2369//3112 2367//3110 
f 2368//3111 2362//3106 2364//3106 
f 2370//3113 2371//3114 2372//3115 
f 2372//3115 2373//3116 2370//3113 
f 2370//3113 2374//3117 2371//3114 
f 2372//3115 2375//3118 2373//3116 
f 2375//3118 2367//3110 2373//3116 
f 2376//3119 2377//3120 2378//3121 
f 2377//3120 2376//3119 2379//3122 
f 2379//3122 2380//3123 2377//3120 
f 2379//3122 2371//3114 2380//3123 
f 2381//3124 2382//3125 2383//3126 
f 2384//3127 2385//3128 2386//3129 
f 2382//3125 2381//3124 2385//3128 
f 2385//3128 2384//3127 2382//3125 
f 2386//3129 2376//3119 2384//3127 
f 2387//3130 2388//3131 2389//3132 
f 2390//3133 2391//3134 2392//3135 
f 2388//3131 2387//3130 2391//3134 
f 2391//3134 2390//3133 2388//3131 
f 2392//3135 2381//3124 2390//3133 
f 2393//3136 2394//3137 2395//3138 
f 2396//3139 2397//3140 2398//3141 
f 2397//3140 2396//3139 2394//3137 
f 2394//3137 2393//3136 2397//3140 
f 2398//3141 2399//3142 2396//3139 
f 2400//3143 2401//3144 2402//3145 
f 2399//3142 2403//3146 2404//3147 
f 2401//3144 2400//3143 2403//3146 
f 2403//3146 2399//3142 2401//3144 
f 2404//3147 2396//3139 2399//3142 
f 2405//3148 2406//3149 2400//3143 
f 2405//3148 2407//3150 2406//3149 
f 2400//3143 2408//3151 2405//3148 
f 2409//3152 2410//3153 2411//3154 
f 2411//3154 2412//3155 2409//3152 
f 2411//3154 2407//3150 2412//3155 
f 2413//3156 2410//3153 2414//3157 
f 2414//3157 2415//3158 2413//3156 
f 2416//3159 2417//3159 2413//3156 
f 2418//3160 2419//3161 2417//3159 
f 2418//3160 2420//3160 2419//3161 
f 2421//3162 2422//3163 2423//3164 
f 2423//3164 2418//3160 2421//3162 
f 2421//3162 2424//3163 2422//3163 
f 2425//3165 2426//3166 2427//3167 
f 2427//3167 2424//3163 2425//3165 
f 2427//3167 2422//3163 2424//3163 
f 2428//3168 2429//3169 2430//3170 
f 2430//3170 2431//3171 2428//3168 
f 2428//3168 2432//3172 2429//3169 
f 2433//3173 2434//3174 2435//3175 
f 2436//3176 2429//3169 2432//3172 
f 2437//3177 2433//3173 2438//3178 
f 2438//3178 2436//3176 2437//3177 
f 2432//3172 2437//3177 2436//3176 
f 2437//3177 2434//3174 2433//3173 
f 2439//3179 1671//3180 1670//3181 
f 2440//3182 951//3183 1671//3180 
f 1671//3180 2439//3179 2440//3182 
f 2440//3182 2441//3184 951//3183 
f 1670//3181 1674//3185 2439//3179 
f 2442//3186 1673//3187 1676//3188 
f 2443//3189 1674//3185 1673//3187 
f 1673//3187 2442//3186 2443//3189 
f 2443//3189 2444//3190 1674//3185 
f 1676//3188 1679//3191 2442//3186 
f 2445//3192 1678//3193 1681//3194 
f 2446//3195 1679//3191 1678//3193 
f 1678//3193 2445//3192 2446//3195 
f 2446//3195 2447//3196 1679//3191 
f 1681//3194 1684//3197 2445//3192 
f 2448//3198 1683//3199 1686//3200 
f 2449//3201 1684//3197 1683//3199 
f 1683//3199 2448//3198 2449//3201 
f 1686//3200 1689//3202 2448//3198 
f 1689//3202 2450//3203 2451//3204 
f 2452//3205 1688//3206 1691//3207 
f 2450//3203 1689//3202 1688//3206 
f 1688//3206 2452//3205 2450//3203 
f 1691//3207 1694//3208 2452//3205 
f 2453//3209 1693//3210 1696//3211 
f 1694//3208 2454//3212 2455//3213 
f 2454//3212 1694//3208 1693//3210 
f 1693//3210 2453//3209 2454//3212 
f 2455//3213 2452//3205 1694//3208 
f 2456//3214 1698//3215 1701//3216 
f 1701//3216 1706//3217 2456//3214 
f 2457//3218 1699//3219 1698//3215 
f 1698//3215 2456//3214 2457//3218 
f 2457//3218 2453//3209 1699//3219 
f 2456//3214 1705//3220 1704//3221 
f 1704//3221 2458//3222 2459//3223 
f 1704//3221 2459//3223 2456//3214 
f 1704//3221 1711//3224 2458//3222 
f 1709//3225 2460//3226 2461//3227 
f 2461//3227 1710//3228 1709//3225 
f 1709//3225 1714//3229 2460//3226 
f 2462//3230 1716//3231 1715//3232 
f 2462//3230 1713//3233 1716//3231 
f 1713//3233 2462//3230 2463//3234 
f 2463//3234 1714//3229 1713//3233 
f 2463//3234 2460//3226 1714//3229 
f 1719//3235 2464//3236 2465//3237 
f 2465//3237 1720//3238 1719//3235 
f 2465//3237 2462//3230 1720//3238 
f 1719//3235 1721//3239 2464//3236 
f 1722//3240 2466//3241 2464//3236 
f 1722//3240 2467//3242 2466//3241 
f 2464//3236 1723//3243 1722//3240 
f 1722//3240 1729//3244 2467//3242 
f 2468//3245 1736//3246 1734//3247 
f 1726//3248 2468//3245 2469//3249 
f 2469//3249 1727//3250 1726//3248 
f 1726//3248 1736//3246 2468//3245 
f 2469//3249 2467//3242 1727//3250 
f 1731//3251 2470//3252 2468//3245 
f 1731//3251 2471//3253 2470//3252 
f 1731//3251 2472//3254 2471//3253 
f 2468//3245 1732//3255 1731//3251 
f 1731//3251 1738//3256 2472//3254 
f 1738//3256 1737//3257 2472//3254 
f 1739//3258 2473//3259 2472//3254 
f 1739//3258 2474//3260 2475//3261 
f 2475//3261 2473//3259 1739//3258 
f 1739//3258 2476//3262 2477//3263 
f 2477//3263 2478//3264 1739//3258 
f 2478//3264 2474//3260 1739//3258 
f 2472//3254 1740//3265 1739//3258 
f 1739//3258 1747//3266 2476//3262 
f 2479//3267 2476//3262 2634//3268 
f 2480//3269 2481//3270 2635//3271 
f 2476//3262 1744//3272 2482//3273 
f 2482//3273 2483//3273 2634//3268 
f 2483//3273 2635//3271 2484//3274 
f 2483//3273 2482//3273 2635//3271 
f 2289//3039 2485//3275 2483//3273 
f 2484//3274 2289//3039 2483//3273 
f 2635//3271 2481//3270 2484//3274 
f 2482//3273 2634//3268 2476//3262 
f 2486//3276 1743//3277 1745//3278 
f 1744//3272 2487//3279 2488//3280 
f 1744//3272 2489//3281 2487//3279 
f 1744//3272 1743//3277 2486//3276 
f 2486//3276 2489//3281 1744//3272 
f 2488//3280 2490//3282 1744//3272 
f 1745//3278 1535//3283 2486//3276 
f 2490//3282 2482//3273 1744//3272 
f 2635//3271 2482//3273 2480//3269 
f 2288//3038 2491//3284 2492//3285 
f 2485//3275 2491//3284 2288//3038 
f 2288//3038 2493//3286 2485//3275 
f 2493//3286 2494//3287 2485//3275 
f 2492//3285 2495//3288 2288//3038 
f 2495//3288 2282//3032 2288//3038 
f 2494//3287 2483//3273 2485//3275 
f 2496//3289 1534//3290 1537//3291 
f 1537//3291 1544//3292 2496//3289 
f 1535//3283 2497//3293 2498//3294 
f 2498//3294 2499//3295 1535//3283 
f 2499//3295 2500//3296 1535//3283 
f 1535//3283 1534//3290 2496//3289 
f 2496//3289 2497//3293 1535//3283 
f 2500//3296 2486//3276 1535//3283 
f 2501//3297 1539//3298 1542//3299 
f 1540//3300 1539//3298 2501//3297 
f 2501//3297 2502//3301 1540//3300 
f 2502//3301 2496//3289 1540//3300 
f 1542//3299 1547//3302 2501//3297 
f 2503//3303 1545//3304 1549//3305 
f 1549//3305 1555//3306 2503//3303 
f 1546//3307 1545//3304 2503//3303 
f 2503//3303 2501//3297 1546//3307 
f 1551//3308 1553//3309 2504//3310 
f 2504//3310 2505//3311 1551//3308 
f 2505//3311 2503//3303 1551//3308 
f 1553//3309 1557//3312 2504//3310 
f 1557//3312 1556//3313 2504//3310 
f 1558//3314 1560//3315 2506//3316 
f 2506//3316 2507//3317 1558//3314 
f 1560//3315 1567//3318 2506//3316 
f 2507//3317 2504//3310 1558//3314 
f 2508//3319 1562//3320 1565//3321 
f 1563//3322 1562//3320 2508//3319 
f 2508//3319 2509//3323 1563//3322 
f 2509//3323 2506//3316 1563//3322 
f 2510//3324 1570//3325 1572//3326 
f 1569//3327 1568//3328 2510//3324 
f 2510//3324 2511//3329 1569//3327 
f 2511//3329 2508//3319 1569//3327 
f 1568//3328 1570//3325 2510//3324 
f 2512//3330 1574//3331 1577//3332 
f 2512//3330 2513//3333 1575//3334 
f 1575//3334 1574//3331 2512//3330 
f 2513//3333 2510//3324 1575//3334 
f 2514//3335 1579//3336 1582//3337 
f 2514//3335 2515//3338 1580//3339 
f 1580//3339 1579//3336 2514//3335 
f 2515//3338 2512//3330 1580//3339 
f 2516//3340 1584//3341 1587//3342 
f 2516//3340 2517//3343 1585//3344 
f 1585//3344 1584//3341 2516//3340 
f 2517//3343 2518//3345 1585//3344 
f 1587//3342 1590//3346 2516//3340 
f 2519//3347 1589//3348 1592//3349 
f 2519//3347 2520//3350 1590//3346 
f 1590//3346 1589//3348 2519//3347 
f 2520//3350 2521//3351 1590//3346 
f 1592//3349 1595//3352 2519//3347 
f 2522//3353 2523//3354 1595//3352 
f 1595//3352 1594//3355 2522//3353 
f 2523//3354 2524//3356 1595//3352 
f 1594//3355 1598//3357 2522//3353 
f 2525//3358 2526//3359 1598//3357 
f 1598//3357 1597//3360 2525//3358 
f 2526//3359 2527//3361 1598//3357 
f 1597//3360 1603//3362 2525//3358 
f 1603//3362 1601//3363 2525//3358 
f 2528//3364 2529//3365 1601//3363 
f 1601//3363 1600//3366 2528//3364 
f 1600//3366 1608//3367 2528//3364 
f 2529//3365 2530//3368 1601//3363 
f 1608//3367 1606//3369 2528//3364 
f 1121//3370 2531//3370 1605//3371 
f 1605//3371 1611//3372 1121//3370 
f 2531//3370 2532//3373 1606//3369 
f 1606//3369 1605//3371 2531//3370 
f 2532//3373 2533//3374 1606//3369 
f 1611//3372 1122//3375 1121//3370 
f 1125//3376 2534//3377 2535//3378 
f 2535//3378 1121//3370 1125//3376 
f 1125//3376 1132//3379 2534//3377 
f 2535//3378 2536//3380 1121//3370 
f 1132//3379 1130//3381 2534//3377 
f 1129//3382 2537//3383 2538//3384 
f 2538//3384 1130//3381 1129//3382 
f 1129//3382 1137//3385 2537//3383 
f 1137//3385 1134//3386 2537//3383 
f 1134//3386 2539//3387 2540//3388 
f 1133//3389 2541//3390 2539//3387 
f 2539//3387 1134//3386 1133//3389 
f 1133//3389 1143//3391 2541//3390 
f 1143//3391 1140//3392 2541//3390 
f 1140//3392 2542//3393 2543//3394 
f 1139//3395 2544//3396 2542//3393 
f 2542//3393 1140//3392 1139//3395 
f 1139//3395 1150//3397 2544//3396 
f 1150//3397 1146//3396 2544//3396 
f 1146//3396 2545//3398 2546//3399 
f 1145//3400 2547//3401 2545//3398 
f 2545//3398 1146//3396 1145//3400 
f 1145//3400 1155//3402 2547//3401 
f 1155//3402 1152//3403 2547//3401 
f 1152//3403 2548//3404 2549//3405 
f 1151//3406 2550//3407 2548//3404 
f 2548//3404 1152//3403 1151//3406 
f 1151//3406 1162//3408 2550//3407 
f 1162//3408 1160//3407 2550//3407 
f 1157//3409 2551//3410 2550//3407 
f 1157//3409 2552//3411 2551//3410 
f 2550//3407 1160//3407 1157//3409 
f 1157//3409 1168//3412 2552//3411 
f 1163//3413 2553//3414 2554//3415 
f 2554//3415 1164//3416 1163//3413 
f 1163//3413 1172//3417 2553//3414 
f 2554//3415 2552//3411 1164//3416 
f 1169//3418 2555//3419 2553//3414 
f 1169//3418 2556//3420 2555//3419 
f 2553//3414 1170//3421 1169//3418 
f 1169//3418 1178//3422 2556//3420 
f 1174//3423 2557//3424 2556//3420 
f 1174//3423 2558//3425 2557//3424 
f 2556//3420 1175//3426 1174//3423 
f 1174//3423 1183//3427 2558//3425 
f 1179//3428 2559//3429 2560//3430 
f 2560//3430 1180//3431 1179//3428 
f 1179//3428 1187//3432 2559//3429 
f 2560//3430 2558//3425 1180//3431 
f 1184//3433 2561//3434 2562//3435 
f 2562//3435 1185//3436 1184//3433 
f 1184//3433 1191//3437 2561//3434 
f 2562//3435 2559//3429 1185//3436 
f 1188//3438 2563//3439 2564//3440 
f 2564//3440 1189//3441 1188//3438 
f 2564//3440 2561//3434 1189//3441 
f 1188//3438 1197//3442 2563//3439 
f 1193//3443 2565//3444 2563//3439 
f 1193//3443 2566//3445 2567//3446 
f 2567//3446 2565//3444 1193//3443 
f 2563//3439 1194//3447 1193//3443 
f 1193//3443 1204//3448 2566//3445 
f 2568//3449 2137//2893 2636//3450 
f 2569//3451 2570//3452 2636//3450 
f 2570//3452 2571//3453 2572//3454 
f 2570//3452 2573//3455 2571//3453 
f 2570//3452 2574//3456 2575//3457 
f 2575//3457 2576//3458 2570//3452 
f 2576//3458 2573//3455 2570//3452 
f 2570//3452 2569//3451 2574//3456 
f 2433//3173 2577//3459 2570//3452 
f 2572//3454 2433//3173 2570//3452 
f 2636//3450 2137//2893 2569//3451 
f 2578//3460 2579//3461 2637//3462 
f 2580//3463 2581//3464 2637//3462 
f 1334//3465 2582//3465 2581//3464 
f 2581//3464 1202//3466 1198//3467 
f 1198//3467 1333//3468 2581//3464 
f 2581//3464 1333//3468 1334//3465 
f 2581//3464 2566//3445 1202//3466 
f 2581//3464 2583//3469 2566//3445 
f 2581//3464 2584//3470 2583//3469 
f 2581//3464 2585//3471 2584//3470 
f 2581//3464 2580//3463 2585//3471 
f 2637//3462 2579//3461 2580//3463 
f 2582//3465 2586//3472 2587//3473 
f 2582//3465 2588//3474 2586//3472 
f 2582//3465 2589//3475 2577//3459 
f 2577//3459 2590//3476 2582//3465 
f 2590//3476 2591//3477 2582//3465 
f 2591//3477 2588//3474 2582//3465 
f 2587//3473 2592//3478 2582//3465 
f 2589//3475 2593//3478 2577//3459 
f 2592//3478 2581//3464 2582//3465 
f 2637//3462 2581//3464 2578//3460 
f 2593//3478 2570//3452 2577//3459 
f 1331//3479 2594//3480 2595//3481 
f 1331//3479 2596//3482 2597//3483 
f 1331//3479 873//3484 2598//3485 
f 2598//3485 2596//3482 1331//3479 
f 2597//3483 2594//3480 1331//3479 
f 1334//3465 1331//3479 2599//3486 
f 2599//3486 2582//3465 1334//3465 
f 2595//3481 2599//3486 1331//3479 
f 869//3485 2600//3487 2601//3488 
f 869//3485 872//3489 2602//3490 
f 2602//3490 2600//3487 869//3485 
f 2601//3488 2598//3485 869//3485 
f 872//3489 884//3491 2602//3490 
f 880//3490 883//3492 2603//3493 
f 2603//3493 2604//3494 880//3490 
f 2604//3494 2602//3490 880//3490 
f 883//3492 889//3495 2603//3493 
f 885//3496 888//3497 2605//3498 
f 2605//3498 2603//3493 885//3496 
f 888//3497 894//3499 2605//3498 
f 893//3500 892//3501 2606//3502 
f 2606//3502 2607//3503 893//3500 
f 892//3501 896//3504 2606//3502 
f 2607//3503 2605//3498 893//3500 
f 899//3505 898//3506 2608//3507 
f 2608//3507 2609//3508 899//3505 
f 2609//3508 2606//3502 899//3505 
f 898//3506 904//3509 2608//3507 
f 900//3510 903//3511 2610//3512 
f 2610//3512 2611//3513 900//3510 
f 2611//3513 2608//3507 900//3510 
f 903//3511 909//3514 2610//3512 
f 908//3515 907//3516 2612//3517 
f 2612//3517 2613//3518 908//3515 
f 907//3516 914//3519 2612//3517 
f 2613//3518 2610//3512 908//3515 
f 2614//3520 918//3521 917//3522 
f 913//3523 912//3524 2614//3520 
f 2614//3520 2615//3525 913//3523 
f 2615//3525 2612//3517 913//3523 
f 912//3524 918//3521 2614//3520 
f 922//3526 2616//3527 2617//3528 
f 2618//3529 923//3530 919//3531 
f 922//3526 923//3530 2618//3529 
f 2618//3529 2616//3527 922//3526 
f 919//3531 927//3532 2618//3529 
f 927//3532 2619//3533 2620//3534 
f 2621//3535 929//3536 924//3537 
f 927//3532 929//3536 2621//3535 
f 2621//3535 2619//3533 927//3532 
f 924//3537 933//3538 2621//3535 
f 2622//3539 935//3540 930//3541 
f 933//3538 935//3540 2622//3539 
f 2622//3539 2623//3542 933//3538 
f 2623//3542 2624//3543 933//3538 
f 930//3541 936//3544 2622//3539 
f 2625//3545 939//3546 940//3547 
f 936//3544 939//3546 2625//3545 
f 2625//3545 2626//3548 936//3544 
f 2626//3548 2627//3549 936//3544 
f 940//3547 941//3550 2625//3545 
f 2628//3551 945//3552 946//3553 
f 946//3553 948//3554 2628//3551 
f 941//3550 945//3552 2628//3551 
f 2628//3551 2629//3555 941//3550 
f 2629//3555 2630//3556 941//3550 
f 948//3554 952//3557 2628//3551 
f 2631//3558 2632//3559 952//3557 
f 952//3557 951//3183 2631//3558 
f 2632//3559 2633//3560 952//3557 
f 2633//3560 2628//3551 952//3557 
f 2630//3556 2625//3545 941//3550 
f 2627//3549 2622//3539 936//3544 
f 2624//3543 2621//3535 933//3538 
f 2620//3534 2618//3529 927//3532 
f 2617//3528 2614//3520 922//3526 
f 917//3522 922//3526 2614//3520 
f 914//3519 913//3523 2612//3517 
f 909//3514 908//3515 2610//3512 
f 904//3509 900//3510 2608//3507 
f 896//3504 899//3505 2606//3502 
f 894//3499 893//3500 2605//3498 
f 889//3495 885//3496 2603//3493 
f 884//3491 880//3490 2602//3490 
f 873//3484 869//3485 2598//3485 
f 2636//3450 2570//3452 2568//3449 
f 1204//3448 1202//3466 2566//3445 
f 1197//3442 1194//3447 2563//3439 
f 1191//3437 1189//3441 2561//3434 
f 1187//3432 1185//3436 2559//3429 
f 1183//3427 1180//3431 2558//3425 
f 1178//3422 1175//3426 2556//3420 
f 1172//3417 1170//3421 2553//3414 
f 1168//3412 1164//3416 2552//3411 
f 2549//3405 2547//3401 1152//3403 
f 2546//3399 2544//3396 1146//3396 
f 2543//3394 2541//3390 1140//3392 
f 2540//3388 2537//3383 1134//3386 
f 2538//3384 2534//3377 1130//3381 
f 2536//3380 2531//3370 1121//3370 
f 2533//3374 2528//3364 1606//3369 
f 2530//3368 2525//3358 1601//3363 
f 2527//3361 2522//3353 1598//3357 
f 2524//3356 2519//3347 1595//3352 
f 2521//3351 2516//3340 1590//3346 
f 2518//3345 2514//3335 1585//3344 
f 1582//3337 1585//3344 2514//3335 
f 1577//3332 1580//3339 2512//3330 
f 1572//3326 1575//3334 2510//3324 
f 1565//3321 1569//3327 2508//3319 
f 1567//3318 1563//3322 2506//3316 
f 1556//3313 1558//3314 2504//3310 
f 1555//3306 1551//3308 2503//3303 
f 1547//3302 1546//3307 2501//3297 
f 1544//3292 1540//3300 2496//3289 
f 2634//3268 2483//3273 2479//3267 
f 1747//3266 1744//3272 2476//3262 
f 1737//3257 1740//3265 2472//3254 
f 1734//3247 1732//3255 2468//3245 
f 1729//3244 1727//3250 2467//3242 
f 1721//3239 1723//3243 2464//3236 
f 1715//3232 1720//3238 2462//3230 
f 2461//3227 2458//3222 1710//3228 
f 1711//3224 1710//3228 2458//3222 
f 1706//3217 1705//3220 2456//3214 
f 1696//3211 1699//3219 2453//3209 
f 2451//3204 2448//3198 1689//3202 
f 2449//3201 2445//3192 1684//3197 
f 2447//3196 2442//3186 1679//3191 
f 2444//3190 2439//3179 1674//3185 
f 2441//3184 2631//3558 951//3183 
f 2435//3175 2577//3459 2433//3173 
f 2430//3170 2426//3166 2431//3171 
f 2425//3165 2431//3171 2426//3166 
f 2423//3164 2420//3160 2418//3160 
f 2417//3159 2416//3159 2418//3160 
f 2415//3158 2416//3159 2413//3156 
f 2409//3152 2414//3157 2410//3153 
f 2405//3148 2412//3155 2407//3150 
f 2402//3145 2408//3151 2400//3143 
f 2395//3138 2387//3130 2393//3136 
f 2389//3132 2393//3136 2387//3130 
f 2383//3126 2390//3133 2381//3124 
f 2378//3121 2384//3127 2376//3119 
f 2374//3117 2380//3123 2371//3114 
f 2369//3112 2373//3116 2367//3110 
f 2363//3107 2355//3099 2358//3102 
f 2356//3100 2349//3093 2353//3097 
f 2351//3095 2353//3097 2349//3093 
f 2345//3090 2337//3082 2343//3088 
f 2336//3081 2343//3088 2337//3082 
f 2332//3077 2339//3084 2333//3078 
f 2327//3073 2325//3071 2328//3074 
f 2324//3070 2328//3074 2325//3071 
f 2321//3068 2315//3063 2317//3063 
f 2316//3064 2311//3059 2310//3059 
f 2312//3060 2306//3055 2305//3054 
f 2307//3056 2299//3049 2301//3049 
f 2300//3050 2296//3046 2293//3043 
f 2291//3041 2485//3275 2289//3039 
f 2281//3031 2276//3026 2279//3029 
f 2274//3024 2270//3021 2272//3021 
f 2269//3020 2266//3018 2267//3018 
f 2264//3016 2259//3011 2262//3014 
f 2260//3012 2254//3006 2258//3010 
f 2257//3009 2248//3000 2252//3004 
f 2253//3005 2243//2995 2246//2998 
f 2247//2999 2239//2991 2241//2993 
f 2242//2994 2231//2983 2237//2989 
f 2233//2985 2237//2989 2231//2983 
f 2227//2979 2234//2986 2225//2977 
f 2224//2976 2228//2980 2221//2973 
f 2218//2970 2219//2971 2215//2967 
f 2211//2963 2213//2965 2209//2961 
f 2206//2958 2207//2959 2203//2955 
f 2200//2952 2201//2953 2198//2950 
f 2196//2948 2199//2951 2195//2947 
f 2189//2942 2193//2944 2191//2944 
f 2185//2938 2190//2943 2186//2939 
f 2180//2933 2184//2937 2178//2931 
f 2176//2929 2182//2935 2174//2927 
f 2170//2924 2168//2923 2169//2923 
f 2166//2921 2164//2919 2165//2920 
f 2162//2917 2161//2916 2160//2915 
f 2158//2913 2156//2912 2157//2912 
f 2154//2910 2153//2909 2152//2908 
f 2150//2906 2149//2905 2148//2904 
f 2146//2902 2141//2897 2145//2901 
f 2144//2900 2140//2896 2134//2890 
f 2132//2888 2569//3451 2137//2893 
o mesh45
f 2482//3561 2490//3561 2638//3561 
f 2638//3561 2639//3561 2482//3561 
o mesh46
f 2581//3561 2592//3561 2640//3561 
f 2640//3561 2641//3561 2581//3561 
o mesh47
f 2494//3562 2642//3562 2643//3562 
f 2643//3562 2483//3562 2494//3562 
o mesh48
f 2593//3562 2644//3562 2645//3562 
f 2645//3562 2570//3562 2593//3562 
o mesh49
f 2638//3563 2646//3563 2647//3564 
f 2639//3564 2647//3564 2648//3565 
f 2640//3566 2649//3566 2650//3567 
f 2641//3567 2650//3567 2651//3568 
f 2646//3563 2498//3569 2497//3570 
f 2646//3563 2638//3563 2498//3569 
f 2638//3563 2486//3571 2500//3572 
f 2500//3572 2499//3573 2638//3563 
f 2638//3563 2489//3574 2486//3571 
f 2638//3563 2487//3575 2489//3574 
f 2499//3573 2498//3569 2638//3563 
f 2638//3563 2488//3576 2487//3575 
f 2638//3563 2490//3577 2488//3576 
f 2652//3578 2497//3570 2496//3579 
f 2496//3579 2653//3580 2652//3578 
f 2654//3581 2501//3582 2503//3583 
f 2653//3580 2502//3584 2501//3582 
f 2501//3582 2654//3581 2653//3580 
f 2654//3581 2505//3585 2504//3586 
f 2504//3586 2655//3587 2654//3581 
f 2655//3587 2507//3588 2506//3589 
f 2506//3589 2656//3590 2655//3587 
f 2656//3590 2509//3591 2508//3592 
f 2508//3592 2657//3593 2656//3590 
f 2657//3593 2511//3594 2510//3595 
f 2510//3595 2658//3596 2657//3593 
f 2658//3596 2513//3597 2512//3598 
f 2512//3598 2659//3599 2658//3596 
f 2660//3600 2514//3601 2518//3602 
f 2659//3599 2515//3603 2514//3601 
f 2514//3601 2660//3600 2659//3599 
f 2660//3600 2517//3604 2516//3605 
f 2516//3605 2661//3606 2660//3600 
f 2516//3605 2521//3607 2661//3606 
f 2661//3606 2520//3608 2519//3609 
f 2519//3609 2662//3610 2661//3606 
f 2519//3609 2524//3611 2662//3610 
f 2662//3610 2523//3612 2522//3613 
f 2522//3613 2663//3614 2662//3610 
f 2522//3613 2527//3615 2663//3614 
f 2664//3616 2526//3617 2525//3618 
f 2525//3618 2665//3619 2664//3616 
f 2664//3616 2663//3614 2526//3617 
f 2525//3618 2530//3620 2665//3619 
f 2666//3621 2528//3622 2533//3623 
f 2665//3619 2529//3624 2528//3622 
f 2528//3622 2666//3621 2665//3619 
f 2667//3625 2531//3626 2536//3627 
f 2667//3625 2666//3621 2532//3628 
f 2532//3628 2531//3626 2667//3625 
f 2668//3629 2538//3630 2537//3631 
f 2668//3629 2534//3632 2538//3630 
f 2668//3629 2667//3625 2535//3633 
f 2535//3633 2534//3632 2668//3629 
f 2669//3634 2539//3635 2541//3636 
f 2669//3634 2668//3629 2540//3637 
f 2540//3637 2539//3635 2669//3634 
f 2670//3638 2542//3639 2544//3640 
f 2670//3638 2669//3634 2543//3641 
f 2543//3641 2542//3639 2670//3638 
f 2671//3642 2545//3643 2547//3644 
f 2671//3642 2670//3638 2546//3645 
f 2546//3645 2545//3643 2671//3642 
f 2672//3646 2671//3642 2549//3647 
f 2549//3647 2548//3648 2672//3646 
f 2548//3648 2550//3649 2672//3646 
f 2673//3650 2672//3646 2551//3651 
f 2551//3651 2552//3652 2673//3650 
f 2674//3653 2673//3650 2554//3654 
f 2554//3654 2553//3655 2674//3653 
f 2675//3656 2674//3653 2555//3657 
f 2555//3657 2556//3658 2675//3656 
f 2676//3659 2675//3656 2557//3660 
f 2557//3660 2558//3661 2676//3659 
f 2677//3662 2676//3659 2560//3663 
f 2560//3663 2559//3664 2677//3662 
f 2678//3665 2677//3662 2562//3666 
f 2562//3666 2561//3667 2678//3665 
f 2651//3568 2583//3668 2584//3669 
f 2584//3669 2585//3670 2651//3568 
f 2651//3568 2566//3671 2583//3668 
f 2585//3670 2580//3672 2651//3568 
f 2580//3672 2579//3673 2651//3568 
f 2579//3673 2578//3674 2651//3568 
f 2651//3568 2563//3675 2565//3676 
f 2565//3676 2567//3677 2651//3568 
f 2651//3568 2678//3665 2564//3678 
f 2564//3678 2563//3675 2651//3568 
f 2567//3677 2566//3671 2651//3568 
f 2649//3566 2435//3679 2434//3680 
f 2649//3566 2640//3566 2435//3679 
f 2640//3566 2577//3681 2435//3679 
f 2640//3566 2590//3682 2577//3681 
f 2640//3566 2586//3683 2588//3684 
f 2640//3566 2587//3685 2586//3683 
f 2640//3566 2592//3686 2587//3685 
f 2588//3684 2591//3687 2640//3566 
f 2591//3687 2590//3682 2640//3566 
f 2679//3688 2434//3680 2437//3689 
f 2437//3689 2680//3690 2679//3688 
f 2437//3689 2432//3691 2680//3690 
f 2680//3690 2428//3692 2431//3693 
f 2431//3693 2681//3694 2680//3690 
f 2681//3694 2425//3695 2424//3696 
f 2424//3696 2682//3697 2681//3694 
f 2683//3698 2418//3699 2416//3700 
f 2682//3697 2421//3701 2418//3699 
f 2418//3699 2683//3698 2682//3697 
f 2683//3698 2415//3702 2414//3703 
f 2414//3703 2684//3704 2683//3698 
f 2684//3704 2409//3705 2412//3706 
f 2412//3706 2685//3707 2684//3704 
f 2685//3707 2405//3708 2408//3709 
f 2408//3709 2686//3710 2685//3707 
f 2686//3710 2402//3711 2401//3712 
f 2401//3712 2687//3713 2686//3710 
f 2401//3712 2399//3714 2687//3713 
f 2687//3713 2398//3715 2397//3716 
f 2397//3716 2688//3717 2687//3713 
f 2397//3716 2393//3718 2688//3717 
f 2688//3717 2389//3719 2388//3720 
f 2388//3720 2689//3721 2688//3717 
f 2388//3720 2390//3722 2689//3721 
f 2689//3721 2383//3723 2382//3724 
f 2382//3724 2690//3725 2689//3721 
f 2382//3724 2384//3726 2690//3725 
f 2690//3725 2378//3727 2377//3728 
f 2377//3728 2691//3729 2690//3725 
f 2377//3728 2380//3730 2691//3729 
f 2380//3730 2374//3731 2691//3729 
f 2691//3729 2370//3732 2373//3733 
f 2373//3733 2692//3734 2691//3729 
f 2373//3733 2369//3735 2692//3734 
f 2693//3736 2364//3737 2361//3738 
f 2693//3736 2692//3734 2366//3739 
f 2366//3739 2364//3737 2693//3736 
f 2694//3740 2358//3741 2357//3742 
f 2694//3740 2693//3736 2360//3743 
f 2360//3743 2358//3741 2694//3740 
f 2695//3744 2353//3745 2351//3746 
f 2695//3744 2694//3740 2354//3747 
f 2354//3747 2353//3745 2695//3744 
f 2696//3748 2346//3749 2342//3750 
f 2696//3748 2695//3744 2348//3751 
f 2348//3751 2346//3749 2696//3748 
f 2697//3752 2343//3753 2336//3754 
f 2697//3752 2696//3748 2341//3755 
f 2341//3755 2343//3753 2697//3752 
f 2698//3756 2697//3752 2335//3757 
f 2335//3757 2339//3758 2698//3756 
f 2699//3759 2329//3760 2328//3761 
f 2699//3759 2698//3756 2332//3762 
f 2332//3762 2329//3760 2699//3759 
f 2700//3763 2699//3759 2324//3764 
f 2324//3764 2322//3765 2700//3763 
f 2701//3766 2700//3763 2319//3767 
f 2319//3767 2317//3768 2701//3766 
f 2702//3769 2701//3766 2314//3770 
f 2314//3770 2310//3771 2702//3769 
f 2703//3772 2702//3769 2309//3773 
f 2309//3773 2305//3774 2703//3772 
f 2704//3775 2703//3772 2304//3776 
f 2304//3776 2301//3777 2704//3775 
f 2648//3565 2294//3778 2295//3779 
f 2648//3565 2292//3780 2294//3778 
f 2295//3779 2289//3781 2648//3565 
f 2289//3781 2484//3782 2648//3565 
f 2648//3565 2293//3783 2292//3780 
f 2648//3565 2704//3775 2298//3784 
f 2298//3784 2293//3783 2648//3565 
f 2484//3782 2481//3785 2648//3565 
f 2481//3785 2480//3786 2648//3565 
f 2480//3786 2482//3787 2648//3565 
f 2301//3777 2298//3784 2704//3775 
f 2305//3774 2304//3776 2703//3772 
f 2310//3771 2309//3773 2702//3769 
f 2317//3768 2314//3770 2701//3766 
f 2322//3765 2319//3767 2700//3763 
f 2328//3761 2324//3764 2699//3759 
f 2339//3758 2332//3762 2698//3756 
f 2336//3754 2335//3757 2697//3752 
f 2342//3750 2341//3755 2696//3748 
f 2351//3746 2348//3751 2695//3744 
f 2357//3742 2354//3747 2694//3740 
f 2361//3738 2360//3743 2693//3736 
f 2369//3735 2366//3739 2692//3734 
f 2374//3731 2370//3732 2691//3729 
f 2384//3726 2378//3727 2690//3725 
f 2390//3722 2383//3723 2689//3721 
f 2393//3718 2389//3719 2688//3717 
f 2399//3714 2398//3715 2687//3713 
f 2408//3709 2402//3711 2686//3710 
f 2412//3706 2405//3708 2685//3707 
f 2414//3703 2409//3705 2684//3704 
f 2416//3700 2415//3702 2683//3698 
f 2424//3696 2421//3701 2682//3697 
f 2431//3693 2425//3695 2681//3694 
f 2432//3691 2428//3692 2680//3690 
f 2434//3680 2679//3688 2649//3566 
f 2578//3674 2581//3788 2651//3568 
f 2561//3667 2564//3678 2678//3665 
f 2559//3664 2562//3666 2677//3662 
f 2558//3661 2560//3663 2676//3659 
f 2556//3658 2557//3660 2675//3656 
f 2553//3655 2555//3657 2674//3653 
f 2552//3652 2554//3654 2673//3650 
f 2550//3649 2551//3651 2672//3646 
f 2547//3644 2549//3647 2671//3642 
f 2544//3640 2546//3645 2670//3638 
f 2541//3636 2543//3641 2669//3634 
f 2537//3631 2540//3637 2668//3629 
f 2536//3627 2535//3633 2667//3625 
f 2533//3623 2532//3628 2666//3621 
f 2530//3620 2529//3624 2665//3619 
f 2527//3615 2526//3617 2663//3614 
f 2524//3611 2523//3612 2662//3610 
f 2521//3607 2520//3608 2661//3606 
f 2518//3602 2517//3604 2660//3600 
f 2512//3598 2515//3603 2659//3599 
f 2510//3595 2513//3597 2658//3596 
f 2508//3592 2511//3594 2657//3593 
f 2506//3589 2509//3591 2656//3590 
f 2504//3586 2507//3588 2655//3587 
f 2503//3583 2505//3585 2654//3581 
f 2496//3579 2502//3584 2653//3580 
f 2497//3570 2652//3578 2646//3563 
f 2651//3568 2581//3788 2641//3567 
f 2650//3567 2641//3567 2640//3566 
f 2648//3565 2482//3787 2639//3564 
f 2647//3564 2639//3564 2638//3563 
o mesh50
f 2705//3789 2665//3789 2666//3789 
f 2666//3789 2667//3789 2705//3789 
f 2667//3789 2668//3789 2705//3789 
f 2668//3789 2669//3789 2705//3789 
f 2669//3789 2670//3789 2705//3789 
f 2670//3789 2671//3789 2705//3789 
f 2671//3789 2672//3789 2705//3789 
f 2672//3789 2673//3789 2705//3789 
f 2673//3789 2674//3789 2705//3789 
f 2674//3789 2675//3789 2705//3789 
f 2675//3789 2676//3789 2705//3789 
f 2676//3789 2677//3789 2705//3789 
f 2677//3789 2678//3789 2705//3789 
f 2678//3789 2651//3789 2705//3789 
f 2651//3789 2650//3789 2705//3789 
f 2650//3789 2649//3789 2705//3789 
f 2649//3789 2679//3789 2705//3789 
f 2679//3789 2680//3789 2705//3789 
f 2680//3789 2681//3789 2705//3789 
f 2681//3789 2682//3789 2705//3789 
f 2682//3789 2683//3789 2705//3789 
f 2683//3789 2684//3789 2705//3789 
f 2684//3789 2685//3789 2705//3789 
f 2685//3789 2686//3789 2705//3789 
f 2686//3789 2687//3789 2705//3789 
f 2687//3789 2688//3789 2705//3789 
f 2688//3789 2689//3789 2705//3789 
f 2689//3789 2690//3789 2705//3789 
f 2690//3789 2691//3789 2705//3789 
f 2691//3789 2692//3789 2705//3789 
f 2692//3789 2693//3789 2705//3789 
f 2693//3789 2694//3789 2705//3789 
f 2694//3789 2695//3789 2705//3789 
f 2695//3789 2696//3789 2705//3789 
f 2696//3789 2697//3789 2705//3789 
f 2697//3789 2698//3789 2705//3789 
f 2698//3789 2699//3789 2705//3789 
f 2699//3789 2700//3789 2705//3789 
f 2700//3789 2701//3789 2705//3789 
f 2701//3789 2702//3789 2705//3789 
f 2702//3789 2703//3789 2705//3789 
f 2703//3789 2704//3789 2705//3789 
f 2704//3789 2648//3789 2705//3789 
f 2648//3789 2647//3789 2705//3789 
f 2647//3789 2646//3789 2705//3789 
f 2646//3789 2652//3789 2705//3789 
f 2652//3789 2653//3789 2705//3789 
f 2653//3789 2654//3789 2705//3789 
f 2654//3789 2655//3789 2705//3789 
f 2655//3789 2656//3789 2705//3789 
f 2656//3789 2657//3789 2705//3789 
f 2657//3789 2658//3789 2705//3789 
f 2658//3789 2659//3789 2705//3789 
f 2659//3789 2660//3789 2705//3789 
f 2660//3789 2661//3789 2705//3789 
f 2661//3789 2662//3789 2705//3789 
f 2662//3789 2663//3789 2705//3789 
f 2663//3789 2664//3789 2705//3789 
f 2664//3789 2665//3789 2705//3789 
o mesh51
f 2494//3790 2706//3790 2707//3791 
f 2642//3791 2707//3791 2708//3792 
f 2593//3793 2709//3793 2710//3794 
f 2644//3794 2710//3794 2711//3795 
f 2712//3796 2279//3797 2278//3798 
f 2712//3796 2287//3799 2286//3800 
f 2712//3796 2283//3801 2285//3802 
f 2285//3802 2287//3799 2712//3796 
f 2286//3800 2279//3797 2712//3796 
f 2712//3796 2284//3803 2283//3801 
f 2706//3790 2494//3790 2493//3804 
f 2493//3804 2712//3796 2706//3790 
f 2493//3804 2288//3805 2712//3796 
f 2288//3805 2284//3803 2712//3796 
f 2712//3796 2277//3806 2272//3807 
f 2272//3807 2713//3808 2712//3796 
f 2714//3809 2267//3810 2262//3811 
f 2713//3808 2271//3812 2267//3810 
f 2267//3810 2714//3809 2713//3808 
f 2714//3809 2261//3813 2258//3814 
f 2258//3814 2715//3815 2714//3809 
f 2715//3815 2256//3816 2252//3817 
f 2252//3817 2716//3818 2715//3815 
f 2716//3818 2250//3819 2246//3820 
f 2246//3820 2717//3821 2716//3818 
f 2717//3821 2245//3822 2241//3823 
f 2241//3823 2718//3824 2717//3821 
f 2718//3824 2238//3825 2237//3826 
f 2237//3826 2719//3827 2718//3824 
f 2719//3827 2233//3828 2232//3829 
f 2232//3829 2720//3830 2719//3827 
f 2232//3829 2234//3831 2720//3830 
f 2720//3830 2227//3832 2226//3833 
f 2226//3833 2721//3834 2720//3830 
f 2226//3833 2228//3835 2721//3834 
f 2228//3835 2224//3836 2721//3834 
f 2721//3834 2220//3837 2219//3838 
f 2219//3838 2722//3839 2721//3834 
f 2219//3838 2218//3840 2722//3839 
f 2722//3839 2214//3841 2213//3842 
f 2213//3842 2723//3843 2722//3839 
f 2213//3842 2211//3844 2723//3843 
f 2723//3843 2208//3845 2207//3846 
f 2207//3846 2724//3847 2723//3843 
f 2207//3846 2206//3848 2724//3847 
f 2725//3849 2201//3850 2200//3851 
f 2724//3847 2202//3852 2201//3850 
f 2201//3850 2725//3849 2724//3847 
f 2726//3853 2725//3849 2197//3854 
f 2197//3854 2199//3855 2726//3853 
f 2199//3855 2196//3856 2726//3853 
f 2727//3857 2193//3858 2189//3859 
f 2727//3857 2726//3853 2194//3860 
f 2194//3860 2193//3858 2727//3857 
f 2728//3861 2185//3862 2184//3863 
f 2728//3861 2190//3864 2185//3862 
f 2728//3861 2727//3857 2188//3865 
f 2188//3865 2190//3864 2728//3861 
f 2729//3866 2179//3867 2182//3868 
f 2729//3866 2728//3861 2180//3869 
f 2180//3869 2179//3867 2729//3866 
f 2730//3870 2729//3866 2176//3871 
f 2176//3871 2175//3872 2730//3870 
f 2175//3872 2172//3873 2730//3870 
f 2731//3874 2730//3870 2171//3875 
f 2171//3875 2169//3876 2731//3874 
f 2732//3877 2731//3874 2167//3878 
f 2167//3878 2165//3879 2732//3877 
f 2733//3880 2732//3877 2163//3881 
f 2163//3881 2160//3882 2733//3880 
f 2734//3883 2733//3880 2159//3884 
f 2159//3884 2157//3885 2734//3883 
f 2735//3886 2734//3883 2155//3887 
f 2155//3887 2152//3888 2735//3886 
f 2736//3889 2735//3886 2151//3890 
f 2151//3890 2148//3891 2736//3889 
f 2737//3892 2736//3889 2147//3893 
f 2147//3893 2145//3894 2737//3892 
f 2145//3894 2143//3895 2737//3892 
f 2645//3896 2137//3897 2568//3898 
f 2645//3896 2138//3899 2137//3897 
f 2645//3896 2711//3795 2136//3900 
f 2136//3900 2135//3901 2645//3896 
f 2135//3901 2139//3902 2645//3896 
f 2711//3795 2134//3903 2133//3904 
f 2711//3795 2737//3892 2142//3905 
f 2142//3905 2134//3903 2711//3795 
f 2133//3904 2136//3900 2711//3795 
f 2139//3902 2138//3899 2645//3896 
f 2738//3906 2598//3907 2601//3908 
f 2738//3906 2597//3909 2596//3910 
f 2596//3910 2598//3907 2738//3906 
f 2738//3906 2595//3911 2594//3912 
f 2594//3912 2597//3909 2738//3906 
f 2738//3906 2599//3913 2595//3911 
f 2709//3793 2593//3793 2589//3914 
f 2589//3914 2738//3906 2709//3793 
f 2589//3914 2582//3915 2738//3906 
f 2582//3915 2599//3913 2738//3906 
f 2738//3906 2600//3916 2602//3917 
f 2602//3917 2739//3918 2738//3906 
f 2740//3919 2603//3920 2605//3921 
f 2739//3918 2604//3922 2603//3920 
f 2603//3920 2740//3919 2739//3918 
f 2740//3919 2607//3923 2606//3924 
f 2606//3924 2741//3925 2740//3919 
f 2741//3925 2609//3926 2608//3927 
f 2608//3927 2742//3928 2741//3925 
f 2742//3928 2611//3929 2610//3930 
f 2610//3930 2743//3931 2742//3928 
f 2743//3931 2613//3932 2612//3933 
f 2612//3933 2744//3934 2743//3931 
f 2744//3934 2615//3935 2614//3936 
f 2614//3936 2745//3937 2744//3934 
f 2745//3937 2617//3938 2616//3939 
f 2616//3939 2746//3940 2745//3937 
f 2616//3939 2618//3941 2746//3940 
f 2746//3940 2620//3942 2619//3943 
f 2619//3943 2747//3944 2746//3940 
f 2619//3943 2621//3945 2747//3944 
f 2621//3945 2624//3946 2747//3944 
f 2747//3944 2623//3947 2622//3948 
f 2622//3948 2748//3949 2747//3944 
f 2622//3948 2627//3950 2748//3949 
f 2748//3949 2626//3951 2625//3952 
f 2625//3952 2749//3953 2748//3949 
f 2625//3952 2630//3954 2749//3953 
f 2750//3955 2628//3956 2633//3957 
f 2749//3953 2629//3958 2628//3956 
f 2628//3956 2750//3955 2749//3953 
f 2750//3955 2632//3959 2631//3960 
f 2631//3960 2751//3961 2750//3955 
f 2631//3960 2441//3962 2751//3961 
f 2752//3963 2439//3964 2444//3965 
f 2752//3963 2753//3966 2440//3967 
f 2440//3967 2439//3964 2752//3963 
f 2753//3966 2751//3961 2440//3967 
f 2754//3968 2442//3969 2447//3970 
f 2754//3968 2752//3963 2443//3971 
f 2443//3971 2442//3969 2754//3968 
f 2755//3972 2449//3973 2448//3974 
f 2755//3972 2445//3975 2449//3973 
f 2755//3972 2754//3968 2446//3976 
f 2446//3976 2445//3975 2755//3972 
f 2756//3977 2450//3978 2452//3979 
f 2756//3977 2755//3972 2451//3980 
f 2451//3980 2450//3978 2756//3977 
f 2757//3981 2756//3977 2455//3982 
f 2455//3982 2454//3983 2757//3981 
f 2454//3983 2453//3984 2757//3981 
f 2758//3985 2757//3981 2457//3986 
f 2457//3986 2456//3987 2758//3985 
f 2759//3988 2758//3985 2459//3989 
f 2459//3989 2458//3990 2759//3988 
f 2760//3991 2759//3988 2461//3992 
f 2461//3992 2460//3993 2760//3991 
f 2761//3994 2760//3991 2463//3995 
f 2463//3995 2462//3996 2761//3994 
f 2762//3997 2761//3994 2465//3998 
f 2465//3998 2464//3999 2762//3997 
f 2763//4000 2762//3997 2466//4001 
f 2466//4001 2467//4002 2763//4000 
f 2764//4003 2763//4000 2469//4004 
f 2469//4004 2468//4005 2764//4003 
f 2468//4005 2470//4006 2764//4003 
f 2643//4007 2476//4008 2479//4009 
f 2643//4007 2477//4010 2476//4008 
f 2643//4007 2708//3792 2475//4011 
f 2475//4011 2474//4012 2643//4007 
f 2708//3792 2472//4013 2473//4014 
f 2708//3792 2764//4003 2471//4015 
f 2471//4015 2472//4013 2708//3792 
f 2473//4014 2475//4011 2708//3792 
f 2474//4012 2478//4016 2643//4007 
f 2478//4016 2477//4010 2643//4007 
f 2479//4009 2483//4017 2643//4007 
f 2470//4006 2471//4015 2764//4003 
f 2467//4002 2469//4004 2763//4000 
f 2464//3999 2466//4001 2762//3997 
f 2462//3996 2465//3998 2761//3994 
f 2460//3993 2463//3995 2760//3991 
f 2458//3990 2461//3992 2759//3988 
f 2456//3987 2459//3989 2758//3985 
f 2453//3984 2457//3986 2757//3981 
f 2452//3979 2455//3982 2756//3977 
f 2448//3974 2451//3980 2755//3972 
f 2447//3970 2446//3976 2754//3968 
f 2444//3965 2443//3971 2752//3963 
f 2441//3962 2440//3967 2751//3961 
f 2633//3957 2632//3959 2750//3955 
f 2630//3954 2629//3958 2749//3953 
f 2627//3950 2626//3951 2748//3949 
f 2624//3946 2623//3947 2747//3944 
f 2618//3941 2620//3942 2746//3940 
f 2614//3936 2617//3938 2745//3937 
f 2612//3933 2615//3935 2744//3934 
f 2610//3930 2613//3932 2743//3931 
f 2608//3927 2611//3929 2742//3928 
f 2606//3924 2609//3926 2741//3925 
f 2605//3921 2607//3923 2740//3919 
f 2602//3917 2604//3922 2739//3918 
f 2601//3908 2600//3916 2738//3906 
f 2568//3898 2570//4018 2645//3896 
f 2143//3895 2142//3905 2737//3892 
f 2148//3891 2147//3893 2736//3889 
f 2152//3888 2151//3890 2735//3886 
f 2157//3885 2155//3887 2734//3883 
f 2160//3882 2159//3884 2733//3880 
f 2165//3879 2163//3881 2732//3877 
f 2169//3876 2167//3878 2731//3874 
f 2172//3873 2171//3875 2730//3870 
f 2182//3868 2176//3871 2729//3866 
f 2184//3863 2180//3869 2728//3861 
f 2189//3859 2188//3865 2727//3857 
f 2196//3856 2194//3860 2726//3853 
f 2200//3851 2197//3854 2725//3849 
f 2206//3848 2202//3852 2724//3847 
f 2211//3844 2208//3845 2723//3843 
f 2218//3840 2214//3841 2722//3839 
f 2224//3836 2220//3837 2721//3834 
f 2234//3831 2227//3832 2720//3830 
f 2237//3826 2233//3828 2719//3827 
f 2241//3823 2238//3825 2718//3824 
f 2246//3820 2245//3822 2717//3821 
f 2252//3817 2250//3819 2716//3818 
f 2258//3814 2256//3816 2715//3815 
f 2262//3811 2261//3813 2714//3809 
f 2272//3807 2271//3812 2713//3808 
f 2278//3798 2277//3806 2712//3796 
f 2711//3795 2645//3896 2644//3794 
f 2710//3794 2644//3794 2593//3793 
f 2708//3792 2643//4007 2642//3791 
f 2707//3791 2642//3791 2494//3790 
o mesh52
f 2765//4019 2752//4019 2754//4019 
f 2754//4019 2755//4019 2765//4019 
f 2755//4019 2756//4019 2765//4019 
f 2756//4019 2757//4019 2765//4019 
f 2757//4019 2758//4019 2765//4019 
f 2758//4019 2759//4019 2765//4019 
f 2759//4019 2760//4019 2765//4019 
f 2760//4019 2761//4019 2765//4019 
f 2761//4019 2762//4019 2765//4019 
f 2762//4019 2763//4019 2765//4019 
f 2763//4019 2764//4019 2765//4019 
f 2764//4019 2708//4019 2765//4019 
f 2708//4019 2707//4019 2765//4019 
f 2707//4019 2706//4019 2765//4019 
f 2706//4019 2712//4019 2765//4019 
f 2712//4019 2713//4019 2765//4019 
f 2713//4019 2714//4019 2765//4019 
f 2714//4019 2715//4019 2765//4019 
f 2715//4019 2716//4019 2765//4019 
f 2716//4019 2717//4019 2765//4019 
f 2717//4019 2718//4019 2765//4019 
f 2718//4019 2719//4019 2765//4019 
f 2719//4019 2720//4019 2765//4019 
f 2720//4019 2721//4019 2765//4019 
f 2721//4019 2722//4019 2765//4019 
f 2722//4019 2723//4019 2765//4019 
f 2723//4019 2724//4019 2765//4019 
f 2724//4019 2725//4019 2765//4019 
f 2725//4019 2726//4019 2765//4019 
f 2726//4019 2727//4019 2765//4019 
f 2727//4019 2728//4019 2765//4019 
f 2728//4019 2729//4019 2765//4019 
f 2729//4019 2730//4019 2765//4019 
f 2730//4019 2731//4019 2765//4019 
f 2731//4019 2732//4019 2765//4019 
f 2732//4019 2733//4019 2765//4019 
f 2733//4019 2734//4019 2765//4019 
f 2734//4019 2735//4019 2765//4019 
f 2735//4019 2736//4019 2765//4019 
f 2736//4019 2737//4019 2765//4019 
f 2737//4019 2711//4019 2765//4019 
f 2711//4019 2710//4019 2765//4019 
f 2710//4019 2709//4019 2765//4019 
f 2709//4019 2738//4019 2765//4019 
f 2738//4019 2739//4019 2765//4019 
f 2739//4019 2740//4019 2765//4019 
f 2740//4019 2741//4019 2765//4019 
f 2741//4019 2742//4019 2765//4019 
f 2742//4019 2743//4019 2765//4019 
f 2743//4019 2744//4019 2765//4019 
f 2744//4019 2745//4019 2765//4019 
f 2745//4019 2746//4019 2765//4019 
f 2746//4019 2747//4019 2765//4019 
f 2747//4019 2748//4019 2765//4019 
f 2748//4019 2749//4019 2765//4019 
f 2749//4019 2750//4019 2765//4019 
f 2750//4019 2751//4019 2765//4019 
f 2751//4019 2753//4019 2765//4019 
f 2753//4019 2752//4019 2765//4019 
o mesh53
f 2766//4020 2767//4021 2768//4020 
f 2768//4020 2769//4022 2766//4020 
f 2768//4020 2770//4022 2769//4022 
f 2771//4023 2770//4022 2772//4023 
f 2772//4023 2773//4024 2771//4023 
f 2771//4023 2769//4022 2770//4022 
f 2774//4025 2775//4024 2776//4025 
f 2776//4025 2777//4026 2774//4025 
f 2774//4025 2773//4024 2775//4024 
f 2778//4027 2779//4026 2780//4027 
f 2780//4027 2781//4028 2778//4027 
f 2780//4027 2782//4028 2781//4028 
f 2783//4029 2782//4028 2784//4029 
f 2784//4029 2785//4030 2783//4029 
f 2784//4029 2786//4030 2785//4030 
f 2787//4031 2786//4030 2788//4031 
f 2788//4031 2789//4032 2787//4031 
f 2788//4031 2790//4032 2789//4032 
f 2791//4033 2790//4032 2792//4033 
f 2792//4033 2793//4034 2791//4033 
f 2791//4033 2789//4032 2790//4032 
f 2794//4035 2795//4034 2796//4035 
f 2796//4035 2797//4036 2794//4035 
f 2794//4035 2793//4034 2795//4034 
f 2798//4037 2799//4036 2800//4037 
f 2800//4037 2801//4038 2798//4037 
f 2800//4037 2802//4038 2801//4038 
f 2803//4039 2802//4038 2804//4039 
f 2804//4039 2805//4040 2803//4039 
f 2803//4039 2801//4038 2802//4038 
f 2806//4041 2807//4040 2808//4041 
f 2808//4041 2809//4042 2806//4041 
f 2806//4041 2805//4040 2807//4040 
f 2810//4043 2811//4042 2812//4043 
f 2812//4043 2813//4044 2810//4043 
f 2812//4043 2814//4044 2813//4044 
f 2815//4045 2814//4044 2816//4045 
f 2816//4045 2817//4046 2815//4045 
f 2815//4045 2813//4044 2814//4044 
f 2818//4047 2819//4046 2820//4047 
f 2820//4047 2821//4048 2818//4047 
f 2820//4047 2822//4048 2821//4048 
f 2822//4048 2823//4049 2824//4049 
f 2825//4050 2824//4049 2823//4049 
f 2823//4049 2826//4050 2825//4050 
f 2827//4051 2828//4052 2829//4051 
f 2829//4051 2826//4050 2827//4051 
f 2827//4051 2830//4052 2828//4052 
f 2831//4053 2832//4054 2833//4053 
f 2833//4053 2830//4052 2831//4053 
f 2833//4053 2828//4052 2830//4052 
f 2834//4055 2835//4056 2836//4055 
f 2836//4055 2837//4057 2834//4055 
f 2834//4055 2838//4056 2835//4056 
f 2839//4058 2840//4059 2841//4058 
f 2841//4058 2838//4056 2839//4058 
f 2841//4058 2835//4056 2838//4056 
f 2842//4060 2843//4061 2844//4060 
f 2844//4060 2845//4062 2842//4060 
f 2844//4060 2840//4059 2845//4062 
f 2846//4063 2847//4064 2848//4063 
f 2848//4063 2849//4065 2846//4063 
f 2848//4063 2843//4061 2849//4065 
f 2850//4066 2851//4067 2852//4066 
f 2852//4066 2853//4068 2850//4066 
f 2852//4066 2847//4064 2853//4068 
f 2320//4069 2326//4070 2851//4067 
f 2318//4071 2320//4069 2854//4072 
f 2854//4072 2855//4073 2318//4071 
f 2851//4067 2854//4072 2320//4069 
f 2313//4074 2315//4075 2856//4076 
f 2856//4076 2857//4077 2313//4074 
f 2315//4075 2321//4078 2856//4076 
f 2857//4077 2858//4079 2313//4074 
f 2308//4080 2311//4081 2858//4079 
f 2858//4079 2859//4082 2308//4080 
f 2311//4081 2316//4083 2858//4079 
f 2859//4082 2860//4084 2308//4080 
f 2860//4084 2302//4085 2306//4086 
f 2303//4087 2302//4085 2860//4084 
f 2860//4084 2861//4088 2303//4087 
f 2861//4088 2862//4089 2303//4087 
f 2306//4086 2312//4090 2860//4084 
f 2297//4091 2299//4092 2862//4089 
f 2862//4089 2863//4093 2297//4091 
f 2299//4092 2307//4094 2862//4089 
f 2863//4093 2864//4095 2297//4091 
f 2864//4095 2290//4096 2296//4097 
f 2291//4098 2290//4096 2864//4095 
f 2864//4095 2865//4099 2291//4098 
f 2865//4099 2866//4100 2291//4098 
f 2296//4097 2300//4101 2864//4095 
f 2866//4100 2491//4102 2485//4103 
f 2492//4104 2491//4102 2866//4100 
f 2866//4100 2867//4105 2492//4104 
f 2867//4105 2868//4106 2492//4104 
f 2868//4106 2280//4107 2282//4108 
f 2282//4108 2495//4109 2868//4106 
f 2280//4107 2868//4106 2869//4110 
f 2869//4110 2281//4111 2280//4107 
f 2869//4110 2870//4112 2281//4111 
f 2870//4112 2275//4113 2276//4114 
f 2273//4115 2870//4112 2871//4116 
f 2871//4116 2274//4117 2273//4115 
f 2871//4116 2872//4118 2274//4117 
f 2273//4115 2275//4113 2870//4112 
f 2872//4118 2268//4119 2270//4120 
f 2268//4119 2872//4118 2873//4121 
f 2873//4121 2269//4122 2268//4119 
f 2873//4121 2874//4123 2269//4122 
f 2266//4124 2874//4123 2875//4125 
f 2875//4125 2265//4126 2266//4124 
f 2875//4125 2876//4127 2265//4126 
f 2876//4127 2264//4128 2263//4129 
f 2263//4129 2265//4126 2876//4127 
f 2876//4127 2260//4130 2259//4131 
f 2254//4132 2876//4127 2877//4133 
f 2877//4133 2255//4134 2254//4132 
f 2254//4132 2260//4130 2876//4127 
f 2877//4133 2878//4135 2255//4134 
f 2248//4136 2878//4135 2879//4137 
f 2879//4137 2249//4138 2248//4136 
f 2248//4136 2257//4139 2878//4135 
f 2879//4137 2880//4140 2249//4138 
f 2880//4140 2253//4141 2251//4142 
f 2243//4143 2880//4140 2881//4144 
f 2881//4144 2244//4145 2243//4143 
f 2881//4144 2882//4146 2244//4145 
f 2243//4143 2253//4141 2880//4140 
f 2239//4147 2882//4146 2883//4148 
f 2883//4148 2240//4149 2239//4147 
f 2883//4148 2884//4150 2240//4149 
f 2239//4147 2247//4151 2882//4146 
f 2885//4152 2235//4153 2231//4154 
f 2231//4154 2884//4150 2885//4152 
f 2231//4154 2242//4155 2884//4150 
f 2885//4152 2886//4156 2235//4153 
f 2887//4157 2229//4158 2225//4159 
f 2225//4159 2886//4156 2887//4157 
f 2225//4159 2236//4160 2886//4156 
f 2236//4160 2235//4153 2886//4156 
f 2888//4161 2230//4162 2229//4158 
f 2888//4161 2222//4163 2221//4164 
f 2221//4164 2230//4162 2888//4161 
f 2229//4158 2889//4165 2888//4161 
f 2890//4166 2223//4167 2222//4163 
f 2890//4166 2216//4168 2215//4169 
f 2215//4169 2223//4167 2890//4166 
f 2222//4163 2891//4170 2890//4166 
f 2892//4171 2210//4172 2209//4173 
f 2209//4173 2893//4174 2892//4171 
f 2209//4173 2217//4175 2893//4174 
f 2217//4175 2216//4168 2893//4174 
f 2894//4176 2204//4177 2203//4178 
f 2203//4178 2895//4179 2894//4176 
f 2203//4178 2212//4180 2895//4179 
f 2212//4180 2210//4172 2895//4179 
f 2896//4181 2198//4182 2897//4182 
f 2897//4182 2198//4182 2205//4183 
f 2205//4183 2898//4184 2897//4182 
f 2205//4183 2204//4177 2898//4184 
f 2899//4185 2896//4181 2900//4186 
f 2900//4186 2901//4187 2899//4185 
f 2902//4188 2899//4185 2903//4189 
f 2903//4189 2904//4190 2902//4188 
f 2905//4191 2902//4188 2906//4192 
f 2906//4192 2907//4193 2905//4191 
f 2908//4194 2905//4191 2909//4195 
f 2909//4195 2910//4196 2908//4194 
f 2911//4197 2908//4194 2912//4198 
f 2912//4198 2913//4199 2911//4197 
f 2914//4200 2911//4197 2915//4201 
f 2915//4201 2916//4202 2914//4200 
f 2917//4203 2914//4200 2918//4204 
f 2918//4204 2919//4205 2917//4203 
f 2920//4206 2917//4203 2921//4207 
f 2921//4207 2922//4208 2920//4206 
f 2923//4209 2920//4206 2924//4210 
f 2924//4210 2925//4211 2923//4209 
f 2926//4212 2923//4209 2927//4213 
f 2927//4213 2928//4214 2926//4212 
f 2929//4215 2926//4212 2930//4216 
f 2930//4216 2931//4217 2929//4215 
f 2932//4218 2929//4215 2933//4219 
f 2933//4219 2934//4220 2932//4218 
f 2935//4221 2932//4218 2936//4222 
f 2936//4222 2937//4223 2935//4221 
f 2938//4224 2935//4221 2939//4225 
f 2939//4225 2940//4226 2938//4224 
f 2940//4226 2767//4021 2938//4224 
f 2937//4223 2939//4225 2935//4221 
f 2934//4220 2936//4222 2932//4218 
f 2931//4217 2933//4219 2929//4215 
f 2928//4214 2930//4216 2926//4212 
f 2925//4211 2927//4213 2923//4209 
f 2922//4208 2924//4210 2920//4206 
f 2919//4205 2921//4207 2917//4203 
f 2916//4202 2918//4204 2914//4200 
f 2913//4199 2915//4201 2911//4197 
f 2910//4196 2912//4198 2908//4194 
f 2907//4193 2909//4195 2905//4191 
f 2904//4190 2906//4192 2902//4188 
f 2901//4187 2903//4189 2899//4185 
f 2897//4182 2900//4186 2896//4181 
f 2894//4176 2898//4184 2204//4177 
f 2892//4171 2895//4179 2210//4172 
f 2890//4166 2893//4174 2216//4168 
f 2888//4161 2891//4170 2222//4163 
f 2887//4157 2889//4165 2229//4158 
f 2242//4155 2240//4149 2884//4150 
f 2247//4151 2244//4145 2882//4146 
f 2251//4142 2249//4138 2880//4140 
f 2257//4139 2255//4134 2878//4135 
f 2259//4131 2264//4128 2876//4127 
f 2266//4124 2269//4122 2874//4123 
f 2270//4120 2274//4117 2872//4118 
f 2276//4114 2281//4111 2870//4112 
f 2495//4109 2492//4104 2868//4106 
f 2485//4103 2291//4098 2866//4100 
f 2300//4101 2297//4091 2864//4095 
f 2307//4094 2303//4087 2862//4089 
f 2312//4090 2308//4080 2860//4084 
f 2316//4083 2313//4074 2858//4079 
f 2321//4078 2318//4071 2856//4076 
f 2855//4073 2856//4076 2318//4071 
f 2850//4066 2854//4072 2851//4067 
f 2846//4063 2853//4068 2847//4064 
f 2842//4060 2849//4065 2843//4061 
f 2839//4058 2845//4062 2840//4059 
f 2836//4055 2832//4054 2837//4057 
f 2831//4053 2837//4057 2832//4054 
f 2829//4051 2825//4050 2826//4050 
f 2824//4049 2821//4048 2822//4048 
f 2818//4047 2817//4046 2819//4046 
f 2816//4045 2819//4046 2817//4046 
f 2810//4043 2809//4042 2811//4042 
f 2808//4041 2811//4042 2809//4042 
f 2804//4039 2807//4040 2805//4040 
f 2798//4037 2797//4036 2799//4036 
f 2796//4035 2799//4036 2797//4036 
f 2792//4033 2795//4034 2793//4034 
f 2787//4031 2785//4030 2786//4030 
f 2783//4029 2781//4028 2782//4028 
f 2778//4027 2777//4026 2779//4026 
f 2776//4025 2779//4026 2777//4026 
f 2772//4023 2775//4024 2773//4024 
f 2766//4020 2938//4224 2767//4021 
o mesh54
f 2941//4227 2911//4227 2914//4227 
f 2941//4227 2902//4227 2905//4227 
f 2941//4227 2926//4227 2929//4227 
f 2941//4227 2917//4227 2920//4227 
f 2941//4227 2908//4227 2911//4227 
f 2941//4227 2899//4227 2902//4227 
f 2941//4227 2932//4227 2935//4227 
f 2941//4227 2923//4227 2926//4227 
f 2914//4227 2917//4227 2941//4227 
f 2941//4227 2896//4227 2899//4227 
f 2929//4227 2932//4227 2941//4227 
f 2905//4227 2908//4227 2941//4227 
f 2920//4227 2923//4227 2941//4227 
f 2941//4227 2198//4227 2896//4227 
f 2935//4227 2938//4227 2941//4227 
o mesh55
f 2941//4228 2942//4228 2943//4228 
f 2941//4228 2944//4228 2945//4228 
f 2941//4228 2946//4228 2942//4228 
f 2941//4228 2947//4228 2948//4228 
f 2945//4228 2949//4228 2941//4228 
f 2941//4228 2950//4228 2946//4228 
f 2941//4228 2951//4228 2952//4228 
f 2949//4228 2947//4228 2941//4228 
f 2941//4228 2953//4228 2950//4228 
f 2952//4228 2954//4228 2941//4228 
f 2943//4228 2944//4228 2941//4228 
f 2948//4228 2951//4228 2941//4228 
f 2941//4228 2955//4228 2953//4228 
f 2941//4228 2938//4228 2955//4228 
f 2954//4228 2574//4228 2941//4228 
o mesh56
f 2941//4229 2161//4229 2162//4229 
f 2941//4229 2156//4229 2158//4229 
f 2941//4229 2164//4229 2166//4229 
f 2158//4229 2161//4229 2941//4229 
f 2941//4229 2168//4229 2170//4229 
f 2162//4229 2164//4229 2941//4229 
f 2941//4229 2173//4229 2177//4229 
f 2166//4229 2168//4229 2941//4229 
f 2170//4229 2173//4229 2941//4229 
f 2941//4229 2153//4229 2154//4229 
f 2941//4229 2178//4229 2183//4229 
f 2941//4229 2174//4229 2181//4229 
f 2154//4229 2156//4229 2941//4229 
f 2941//4229 2149//4229 2150//4229 
f 2941//4229 2141//4229 2146//4229 
f 2941//4229 2140//4229 2144//4229 
f 2941//4229 2186//4229 2187//4229 
f 2181//4229 2178//4229 2941//4229 
f 2150//4229 2153//4229 2941//4229 
f 2144//4229 2141//4229 2941//4229 
f 2183//4229 2186//4229 2941//4229 
f 2146//4229 2149//4229 2941//4229 
f 2177//4229 2174//4229 2941//4229 
f 2941//4229 2569//4229 2132//4229 
f 2941//4229 2191//4229 2192//4229 
f 2132//4229 2140//4229 2941//4229 
f 2192//4229 2195//4229 2941//4229 
f 2941//4229 2574//4229 2569//4229 
f 2187//4229 2191//4229 2941//4229 
f 2195//4229 2198//4229 2941//4229 
o mesh57
f 2955//4230 2956//4230 2957//4231 
f 2953//4231 2957//4231 2958//4232 
f 2950//4232 2958//4232 2959//4233 
f 2946//4233 2959//4233 2960//4234 
f 2942//4234 2960//4234 2961//4235 
f 2943//4235 2961//4235 2962//4236 
f 2944//4236 2962//4236 2963//4237 
f 2945//4237 2963//4237 2964//4238 
f 2949//4238 2964//4238 2965//4239 
f 2947//4239 2965//4239 2966//4240 
f 2948//4240 2966//4240 2967//4241 
f 2951//4241 2967//4241 2968//4242 
f 2952//4242 2968//4242 2969//4243 
f 2954//4243 2969//4243 2970//4244 
f 2956//4230 2955//4230 2766//4245 
f 2955//4230 2938//4246 2766//4245 
f 2971//4245 2766//4245 2769//4247 
f 2769//4247 2972//4248 2971//4245 
f 2972//4248 2771//4248 2773//4249 
f 2773//4249 2973//4250 2972//4248 
f 2973//4250 2774//4250 2777//4251 
f 2777//4251 2974//4252 2973//4250 
f 2974//4252 2778//4252 2781//4253 
f 2781//4253 2975//4254 2974//4252 
f 2975//4254 2783//4254 2785//4255 
f 2785//4255 2976//4256 2975//4254 
f 2976//4256 2787//4256 2789//4257 
f 2789//4257 2977//4258 2976//4256 
f 2977//4258 2791//4258 2793//4259 
f 2793//4259 2978//4260 2977//4258 
f 2978//4260 2794//4260 2797//4261 
f 2797//4261 2979//4262 2978//4260 
f 2979//4262 2798//4262 2801//4263 
f 2801//4263 2980//4264 2979//4262 
f 2980//4264 2803//4264 2805//4265 
f 2805//4265 2981//4266 2980//4264 
f 2981//4266 2806//4266 2809//4267 
f 2809//4267 2982//4268 2981//4266 
f 2982//4268 2810//4268 2813//4269 
f 2813//4269 2983//4270 2982//4268 
f 2983//4270 2815//4270 2817//4271 
f 2817//4271 2984//4272 2983//4270 
f 2984//4272 2818//4272 2821//4273 
f 2821//4273 2985//4274 2984//4272 
f 2986//4275 2985//4274 2824//4274 
f 2824//4274 2825//4276 2986//4275 
f 2987//4277 2986//4275 2829//4278 
f 2829//4278 2828//4279 2987//4277 
f 2988//4280 2987//4277 2833//4281 
f 2833//4281 2832//4282 2988//4280 
f 2989//4283 2988//4280 2836//4284 
f 2836//4284 2835//4285 2989//4283 
f 2990//4286 2989//4283 2841//4287 
f 2841//4287 2840//4288 2990//4286 
f 2991//4289 2990//4286 2844//4290 
f 2844//4290 2843//4291 2991//4289 
f 2992//4292 2991//4289 2848//4293 
f 2848//4293 2847//4294 2992//4292 
f 2851//4295 2326//4296 2323//4297 
f 2993//4298 2992//4292 2852//4299 
f 2852//4299 2851//4295 2993//4298 
f 2993//4298 2323//4297 2325//4300 
f 2325//4300 2994//4301 2993//4298 
f 2994//4301 2327//4302 2330//4303 
f 2330//4303 2995//4304 2994//4301 
f 2996//4305 2333//4306 2338//4307 
f 2995//4304 2331//4308 2333//4306 
f 2333//4306 2996//4305 2995//4304 
f 2996//4305 2334//4309 2337//4310 
f 2337//4310 2997//4311 2996//4305 
f 2337//4310 2345//4312 2997//4311 
f 2997//4311 2340//4313 2344//4314 
f 2344//4314 2998//4315 2997//4311 
f 2344//4314 2350//4316 2998//4315 
f 2998//4315 2347//4317 2349//4318 
f 2349//4318 2999//4319 2998//4315 
f 2349//4318 2356//4320 2999//4319 
f 3000//4321 2352//4322 2355//4323 
f 2355//4323 3001//4324 3000//4321 
f 3000//4321 2999//4319 2352//4322 
f 2355//4323 2363//4325 3001//4324 
f 3002//4326 2362//4327 2368//4328 
f 3001//4324 2359//4329 2362//4327 
f 2362//4327 3002//4326 3001//4324 
f 3003//4330 2367//4331 2375//4332 
f 3003//4330 3002//4326 2365//4333 
f 2365//4333 2367//4331 3003//4330 
f 3004//4334 2379//4335 2376//4336 
f 3004//4334 2371//4337 2379//4335 
f 3004//4334 3003//4330 2372//4338 
f 2372//4338 2371//4337 3004//4334 
f 3005//4339 2385//4340 2381//4341 
f 3005//4339 3004//4334 2386//4342 
f 2386//4342 2385//4340 3005//4339 
f 3006//4343 2391//4344 2387//4345 
f 3006//4343 3005//4339 2392//4346 
f 2392//4346 2391//4344 3006//4343 
f 3007//4347 2394//4348 2396//4349 
f 3007//4347 3006//4343 2395//4350 
f 2395//4350 2394//4348 3007//4347 
f 3008//4351 3007//4347 2404//4352 
f 2404//4352 2403//4353 3008//4351 
f 2403//4353 2400//4354 3008//4351 
f 3009//4355 3008//4351 2406//4356 
f 2406//4356 2407//4357 3009//4355 
f 3010//4358 3009//4355 2411//4359 
f 2411//4359 2410//4360 3010//4358 
f 3011//4361 3010//4358 2413//4362 
f 2413//4362 2417//4363 3011//4361 
f 3012//4364 3011//4361 2419//4365 
f 2419//4365 2420//4366 3012//4364 
f 3013//4367 3012//4364 2423//4368 
f 2423//4368 2422//4369 3013//4367 
f 3014//4370 3013//4367 2427//4371 
f 2427//4371 2426//4372 3014//4370 
f 2970//4244 2571//4373 2573//4374 
f 2573//4374 2576//4375 2970//4244 
f 2576//4375 2575//4376 2970//4244 
f 2970//4244 2572//4377 2571//4373 
f 2970//4244 2429//4378 2436//4379 
f 2436//4379 2438//4380 2970//4244 
f 2970//4244 3014//4370 2430//4381 
f 2430//4381 2429//4378 2970//4244 
f 2438//4380 2433//4382 2970//4244 
f 2433//4382 2572//4377 2970//4244 
f 2575//4376 2574//4383 2970//4244 
f 2426//4372 2430//4381 3014//4370 
f 2422//4369 2427//4371 3013//4367 
f 2420//4366 2423//4368 3012//4364 
f 2417//4363 2419//4365 3011//4361 
f 2410//4360 2413//4362 3010//4358 
f 2407//4357 2411//4359 3009//4355 
f 2400//4354 2406//4356 3008//4351 
f 2396//4349 2404//4352 3007//4347 
f 2387//4345 2395//4350 3006//4343 
f 2381//4341 2392//4346 3005//4339 
f 2376//4336 2386//4342 3004//4334 
f 2375//4332 2372//4338 3003//4330 
f 2368//4328 2365//4333 3002//4326 
f 2363//4325 2359//4329 3001//4324 
f 2356//4320 2352//4322 2999//4319 
f 2350//4316 2347//4317 2998//4315 
f 2345//4312 2340//4313 2997//4311 
f 2338//4307 2334//4309 2996//4305 
f 2330//4303 2331//4308 2995//4304 
f 2325//4300 2327//4302 2994//4301 
f 2323//4297 2993//4298 2851//4295 
f 2847//4294 2852//4299 2992//4292 
f 2843//4291 2848//4293 2991//4289 
f 2840//4288 2844//4290 2990//4286 
f 2835//4285 2841//4287 2989//4283 
f 2832//4282 2836//4284 2988//4280 
f 2828//4279 2833//4281 2987//4277 
f 2825//4276 2829//4278 2986//4275 
f 2821//4273 2824//4274 2985//4274 
f 2817//4271 2818//4272 2984//4272 
f 2813//4269 2815//4270 2983//4270 
f 2809//4267 2810//4268 2982//4268 
f 2805//4265 2806//4266 2981//4266 
f 2801//4263 2803//4264 2980//4264 
f 2797//4261 2798//4262 2979//4262 
f 2793//4259 2794//4260 2978//4260 
f 2789//4257 2791//4258 2977//4258 
f 2785//4255 2787//4256 2976//4256 
f 2781//4253 2783//4254 2975//4254 
f 2777//4251 2778//4252 2974//4252 
f 2773//4249 2774//4250 2973//4250 
f 2769//4247 2771//4248 2972//4248 
f 2766//4245 2971//4245 2956//4230 
f 2970//4244 2574//4383 2954//4243 
f 2969//4243 2954//4243 2952//4242 
f 2968//4242 2952//4242 2951//4241 
f 2967//4241 2951//4241 2948//4240 
f 2966//4240 2948//4240 2947//4239 
f 2965//4239 2947//4239 2949//4238 
f 2964//4238 2949//4238 2945//4237 
f 2963//4237 2945//4237 2944//4236 
f 2962//4236 2944//4236 2943//4235 
f 2961//4235 2943//4235 2942//4234 
f 2960//4234 2942//4234 2946//4233 
f 2959//4233 2946//4233 2950//4232 
f 2958//4232 2950//4232 2953//4231 
f 2957//4231 2953//4231 2955//4230 
o mesh58
f 3015//4384 3001//4384 3002//4384 
f 3002//4384 3003//4384 3015//4384 
f 3003//4384 3004//4384 3015//4384 
f 3004//4384 3005//4384 3015//4384 
f 3005//4384 3006//4384 3015//4384 
f 3006//4384 3007//4384 3015//4384 
f 3007//4384 3008//4384 3015//4384 
f 3008//4384 3009//4384 3015//4384 
f 3009//4384 3010//4384 3015//4384 
f 3010//4384 3011//4384 3015//4384 
f 3011//4384 3012//4384 3015//4384 
f 3012//4384 3013//4384 3015//4384 
f 3013//4384 3014//4384 3015//4384 
f 3014//4384 2970//4384 3015//4384 
f 2970//4384 2969//4384 3015//4384 
f 2969//4384 2968//4384 3015//4384 
f 2968//4384 2967//4384 3015//4384 
f 2967//4384 2966//4384 3015//4384 
f 2966//4384 2965//4384 3015//4384 
f 2965//4384 2964//4384 3015//4384 
f 2964//4384 2963//4384 3015//4384 
f 2963//4384 2962//4384 3015//4384 
f 2962//4384 2961//4384 3015//4384 
f 2961//4384 2960//4384 3015//4384 
f 2960//4384 2959//4384 3015//4384 
f 2959//4384 2958//4384 3015//4384 
f 2958//4384 2957//4384 3015//4384 
f 2957//4384 2956//4384 3015//4384 
f 2956//4384 2971//4384 3015//4384 
f 2971//4384 2972//4384 3015//4384 
f 2972//4384 2973//4384 3015//4384 
f 2973//4384 2974//4384 3015//4384 
f 2974//4384 2975//4384 3015//4384 
f 2975//4384 2976//4384 3015//4384 
f 2976//4384 2977//4384 3015//4384 
f 2977//4384 2978//4384 3015//4384 
f 2978//4384 2979//4384 3015//4384 
f 2979//4384 2980//4384 3015//4384 
f 2980//4384 2981//4384 3015//4384 
f 2981//4384 2982//4384 3015//4384 
f 2982//4384 2983//4384 3015//4384 
f 2983//4384 2984//4384 3015//4384 
f 2984//4384 2985//4384 3015//4384 
f 2985//4384 2986//4384 3015//4384 
f 2986//4384 2987//4384 3015//4384 
f 2987//4384 2988//4384 3015//4384 
f 2988//4384 2989//4384 3015//4384 
f 2989//4384 2990//4384 3015//4384 
f 2990//4384 2991//4384 3015//4384 
f 2991//4384 2992//4384 3015//4384 
f 2992//4384 2993//4384 3015//4384 
f 2993//4384 2994//4384 3015//4384 
f 2994//4384 2995//4384 3015//4384 
f 2995//4384 2996//4384 3015//4384 
f 2996//4384 2997//4384 3015//4384 
f 2997//4384 2998//4384 3015//4384 
f 2998//4384 2999//4384 3015//4384 
f 2999//4384 3000//4384 3015//4384 
f 3000//4384 3001//4384 3015//4384 
o mesh59
f 3016//4385 3017//4385 3018//4386 
f 3019//4386 3018//4386 3020//4387 
f 3021//4387 3020//4387 3022//4388 
f 3023//4388 3022//4388 3024//4389 
f 3025//4389 3024//4389 3026//4390 
f 3027//4390 3026//4390 3028//4391 
f 3029//4391 3028//4391 3030//4392 
f 3031//4392 3030//4392 3032//4393 
f 3033//4393 3032//4393 3034//4394 
f 3035//4394 3034//4394 3036//4395 
f 3037//4395 3036//4395 3038//4396 
f 3039//4396 3038//4396 3040//4397 
f 3041//4397 3040//4397 3042//4398 
f 3043//4398 3042//4398 3044//4399 
f 3045//4399 3044//4399 3046//4400 
f 3047//4400 3046//4400 3048//4401 
f 3049//4401 3048//4401 3050//4402 
f 3051//4402 3050//4402 3052//4403 
f 3053//4403 3052//4403 3054//4404 
f 3055//4404 3054//4404 3056//4405 
f 3057//4405 3056//4405 3058//4406 
f 3059//4406 3058//4406 3060//4407 
f 3061//4407 3060//4407 3062//4408 
f 3063//4408 3062//4408 3064//4409 
f 3065//4409 3064//4409 3066//4410 
f 3067//4410 3066//4410 3068//4411 
f 3069//4411 3068//4411 3070//4412 
f 3071//4412 3070//4412 3072//4413 
f 3073//4414 2940//4414 2939//4415 
f 2939//4415 3074//4416 3073//4414 
f 3074//4416 2937//4416 2936//4417 
f 2936//4417 3075//4418 3074//4416 
f 3075//4418 2934//4418 2933//4419 
f 2933//4419 3076//4420 3075//4418 
f 3076//4420 2931//4420 2930//4421 
f 2930//4421 3077//4422 3076//4420 
f 3077//4422 2928//4422 2927//4423 
f 2927//4423 3078//4424 3077//4422 
f 3078//4424 2925//4424 2924//4425 
f 2924//4425 3079//4426 3078//4424 
f 3079//4426 2922//4426 2921//4427 
f 2921//4427 3080//4428 3079//4426 
f 3080//4428 2919//4428 2918//4429 
f 2918//4429 3081//4430 3080//4428 
f 3081//4430 2916//4430 2915//4431 
f 2915//4431 3082//4432 3081//4430 
f 3082//4432 2913//4432 2912//4433 
f 2912//4433 3083//4434 3082//4432 
f 3083//4434 2910//4434 2909//4435 
f 2909//4435 3084//4436 3083//4434 
f 3084//4436 2907//4436 2906//4437 
f 2906//4437 3085//4438 3084//4436 
f 3085//4438 2904//4438 2903//4439 
f 2903//4439 3086//4440 3085//4438 
f 3086//4440 2901//4440 2900//4441 
f 2900//4441 3087//4442 3086//4440 
f 3088//4443 3087//4442 2897//4442 
f 2897//4442 2898//4444 3088//4443 
f 3089//4445 3088//4443 2894//4446 
f 2894//4446 2895//4447 3089//4445 
f 3090//4448 3089//4445 2892//4449 
f 2892//4449 2893//4450 3090//4448 
f 3091//4451 3090//4448 2890//4452 
f 2890//4452 2891//4453 3091//4451 
f 3092//4454 3091//4451 2888//4455 
f 2888//4455 2889//4456 3092//4454 
f 3093//4457 3092//4454 2887//4458 
f 2887//4458 2886//4459 3093//4457 
f 3094//4460 3093//4457 2885//4461 
f 2885//4461 2884//4462 3094//4460 
f 3095//4463 3094//4460 2883//4464 
f 2883//4464 2882//4465 3095//4463 
f 3096//4466 3095//4463 2881//4467 
f 2881//4467 2880//4468 3096//4466 
f 3097//4469 3096//4466 2879//4470 
f 2879//4470 2878//4471 3097//4469 
f 3098//4472 3097//4469 2877//4473 
f 2877//4473 2876//4474 3098//4472 
f 3099//4475 3098//4472 2875//4476 
f 2875//4476 2874//4477 3099//4475 
f 3100//4478 3099//4475 2873//4479 
f 2873//4479 2872//4480 3100//4478 
f 3101//4481 3100//4478 2871//4482 
f 2871//4482 2870//4483 3101//4481 
f 3017//4385 3016//4385 2868//4484 
f 2868//4484 3102//4485 3103//4484 
f 2868//4484 3103//4484 3017//4385 
f 3016//4385 3104//4484 2869//4485 
f 2869//4485 2868//4484 3016//4385 
f 3104//4484 3101//4481 2869//4485 
f 3102//4485 2867//4485 2866//4486 
f 2866//4486 3105//4487 3102//4485 
f 3105//4487 2865//4487 2864//4488 
f 2864//4488 3106//4489 3105//4487 
f 3106//4489 2863//4489 2862//4490 
f 2862//4490 3107//4491 3106//4489 
f 3107//4491 2861//4491 2860//4492 
f 2860//4492 3108//4493 3107//4491 
f 3108//4493 2859//4493 2858//4494 
f 2858//4494 3109//4495 3108//4493 
f 3109//4495 2857//4495 2856//4496 
f 2856//4496 3110//4497 3109//4495 
f 3110//4497 2855//4497 2854//4498 
f 2854//4498 3111//4499 3110//4497 
f 3111//4499 2850//4499 2853//4500 
f 2853//4500 3112//4501 3111//4499 
f 3112//4501 2846//4501 2849//4502 
f 2849//4502 3113//4503 3112//4501 
f 3113//4503 2842//4503 2845//4504 
f 2845//4504 3114//4505 3113//4503 
f 3114//4505 2839//4505 2838//4506 
f 2838//4506 3115//4507 3114//4505 
f 3115//4507 2834//4507 2837//4508 
f 2837//4508 3116//4509 3115//4507 
f 3116//4509 2831//4509 2830//4510 
f 2830//4510 3117//4511 3116//4509 
f 3117//4511 2827//4511 2826//4512 
f 2826//4512 3118//4513 3117//4511 
f 3119//4514 3118//4513 2823//4513 
f 2823//4513 2822//4515 3119//4514 
f 3120//4516 3119//4514 2820//4517 
f 2820//4517 2819//4518 3120//4516 
f 3121//4519 3120//4516 2816//4520 
f 2816//4520 2814//4521 3121//4519 
f 3122//4522 3121//4519 2812//4523 
f 2812//4523 2811//4524 3122//4522 
f 3123//4525 3122//4522 2808//4526 
f 2808//4526 2807//4527 3123//4525 
f 3124//4528 3123//4525 2804//4529 
f 2804//4529 2802//4530 3124//4528 
f 3125//4531 3124//4528 2800//4532 
f 2800//4532 2799//4533 3125//4531 
f 3126//4534 3125//4531 2796//4535 
f 2796//4535 2795//4536 3126//4534 
f 3127//4537 3126//4534 2792//4538 
f 2792//4538 2790//4539 3127//4537 
f 3128//4540 3127//4537 2788//4541 
f 2788//4541 2786//4542 3128//4540 
f 3129//4543 3128//4540 2784//4544 
f 2784//4544 2782//4545 3129//4543 
f 3130//4546 3129//4543 2780//4547 
f 2780//4547 2779//4548 3130//4546 
f 3131//4549 3130//4546 2776//4550 
f 2776//4550 2775//4551 3131//4549 
f 3132//4552 3131//4549 2772//4553 
f 2772//4553 2770//4554 3132//4552 
f 3133//4555 3072//4413 2767//4556 
f 2767//4556 3073//4414 3133//4555 
f 3072//4413 3132//4552 2768//4557 
f 2768//4557 2767//4556 3072//4413 
f 2767//4556 2940//4414 3073//4414 
f 2770//4554 2768//4557 3132//4552 
f 2775//4551 2772//4553 3131//4549 
f 2779//4548 2776//4550 3130//4546 
f 2782//4545 2780//4547 3129//4543 
f 2786//4542 2784//4544 3128//4540 
f 2790//4539 2788//4541 3127//4537 
f 2795//4536 2792//4538 3126//4534 
f 2799//4533 2796//4535 3125//4531 
f 2802//4530 2800//4532 3124//4528 
f 2807//4527 2804//4529 3123//4525 
f 2811//4524 2808//4526 3122//4522 
f 2814//4521 2812//4523 3121//4519 
f 2819//4518 2816//4520 3120//4516 
f 2822//4515 2820//4517 3119//4514 
f 2826//4512 2823//4513 3118//4513 
f 2830//4510 2827//4511 3117//4511 
f 2837//4508 2831//4509 3116//4509 
f 2838//4506 2834//4507 3115//4507 
f 2845//4504 2839//4505 3114//4505 
f 2849//4502 2842//4503 3113//4503 
f 2853//4500 2846//4501 3112//4501 
f 2854//4498 2850//4499 3111//4499 
f 2856//4496 2855//4497 3110//4497 
f 2858//4494 2857//4495 3109//4495 
f 2860//4492 2859//4493 3108//4493 
f 2862//4490 2861//4491 3107//4491 
f 2864//4488 2863//4489 3106//4489 
f 2866//4486 2865//4487 3105//4487 
f 2868//4484 2867//4485 3102//4485 
f 2870//4483 2869//4485 3101//4481 
f 2872//4480 2871//4482 3100//4478 
f 2874//4477 2873//4479 3099//4475 
f 2876//4474 2875//4476 3098//4472 
f 2878//4471 2877//4473 3097//4469 
f 2880//4468 2879//4470 3096//4466 
f 2882//4465 2881//4467 3095//4463 
f 2884//4462 2883//4464 3094//4460 
f 2886//4459 2885//4461 3093//4457 
f 2889//4456 2887//4458 3092//4454 
f 2891//4453 2888//4455 3091//4451 
f 2893//4450 2890//4452 3090//4448 
f 2895//4447 2892//4449 3089//4445 
f 2898//4444 2894//4446 3088//4443 
f 2900//4441 2897//4442 3087//4442 
f 2903//4439 2901//4440 3086//4440 
f 2906//4437 2904//4438 3085//4438 
f 2909//4435 2907//4436 3084//4436 
f 2912//4433 2910//4434 3083//4434 
f 2915//4431 2913//4432 3082//4432 
f 2918//4429 2916//4430 3081//4430 
f 2921//4427 2919//4428 3080//4428 
f 2924//4425 2922//4426 3079//4426 
f 2927//4423 2925//4424 3078//4424 
f 2930//4421 2928//4422 3077//4422 
f 2933//4419 2931//4420 3076//4420 
f 2936//4417 2934//4418 3075//4418 
f 2939//4415 2937//4416 3074//4416 
f 3072//4413 3133//4555 3071//4412 
f 3070//4412 3071//4412 3069//4411 
f 3068//4411 3069//4411 3067//4410 
f 3066//4410 3067//4410 3065//4409 
f 3064//4409 3065//4409 3063//4408 
f 3062//4408 3063//4408 3061//4407 
f 3060//4407 3061//4407 3059//4406 
f 3058//4406 3059//4406 3057//4405 
f 3056//4405 3057//4405 3055//4404 
f 3054//4404 3055//4404 3053//4403 
f 3052//4403 3053//4403 3051//4402 
f 3050//4402 3051//4402 3049//4401 
f 3048//4401 3049//4401 3047//4400 
f 3046//4400 3047//4400 3045//4399 
f 3044//4399 3045//4399 3043//4398 
f 3042//4398 3043//4398 3041//4397 
f 3040//4397 3041//4397 3039//4396 
f 3038//4396 3039//4396 3037//4395 
f 3036//4395 3037//4395 3035//4394 
f 3034//4394 3035//4394 3033//4393 
f 3032//4393 3033//4393 3031//4392 
f 3030//4392 3031//4392 3029//4391 
f 3028//4391 3029//4391 3027//4390 
f 3026//4390 3027//4390 3025//4389 
f 3024//4389 3025//4389 3023//4388 
f 3022//4388 3023//4388 3021//4387 
f 3020//4387 3021//4387 3019//4386 
f 3018//4386 3019//4386 3016//4385 
o mesh60
f 3134//4558 3016//4558 3019//4558 
f 3019//4558 3021//4558 3134//4558 
f 3021//4558 3023//4558 3134//4558 
f 3023//4558 3025//4558 3134//4558 
f 3025//4558 3027//4558 3134//4558 
f 3027//4558 3029//4558 3134//4558 
f 3029//4558 3031//4558 3134//4558 
f 3031//4558 3033//4558 3134//4558 
f 3033//4558 3035//4558 3134//4558 
f 3035//4558 3037//4558 3134//4558 
f 3037//4558 3039//4558 3134//4558 
f 3039//4558 3041//4558 3134//4558 
f 3041//4558 3043//4558 3134//4558 
f 3043//4558 3045//4558 3134//4558 
f 3045//4558 3047//4558 3134//4558 
f 3047//4558 3049//4558 3134//4558 
f 3049//4558 3051//4558 3134//4558 
f 3051//4558 3053//4558 3134//4558 
f 3053//4558 3055//4558 3134//4558 
f 3055//4558 3057//4558 3134//4558 
f 3057//4558 3059//4558 3134//4558 
f 3059//4558 3061//4558 3134//4558 
f 3061//4558 3063//4558 3134//4558 
f 3063//4558 3065//4558 3134//4558 
f 3065//4558 3067//4558 3134//4558 
f 3067//4558 3069//4558 3134//4558 
f 3069//4558 3071//4558 3134//4558 
f 3071//4558 3133//4558 3134//4558 
f 3133//4558 3073//4558 3134//4558 
f 3073//4558 3074//4558 3134//4558 
f 3074//4558 3075//4558 3134//4558 
f 3075//4558 3076//4558 3134//4558 
f 3076//4558 3077//4558 3134//4558 
f 3077//4558 3078//4558 3134//4558 
f 3078//4558 3079//4558 3134//4558 
f 3079//4558 3080//4558 3134//4558 
f 3080//4558 3081//4558 3134//4558 
f 3081//4558 3082//4558 3134//4558 
f 3082//4558 3083//4558 3134//4558 
f 3083//4558 3084//4558 3134//4558 
f 3084//4558 3085//4558 3134//4558 
f 3085//4558 3086//4558 3134//4558 
f 3086//4558 3087//4558 3134//4558 
f 3087//4558 3088//4558 3134//4558 
f 3088//4558 3089//4558 3134//4558 
f 3089//4558 3090//4558 3134//4558 
f 3090//4558 3091//4558 3134//4558 
f 3091//4558 3092//4558 3134//4558 
f 3092//4558 3093//4558 3134//4558 
f 3093//4558 3094//4558 3134//4558 
f 3094//4558 3095//4558 3134//4558 
f 3095//4558 3096//4558 3134//4558 
f 3096//4558 3097//4558 3134//4558 
f 3097//4558 3098//4558 3134//4558 
f 3098//4558 3099//4558 3134//4558 
f 3099//4558 3100//4558 3134//4558 
f 3100//4558 3101//4558 3134//4558 
f 3101//4558 3104//4558 3134//4558 
f 3104//4558 3016//4558 3134//4558 
o mesh61
f 3119//4559 3135//4559 3136//4559 
f 3119//4559 3120//4559 3137//4559 
f 3122//4559 3123//4559 3138//4559 
f 3124//4559 3139//4559 3138//4559 
f 3117//4559 3140//4559 3141//4559 
f 3117//4559 3118//4559 3136//4559 
f 3137//4559 3135//4559 3119//4559 
f 3120//4559 3121//4559 3142//4559 
f 3121//4559 3122//4559 3143//4559 
f 3138//4559 3123//4559 3124//4559 
f 3114//4559 3144//4559 3145//4559 
f 3115//4559 3146//4559 3144//4559 
f 3116//4559 3141//4559 3146//4559 
f 3136//4559 3140//4559 3117//4559 
f 3142//4559 3137//4559 3120//4559 
f 3138//4559 3143//4559 3122//4559 
f 3112//4559 3113//4559 3145//4559 
f 3144//4559 3114//4559 3115//4559 
f 3141//4559 3116//4559 3117//4559 
f 3143//4559 3142//4559 3121//4559 
f 3145//4559 3113//4559 3114//4559 
f 3136//4559 3118//4559 3119//4559 
f 3042//4559 3147//4559 3148//4559 
f 3040//4559 3149//4559 3147//4559 
f 3036//4559 3034//4559 3150//4559 
f 3032//4559 3151//4559 3150//4559 
f 3152//4559 3017//4559 3103//4559 
f 3111//4559 3112//4559 3153//4559 
f 3146//4559 3115//4559 3116//4559 
f 3128//4559 3154//4559 3155//4559 
f 3128//4559 3129//4559 3156//4559 
f 3130//4559 3157//4559 3156//4559 
f 3130//4559 3131//4559 3158//4559 
f 3132//4559 3159//4559 3158//4559 
f 3072//4559 3160//4559 3159//4559 
f 3147//4559 3042//4559 3040//4559 
f 3040//4559 3038//4559 3161//4559 
f 3038//4559 3036//4559 3162//4559 
f 3150//4559 3034//4559 3032//4559 
f 3017//4559 3152//4559 3163//4559 
f 3103//4559 3164//4559 3152//4559 
f 3106//4559 3165//4559 3166//4559 
f 3106//4559 3107//4559 3167//4559 
f 3108//4559 3168//4559 3167//4559 
f 3108//4559 3109//4559 3169//4559 
f 3110//4559 3170//4559 3169//4559 
f 3110//4559 3111//4559 3171//4559 
f 3145//4559 3153//4559 3112//4559 
f 3125//4559 3172//4559 3139//4559 
f 3156//4559 3154//4559 3128//4559 
f 3158//4559 3157//4559 3130//4559 
f 3159//4559 3132//4559 3072//4559 
f 3072//4559 3070//4559 3173//4559 
f 3068//4559 3174//4559 3173//4559 
f 3068//4559 3066//4559 3175//4559 
f 3064//4559 3176//4559 3175//4559 
f 3064//4559 3062//4559 3177//4559 
f 3056//4559 3054//4559 3178//4559 
f 3052//4559 3179//4559 3178//4559 
f 3046//4559 3180//4559 3181//4559 
f 3044//4559 3148//4559 3180//4559 
f 3161//4559 3149//4559 3040//4559 
f 3150//4559 3162//4559 3036//4559 
f 3024//4559 3182//4559 3183//4559 
f 3024//4559 3022//4559 3184//4559 
f 3020//4559 3185//4559 3184//4559 
f 3020//4559 3018//4559 3163//4559 
f 3103//4559 3102//4559 3164//4559 
f 3102//4559 3105//4559 3166//4559 
f 3167//4559 3165//4559 3106//4559 
f 3169//4559 3168//4559 3108//4559 
f 3171//4559 3170//4559 3110//4559 
f 3139//4559 3124//4559 3125//4559 
f 3126//4559 3186//4559 3172//4559 
f 3126//4559 3127//4559 3155//4559 
f 3156//4559 3129//4559 3130//4559 
f 3173//4559 3160//4559 3072//4559 
f 3175//4559 3174//4559 3068//4559 
f 3177//4559 3176//4559 3064//4559 
f 3060//4559 3187//4559 3177//4559 
f 3060//4559 3058//4559 3188//4559 
f 3178//4559 3054//4559 3052//4559 
f 3050//4559 3189//4559 3179//4559 
f 3048//4559 3181//4559 3189//4559 
f 3180//4559 3046//4559 3044//4559 
f 3162//4559 3161//4559 3038//4559 
f 3030//4559 3190//4559 3151//4559 
f 3028//4559 3191//4559 3190//4559 
f 3028//4559 3026//4559 3183//4559 
f 3184//4559 3182//4559 3024//4559 
f 3163//4559 3185//4559 3020//4559 
f 3166//4559 3164//4559 3102//4559 
f 3167//4559 3107//4559 3108//4559 
f 3153//4559 3171//4559 3111//4559 
f 3155//4559 3186//4559 3126//4559 
f 3158//4559 3131//4559 3132//4559 
f 3175//4559 3066//4559 3064//4559 
f 3188//4559 3187//4559 3060//4559 
f 3058//4559 3056//4559 3192//4559 
f 3179//4559 3052//4559 3050//4559 
f 3181//4559 3048//4559 3046//4559 
f 3151//4559 3032//4559 3030//4559 
f 3183//4559 3191//4559 3028//4559 
f 3184//4559 3022//4559 3020//4559 
f 3166//4559 3105//4559 3106//4559 
f 3172//4559 3125//4559 3126//4559 
f 3173//4559 3070//4559 3068//4559 
f 3192//4559 3188//4559 3058//4559 
f 3189//4559 3050//4559 3048//4559 
f 3190//4559 3030//4559 3028//4559 
f 3163//4559 3018//4559 3017//4559 
f 3155//4559 3127//4559 3128//4559 
f 3178//4559 3192//4559 3056//4559 
f 3183//4559 3026//4559 3024//4559 
f 3177//4559 3062//4559 3060//4559 
f 3169//4559 3109//4559 3110//4559 
f 3148//4559 3044//4559 3042//4559 
o mesh62
f 3193//4560 3194//4561 3160//4561 
f 3195//4562 3193//4560 3173//4563 
f 3196//4564 3195//4562 3174//4565 
f 3197//4566 3196//4564 3175//4567 
f 3198//4568 3197//4566 3176//4569 
f 3199//4570 3198//4568 3177//4571 
f 3200//4572 3199//4570 3187//4573 
f 3201//4574 3200//4572 3188//4575 
f 3202//4576 3201//4574 3192//4577 
f 3203//4578 3202//4576 3178//4579 
f 3204//4580 3203//4578 3179//4581 
f 3205//4582 3204//4580 3189//4583 
f 3206//4584 3205//4582 3181//4585 
f 3207//4586 3206//4584 3180//4587 
f 3208//4588 3207//4586 3148//4589 
f 3209//4590 3208//4588 3147//4591 
f 3210//4592 3209//4590 3149//4593 
f 3211//4594 3210//4592 3161//4595 
f 3212//4596 3211//4594 3162//4597 
f 3213//4598 3212//4596 3150//4599 
f 3214//4600 3213//4598 3151//4601 
f 3215//4602 3214//4600 3190//4603 
f 3216//4604 3215//4602 3191//4605 
f 3217//4606 3216//4604 3183//4607 
f 3218//4608 3217//4606 3182//4609 
f 3219//4610 3218//4608 3184//4611 
f 3220//4612 3219//4610 3185//4613 
f 3221//4614 3220//4612 3163//4615 
f 3159//4616 3222//4617 3223//4618 
f 3159//4616 3224//4619 3222//4617 
f 3158//4618 3225//4620 3226//4621 
f 3158//4618 3223//4618 3225//4620 
f 3157//4621 3227//4622 3228//4623 
f 3157//4621 3226//4621 3227//4622 
f 3156//4624 3229//4625 3230//4626 
f 3156//4624 3228//4623 3229//4625 
f 3154//4626 3230//4626 3231//4627 
f 3231//4627 3155//4628 3154//4626 
f 3155//4628 3232//4628 3233//4629 
f 3186//4629 3233//4629 3234//4630 
f 3234//4630 3172//4631 3186//4629 
f 3172//4631 3235//4631 3236//4632 
f 3236//4632 3139//4633 3172//4631 
f 3139//4633 3237//4633 3238//4634 
f 3238//4634 3138//4635 3139//4633 
f 3138//4635 3239//4636 3240//4637 
f 3240//4637 3143//4638 3138//4635 
f 3143//4638 3241//4638 3242//4639 
f 3242//4639 3142//4640 3143//4638 
f 3142//4640 3243//4640 3244//4641 
f 3244//4641 3137//4642 3142//4640 
f 3137//4642 3245//4642 3246//4643 
f 3246//4643 3135//4644 3137//4642 
f 3135//4644 3247//4644 3248//4645 
f 3248//4645 3136//4646 3135//4644 
f 3140//4647 3136//4646 3249//4646 
f 3249//4646 3250//4648 3140//4647 
f 3141//4649 3140//4647 3251//4650 
f 3251//4650 3252//4651 3141//4649 
f 3146//4652 3141//4649 3253//4653 
f 3253//4653 3254//4654 3146//4652 
f 3144//4655 3146//4652 3255//4656 
f 3255//4656 3256//4657 3144//4655 
f 3145//4658 3144//4655 3257//4659 
f 3257//4659 3258//4660 3145//4658 
f 3153//4661 3145//4658 3259//4662 
f 3259//4662 3260//4663 3153//4661 
f 3171//4664 3153//4661 3261//4665 
f 3261//4665 3262//4666 3171//4664 
f 3170//4667 3171//4664 3263//4668 
f 3263//4668 3264//4669 3170//4667 
f 3169//4670 3170//4667 3265//4671 
f 3168//4672 3169//4670 3266//4673 
f 3266//4673 3267//4674 3168//4672 
f 3167//4675 3168//4672 3268//4676 
f 3268//4676 3269//4677 3167//4675 
f 3165//4678 3167//4675 3270//4679 
f 3270//4679 3271//4680 3165//4678 
f 3166//4681 3165//4678 3272//4682 
f 3272//4682 3273//4683 3166//4681 
f 3164//4684 3166//4681 3274//4685 
f 3274//4685 3275//4686 3164//4684 
f 3221//4614 3152//4687 3276//4688 
f 3276//4688 3277//4689 3221//4614 
f 3152//4687 3164//4684 3278//4689 
f 3278//4689 3279//4688 3152//4687 
f 3279//4688 3276//4688 3152//4687 
f 3277//4689 3280//4690 3281//4691 
f 3277//4689 3282//4692 3280//4690 
f 3283//4691 3284//4693 3285//4694 
f 3283//4691 3281//4691 3284//4693 
f 3286//4694 3287//4695 3288//4696 
f 3286//4694 3285//4694 3287//4695 
f 3289//4697 3290//4698 3291//4699 
f 3289//4697 3288//4696 3290//4698 
f 3292//4699 3291//4699 3293//4700 
f 3293//4700 3294//4701 3292//4699 
f 3294//4701 3295//4701 3296//4702 
f 3297//4702 3296//4702 3298//4703 
f 3298//4703 3299//4704 3297//4702 
f 3299//4704 3300//4704 3301//4705 
f 3301//4705 3302//4706 3299//4704 
f 3302//4706 3303//4706 3304//4707 
f 3304//4707 3305//4708 3302//4706 
f 3305//4708 3306//4709 3307//4710 
f 3307//4710 3308//4711 3305//4708 
f 3308//4711 3309//4711 3310//4712 
f 3310//4712 3311//4713 3308//4711 
f 3311//4713 3312//4713 3313//4714 
f 3313//4714 3314//4715 3311//4713 
f 3314//4715 3315//4715 3316//4716 
f 3316//4716 3317//4717 3314//4715 
f 3317//4717 3318//4717 3319//4718 
f 3319//4718 3320//4719 3317//4717 
f 3321//4720 3320//4719 3322//4719 
f 3322//4719 3323//4721 3321//4720 
f 3324//4722 3321//4720 3325//4723 
f 3325//4723 3326//4724 3324//4722 
f 3327//4725 3324//4722 3328//4726 
f 3328//4726 3329//4727 3327//4725 
f 3330//4728 3327//4725 3331//4729 
f 3331//4729 3332//4730 3330//4728 
f 3333//4731 3330//4728 3334//4732 
f 3334//4732 3335//4733 3333//4731 
f 3336//4734 3333//4731 3337//4735 
f 3337//4735 3338//4736 3336//4734 
f 3339//4737 3336//4734 3340//4738 
f 3340//4738 3341//4739 3339//4737 
f 3342//4740 3339//4737 3343//4741 
f 3343//4741 3344//4742 3342//4740 
f 3345//4743 3342//4740 3346//4744 
f 3347//4745 3345//4743 3348//4746 
f 3348//4746 3349//4747 3347//4745 
f 3350//4748 3347//4745 3351//4749 
f 3351//4749 3352//4750 3350//4748 
f 3353//4751 3350//4748 3354//4752 
f 3354//4752 3355//4753 3353//4751 
f 3356//4754 3353//4751 3357//4755 
f 3357//4755 3358//4756 3356//4754 
f 3359//4757 3356//4754 3360//4758 
f 3360//4758 3361//4759 3359//4757 
f 3194//4561 3362//4760 3363//4760 
f 3363//4760 3160//4561 3194//4561 
f 3363//4760 3159//4616 3160//4561 
f 3194//4561 3359//4757 3364//4761 
f 3364//4761 3362//4760 3194//4561 
f 3363//4760 3224//4619 3159//4616 
f 3361//4759 3364//4761 3359//4757 
f 3358//4756 3360//4758 3356//4754 
f 3355//4753 3357//4755 3353//4751 
f 3352//4750 3354//4752 3350//4748 
f 3349//4747 3351//4749 3347//4745 
f 3346//4744 3348//4746 3345//4743 
f 3344//4742 3346//4744 3342//4740 
f 3341//4739 3343//4741 3339//4737 
f 3338//4736 3340//4738 3336//4734 
f 3335//4733 3337//4735 3333//4731 
f 3332//4730 3334//4732 3330//4728 
f 3329//4727 3331//4729 3327//4725 
f 3326//4724 3328//4726 3324//4722 
f 3323//4721 3325//4723 3321//4720 
f 3319//4718 3322//4719 3320//4719 
f 3316//4716 3318//4717 3317//4717 
f 3313//4714 3315//4715 3314//4715 
f 3310//4712 3312//4713 3311//4713 
f 3307//4710 3309//4711 3308//4711 
f 3304//4707 3306//4709 3305//4708 
f 3301//4705 3303//4706 3302//4706 
f 3298//4703 3300//4704 3299//4704 
f 3296//4702 3297//4702 3294//4701 
f 3293//4700 3295//4701 3294//4701 
f 3291//4699 3292//4699 3289//4697 
f 3288//4696 3289//4697 3286//4694 
f 3285//4694 3286//4694 3283//4691 
f 3281//4691 3283//4691 3277//4689 
f 3276//4688 3282//4692 3277//4689 
f 3275//4686 3278//4689 3164//4684 
f 3273//4683 3274//4685 3166//4681 
f 3271//4680 3272//4682 3165//4678 
f 3269//4677 3270//4679 3167//4675 
f 3267//4674 3268//4676 3168//4672 
f 3265//4671 3266//4673 3169//4670 
f 3264//4669 3265//4671 3170//4667 
f 3262//4666 3263//4668 3171//4664 
f 3260//4663 3261//4665 3153//4661 
f 3258//4660 3259//4662 3145//4658 
f 3256//4657 3257//4659 3144//4655 
f 3254//4654 3255//4656 3146//4652 
f 3252//4651 3253//4653 3141//4649 
f 3250//4648 3251//4650 3140//4647 
f 3248//4645 3249//4646 3136//4646 
f 3246//4643 3247//4644 3135//4644 
f 3244//4641 3245//4642 3137//4642 
f 3242//4639 3243//4640 3142//4640 
f 3240//4637 3241//4638 3143//4638 
f 3238//4634 3239//4636 3138//4635 
f 3236//4632 3237//4633 3139//4633 
f 3234//4630 3235//4631 3172//4631 
f 3233//4629 3186//4629 3155//4628 
f 3231//4627 3232//4628 3155//4628 
f 3230//4626 3154//4626 3156//4624 
f 3228//4623 3156//4624 3157//4621 
f 3226//4621 3157//4621 3158//4618 
f 3223//4618 3158//4618 3159//4616 
f 3163//4615 3152//4687 3221//4614 
f 3185//4613 3163//4615 3220//4612 
f 3184//4611 3185//4613 3219//4610 
f 3182//4609 3184//4611 3218//4608 
f 3183//4607 3182//4609 3217//4606 
f 3191//4605 3183//4607 3216//4604 
f 3190//4603 3191//4605 3215//4602 
f 3151//4601 3190//4603 3214//4600 
f 3150//4599 3151//4601 3213//4598 
f 3162//4597 3150//4599 3212//4596 
f 3161//4595 3162//4597 3211//4594 
f 3149//4593 3161//4595 3210//4592 
f 3147//4591 3149//4593 3209//4590 
f 3148//4589 3147//4591 3208//4588 
f 3180//4587 3148//4589 3207//4586 
f 3181//4585 3180//4587 3206//4584 
f 3189//4583 3181//4585 3205//4582 
f 3179//4581 3189//4583 3204//4580 
f 3178//4579 3179//4581 3203//4578 
f 3192//4577 3178//4579 3202//4576 
f 3188//4575 3192//4577 3201//4574 
f 3187//4573 3188//4575 3200//4572 
f 3177//4571 3187//4573 3199//4570 
f 3176//4569 3177//4571 3198//4568 
f 3175//4567 3176//4569 3197//4566 
f 3174//4565 3175//4567 3196//4564 
f 3173//4563 3174//4565 3195//4562 
f 3160//4561 3173//4563 3193//4560 
o mesh63
f 3365//4762 3366//4762 3367//4762 
f 3365//4762 3368//4762 3369//4762 
f 3370//4762 3371//4762 3372//4762 
f 3370//4762 3373//4762 3374//4762 
f 3365//4762 3375//4762 3376//4762 
f 3365//4762 3377//4762 3378//4762 
f 3365//4762 3379//4762 3366//4762 
f 3365//4762 3380//4762 3368//4762 
f 3370//4762 3381//4762 3382//4762 
f 3372//4762 3383//4762 3370//4762 
f 3370//4762 3384//4762 3373//4762 
f 3370//4762 3385//4762 3386//4762 
f 3378//4762 3375//4762 3365//4762 
f 3369//4762 3379//4762 3365//4762 
f 3387//4762 3388//4762 3389//4762 
f 3370//4762 3390//4762 3381//4762 
f 3370//4762 3391//4762 3371//4762 
f 3386//4762 3384//4762 3370//4762 
f 3367//4762 3377//4762 3365//4762 
f 3389//4762 3392//4762 3387//4762 
f 3370//4762 3393//4762 3390//4762 
f 3374//4762 3391//4762 3370//4762 
f 3392//4762 3365//4762 3387//4762 
f 3383//4762 3393//4762 3370//4762 
f 3394//4762 3395//4762 3396//4762 
f 3394//4762 3397//4762 3363//4762 
f 3376//4762 3387//4762 3365//4762 
f 3397//4762 3394//4762 3276//4762 
f 3396//4762 3370//4762 3394//4762 
f 3363//4762 3362//4762 3394//4762 
f 3397//4762 3398//4762 3388//4762 
f 3276//4762 3279//4762 3397//4762 
f 3362//4762 3395//4762 3394//4762 
f 3279//4762 3398//4762 3397//4762 
f 3387//4762 3397//4762 3388//4762 
f 3382//4762 3394//4762 3370//4762 
o mesh64
f 3395//4763 3362//4764 3364//4765 
f 3364//4765 3361//4766 3395//4763 
f 3361//4766 3360//4767 3395//4763 
f 3360//4767 3358//4768 3395//4763 
f 3358//4768 3357//4769 3395//4763 
f 3357//4769 3355//4770 3395//4763 
f 3355//4770 3354//4771 3395//4763 
f 3396//4772 3395//4763 3352//4773 
f 3352//4773 3351//4774 3396//4772 
f 3370//4775 3348//4776 3346//4777 
f 3370//4775 3396//4772 3349//4778 
f 3349//4778 3348//4776 3370//4775 
f 3385//4779 3370//4775 3344//4780 
f 3344//4780 3343//4781 3385//4779 
f 3386//4782 3340//4783 3338//4784 
f 3338//4784 3337//4785 3386//4782 
f 3386//4782 3385//4779 3341//4786 
f 3341//4786 3340//4783 3386//4782 
f 3384//4787 3386//4782 3335//4788 
f 3335//4788 3334//4789 3384//4787 
f 3373//4790 3384//4787 3332//4791 
f 3332//4791 3331//4792 3373//4790 
f 3374//4793 3373//4790 3329//4794 
f 3329//4794 3328//4795 3374//4793 
f 3391//4796 3325//4797 3323//4798 
f 3391//4796 3374//4793 3326//4799 
f 3326//4799 3325//4797 3391//4796 
f 3391//4796 3318//4800 3316//4801 
f 3391//4796 3322//4802 3319//4803 
f 3319//4803 3318//4800 3391//4796 
f 3371//4804 3315//4805 3313//4806 
f 3371//4804 3316//4801 3315//4805 
f 3372//4806 3312//4807 3310//4808 
f 3372//4806 3313//4806 3312//4807 
f 3383//4808 3309//4809 3307//4810 
f 3383//4808 3310//4808 3309//4809 
f 3393//4810 3303//4811 3301//4812 
f 3393//4810 3304//4813 3303//4811 
f 3393//4810 3306//4814 3304//4813 
f 3393//4810 3307//4810 3306//4814 
f 3390//4815 3300//4816 3298//4817 
f 3390//4815 3301//4812 3300//4816 
f 3381//4818 3295//4819 3293//4820 
f 3381//4818 3296//4821 3295//4819 
f 3381//4818 3298//4817 3296//4821 
f 3382//4822 3291//4823 3290//4824 
f 3382//4822 3293//4820 3291//4823 
f 3394//4824 3280//4825 3282//4826 
f 3394//4824 3281//4827 3280//4825 
f 3394//4824 3284//4828 3281//4827 
f 3394//4824 3285//4829 3284//4828 
f 3394//4824 3287//4830 3285//4829 
f 3394//4824 3288//4831 3287//4830 
f 3394//4824 3290//4824 3288//4831 
f 3282//4826 3276//4832 3394//4824 
f 3290//4824 3394//4824 3382//4822 
f 3293//4820 3382//4822 3381//4818 
f 3298//4817 3381//4818 3390//4815 
f 3301//4812 3390//4815 3393//4810 
f 3307//4810 3393//4810 3383//4808 
f 3310//4808 3383//4808 3372//4806 
f 3313//4806 3372//4806 3371//4804 
f 3316//4801 3371//4804 3391//4796 
f 3323//4798 3322//4802 3391//4796 
f 3328//4795 3326//4799 3374//4793 
f 3331//4792 3329//4794 3373//4790 
f 3334//4789 3332//4791 3384//4787 
f 3337//4785 3335//4788 3386//4782 
f 3343//4781 3341//4786 3385//4779 
f 3346//4777 3344//4780 3370//4775 
f 3351//4774 3349//4778 3396//4772 
f 3354//4771 3352//4773 3395//4763 
o mesh65
f 3398//4833 3279//4834 3278//4835 
f 3278//4835 3275//4836 3398//4833 
f 3275//4836 3274//4837 3398//4833 
f 3274//4837 3273//4838 3398//4833 
f 3273//4838 3272//4839 3398//4833 
f 3272//4839 3271//4840 3398//4833 
f 3271//4840 3270//4841 3398//4833 
f 3388//4842 3398//4833 3269//4843 
f 3269//4843 3268//4844 3388//4842 
f 3389//4845 3266//4846 3265//4847 
f 3389//4845 3388//4842 3267//4848 
f 3267//4848 3266//4846 3389//4845 
f 3392//4849 3389//4845 3264//4850 
f 3264//4850 3263//4851 3392//4849 
f 3365//4852 3261//4853 3260//4854 
f 3260//4854 3259//4855 3365//4852 
f 3365//4852 3392//4849 3262//4856 
f 3262//4856 3261//4853 3365//4852 
f 3380//4857 3365//4852 3258//4858 
f 3258//4858 3257//4859 3380//4857 
f 3368//4860 3380//4857 3256//4861 
f 3256//4861 3255//4862 3368//4860 
f 3369//4863 3368//4860 3254//4864 
f 3254//4864 3253//4865 3369//4863 
f 3379//4866 3251//4867 3250//4868 
f 3379//4866 3369//4863 3252//4869 
f 3252//4869 3251//4867 3379//4866 
f 3379//4866 3247//4870 3246//4871 
f 3379//4866 3249//4872 3248//4873 
f 3248//4873 3247//4870 3379//4866 
f 3366//4874 3245//4875 3244//4876 
f 3366//4874 3246//4871 3245//4875 
f 3367//4876 3243//4877 3242//4878 
f 3367//4876 3244//4876 3243//4877 
f 3377//4878 3241//4879 3240//4880 
f 3377//4878 3242//4878 3241//4879 
f 3378//4880 3237//4881 3236//4882 
f 3378//4880 3238//4883 3237//4881 
f 3378//4880 3239//4884 3238//4883 
f 3378//4880 3240//4880 3239//4884 
f 3375//4885 3235//4886 3234//4887 
f 3375//4885 3236//4882 3235//4886 
f 3376//4888 3232//4889 3231//4890 
f 3376//4888 3233//4891 3232//4889 
f 3376//4888 3234//4887 3233//4891 
f 3387//4892 3230//4893 3229//4894 
f 3387//4892 3231//4890 3230//4893 
f 3397//4894 3222//4895 3224//4896 
f 3397//4894 3223//4897 3222//4895 
f 3397//4894 3225//4898 3223//4897 
f 3397//4894 3226//4899 3225//4898 
f 3397//4894 3227//4900 3226//4899 
f 3397//4894 3228//4901 3227//4900 
f 3397//4894 3229//4894 3228//4901 
f 3224//4896 3363//4902 3397//4894 
f 3229//4894 3397//4894 3387//4892 
f 3231//4890 3387//4892 3376//4888 
f 3234//4887 3376//4888 3375//4885 
f 3236//4882 3375//4885 3378//4880 
f 3240//4880 3378//4880 3377//4878 
f 3242//4878 3377//4878 3367//4876 
f 3244//4876 3367//4876 3366//4874 
f 3246//4871 3366//4874 3379//4866 
f 3250//4868 3249//4872 3379//4866 
f 3253//4865 3252//4869 3369//4863 
f 3255//4862 3254//4864 3368//4860 
f 3257//4859 3256//4861 3380//4857 
f 3259//4855 3258//4858 3365//4852 
f 3263//4851 3262//4856 3392//4849 
f 3265//4847 3264//4850 3389//4845 
f 3268//4844 3267//4848 3388//4842 
f 3270//4841 3269//4843 3398//4833 
o mesh66
f 3399//4903 3208//4903 3209//4903 
f 3209//4903 3210//4903 3399//4903 
f 3210//4903 3211//4903 3399//4903 
f 3211//4903 3212//4903 3399//4903 
f 3212//4903 3213//4903 3399//4903 
f 3213//4903 3214//4903 3399//4903 
f 3214//4903 3215//4903 3399//4903 
f 3215//4903 3216//4903 3399//4903 
f 3216//4903 3217//4903 3399//4903 
f 3217//4903 3218//4903 3399//4903 
f 3218//4903 3219//4903 3399//4903 
f 3219//4903 3220//4903 3399//4903 
f 3220//4903 3221//4903 3399//4903 
f 3221//4903 3277//4903 3399//4903 
f 3277//4903 3283//4903 3399//4903 
f 3283//4903 3286//4903 3399//4903 
f 3286//4903 3289//4903 3399//4903 
f 3289//4903 3292//4903 3399//4903 
f 3292//4903 3294//4903 3399//4903 
f 3294//4903 3297//4903 3399//4903 
f 3297//4903 3299//4903 3399//4903 
f 3299//4903 3302//4903 3399//4903 
f 3302//4903 3305//4903 3399//4903 
f 3305//4903 3308//4903 3399//4903 
f 3308//4903 3311//4903 3399//4903 
f 3311//4903 3314//4903 3399//4903 
f 3314//4903 3317//4903 3399//4903 
f 3317//4903 3320//4903 3399//4903 
f 3320//4903 3321//4903 3399//4903 
f 3321//4903 3324//4903 3399//4903 
f 3324//4903 3327//4903 3399//4903 
f 3327//4903 3330//4903 3399//4903 
f 3330//4903 3333//4903 3399//4903 
f 3333//4903 3336//4903 3399//4903 
f 3336//4903 3339//4903 3399//4903 
f 3339//4903 3342//4903 3399//4903 
f 3342//4903 3345//4903 3399//4903 
f 3345//4903 3347//4903 3399//4903 
f 3347//4903 3350//4903 3399//4903 
f 3350//4903 3353//4903 3399//4903 
f 3353//4903 3356//4903 3399//4903 
f 3356//4903 3359//4903 3399//4903 
f 3359//4903 3194//4903 3399//4903 
f 3194//4903 3193//4903 3399//4903 
f 3193//4903 3195//4903 3399//4903 
f 3195//4903 3196//4903 3399//4903 
f 3196//4903 3197//4903 3399//4903 
f 3197//4903 3198//4903 3399//4903 
f 3198//4903 3199//4903 3399//4903 
f 3199//4903 3200//4903 3399//4903 
f 3200//4903 3201//4903 3399//4903 
f 3201//4903 3202//4903 3399//4903 
f 3202//4903 3203//4903 3399//4903 
f 3203//4903 3204//4903 3399//4903 
f 3204//4903 3205//4903 3399//4903 
f 3205//4903 3206//4903 3399//4903 
f 3206//4903 3207//4903 3399//4903 
f 3207//4903 3208//4903 3399//4903 
g Part 1
v 0.5588 -0.722626 0.3937 
v 0.5588 -0.519426 0.3937 
v 0.762 -0.519426 0.3937 
v 0.762 -0.722626 0.3937 
v 0.762 -0.519426 0.5969 
v 0.762 -0.722626 0.5969 
v 0.5588 -0.519426 0.5969 
v 0.5588 -0.722626 0.5969 
v 0.7493 -0.722626 0.5842 
v 0.5715 -0.722626 0.5842 
v 0.5715 -0.722626 0.4064 
v 0.7493 -0.722626 0.4064 
v 0.7493 -0.532126 0.4064 
v 0.5715 -0.532126 0.4064 
v 0.7493 -0.532126 0.5842 
v 0.5715 -0.532126 0.5842 
vn 1.36592e-16 -1.38778e-17 -1 
vn 1 -5.856e-23 1.69869e-23 
vn 1.69869e-23 1.38778e-17 1 
vn -1 5.856e-23 -1.69869e-23 
vn -5.856e-23 1 1.38778e-17 
vn 5.856e-23 -1 -1.38778e-17 
vn -1.36592e-16 1.38778e-17 1 
vn -1 5.856e-23 -1.69869e-23 
vn -1.69869e-23 -1.38778e-17 -1 
vn 1 -5.856e-23 1.69869e-23 
vn 5.856e-23 -1 -1.38778e-17 
usemtl 0.615686_0.811765_0.929412_0.000000_0.000000
o mesh67
f 3400//4904 3401//4904 3402//4904 
f 3402//4904 3403//4904 3400//4904 
o mesh68
f 3403//4905 3402//4905 3404//4905 
f 3404//4905 3405//4905 3403//4905 
o mesh69
f 3405//4906 3404//4906 3406//4906 
f 3406//4906 3407//4906 3405//4906 
o mesh70
f 3407//4907 3406//4907 3401//4907 
f 3401//4907 3400//4907 3407//4907 
o mesh71
f 3404//4908 3402//4908 3401//4908 
f 3401//4908 3406//4908 3404//4908 
o mesh72
f 3403//4909 3405//4909 3408//4909 
f 3405//4909 3407//4909 3409//4909 
f 3409//4909 3408//4909 3405//4909 
f 3407//4909 3400//4909 3410//4909 
f 3410//4909 3409//4909 3407//4909 
f 3400//4909 3403//4909 3411//4909 
f 3411//4909 3410//4909 3400//4909 
f 3408//4909 3411//4909 3403//4909 
o mesh73
f 3411//4910 3412//4910 3413//4910 
f 3413//4910 3410//4910 3411//4910 
o mesh74
f 3408//4911 3414//4911 3412//4911 
f 3412//4911 3411//4911 3408//4911 
o mesh75
f 3409//4912 3415//4912 3414//4912 
f 3414//4912 3408//4912 3409//4912 
o mesh76
f 3410//4913 3413//4913 3415//4913 
f 3415//4913 3409//4913 3410//4913 
o mesh77
f 3415//4914 3413//4914 3412//4914 
f 3412//4914 3414//4914 3415//4914 
g Part 1
v 0.0508 1.05006 0.0381 
v 0.0508 0.846864 0.0381 
v -0.1524 0.846864 0.0381 
v -0.1524 1.05006 0.0381 
v -0.1524 0.846864 0.2413 
v -0.1524 1.05006 0.2413 
v 0.0508 0.846864 0.2413 
v 0.0508 1.05006 0.2413 
v -0.1397 1.05006 0.2286 
v 0.0381 1.05006 0.2286 
v 0.0381 1.05006 0.0508 
v -0.1397 1.05006 0.0508 
v -0.1397 0.859564 0.0508 
v 0.0381 0.859564 0.0508 
v -0.1397 0.859564 0.2286 
v 0.0381 0.859564 0.2286 
vn -1.36592e-16 5.30768e-32 -1 
vn -1 3.88578e-16 0 
vn 0 0 1 
vn 1 -3.88578e-16 0 
vn -3.88578e-16 -1 0 
vn 3.88578e-16 1 0 
vn 1.36592e-16 -5.30768e-32 1 
vn 1 -3.88578e-16 0 
vn 0 0 -1 
vn -1 3.88578e-16 0 
vn 3.88578e-16 1 0 
o mesh67
f 3416//4915 3417//4915 3418//4915 
f 3418//4915 3419//4915 3416//4915 
o mesh68
f 3419//4916 3418//4916 3420//4916 
f 3420//4916 3421//4916 3419//4916 
o mesh69
f 3421//4917 3420//4917 3422//4917 
f 3422//4917 3423//4917 3421//4917 
o mesh70
f 3423//4918 3422//4918 3417//4918 
f 3417//4918 3416//4918 3423//4918 
o mesh71
f 3420//4919 3418//4919 3417//4919 
f 3417//4919 3422//4919 3420//4919 
o mesh72
f 3419//4920 3421//4920 3424//4920 
f 3421//4920 3423//4920 3425//4920 
f 3425//4920 3424//4920 3421//4920 
f 3423//4920 3416//4920 3426//4920 
f 3426//4920 3425//4920 3423//4920 
f 3416//4920 3419//4920 3427//4920 
f 3427//4920 3426//4920 3416//4920 
f 3424//4920 3427//4920 3419//4920 
o mesh73
f 3427//4921 3428//4921 3429//4921 
f 3429//4921 3426//4921 3427//4921 
o mesh74
f 3424//4922 3430//4922 3428//4922 
f 3428//4922 3427//4922 3424//4922 
o mesh75
f 3425//4923 3431//4923 3430//4923 
f 3430//4923 3424//4923 3425//4923 
o mesh76
f 3426//4924 3429//4924 3431//4924 
f 3431//4924 3425//4924 3426//4924 
o mesh77
f 3431//4925 3429//4925 3428//4925 
f 3428//4925 3430//4925 3431//4925 
